3 19 76 99 209 295 336 374
9 105 116 124 291 302 350 76
7 20 32 76 110 207 339 355
9 59 76 78 110 222 247 104
19 78 159 168 206 309 380 259
0 48 62 76 154 227 380 246
20 22 59 86 110 306 349 76
9 76 110 119 127 221 295 267
9 76 110 119 186 247 266 189
67 76 79 83 169 331 339 113
40 73 76 150 185 186 331 38
52 76 98 110 202 280 349 20
35 59 209 268 334 339 374 26
9 11 96 105 127 281 330 119
9 55 77 219 255 330 349 228
59 73 76 209 334 339 374 104
0 11 75 110 127 324 327 281
9 51 76 95 219 255 301 35
9 11 127 144 291 302 330 168
9 105 127 197 263 304 341 110
9 15 55 77 98 173 246 255
19 76 99 102 209 210 252 339
9 11 105 127 160 212 229 350
9 59 76 174 206 247 329 222
9 32 76 78 110 128 345 126
76 110 119 186 227 247 326 252
32 76 96 110 119 132 345 50
9 76 119 133 206 266 283 198
19 107 126 146 251 287 326 76
98 120 126 151 221 246 326 76
59 177 185 209 256 286 333 324
49 72 75 85 161 263 327 333
52 98 124 240 246 264 349 211
13 32 95 110 215 346 368 222
31 55 98 110 250 293 349 259
13 32 110 141 250 303 346 75
19 97 118 159 210 309 339 98
40 74 150 173 226 245 370 311
32 52 110 244 250 349 358 175
9 110 178 244 247 339 381 31
36 61 110 128 231 243 293 289
13 20 32 95 110 250 325 239
9 32 110 111 127 189 371 13
19 111 159 173 221 299 382 339
28 46 83 118 230 234 349 311
9 74 104 110 244 247 286 274
98 113 115 223 243 289 349 68
78 98 189 222 293 304 368 257
20 32 95 110 293 325 346 292
48 95 98 189 219 255 314 186
19 209 265 293 336 339 374 76
22 45 98 108 291 314 350 0
7 32 110 244 250 293 323 0
0 19 98 128 142 169 234 210
22 59 86 222 241 330 349 9
9 72 105 110 263 293 315 339
9 98 127 244 251 297 349 200
86 98 127 133 312 349 358 206
19 33 118 159 210 295 306 79
16 46 62 118 234 328 344 368
9 31 74 110 119 247 334 104
0 36 61 110 128 231 289 239
13 20 32 110 177 229 325 293
32 47 88 110 128 189 345 86
11 161 200 215 241 281 327 286
76 95 219 255 265 301 330 173
9 11 127 144 168 291 330 85
9 105 127 197 200 263 301 304
9 15 55 77 98 255 361 173
19 76 99 185 209 210 374 238
9 11 105 127 160 212 350 306
9 11 48 234 312 348 349 176
9 77 98 123 215 234 349 45
9 119 177 186 242 247 303 92
37 81 151 164 234 259 377 380
9 110 127 244 268 371 380 48
9 11 32 47 76 110 128 312
9 76 110 119 186 247 252 267
32 76 96 110 119 283 345 252
9 76 119 133 206 283 286 266
7 19 107 221 324 326 340 312
9 11 96 221 234 243 349 312
18 59 140 209 257 374 383 312
33 75 140 161 189 257 327 334
19 76 110 219 255 265 336 35
9 11 76 127 144 291 330 187
9 34 127 131 197 200 339 240
15 34 55 77 98 259 361 173
19 76 172 209 238 252 334 339
9 11 75 105 127 160 350 200
55 259 265 298 315 334 349 77
37 76 119 186 222 247 303 301
48 50 76 96 110 119 345 252
13 76 119 206 266 286 346 42
45 74 98 123 205 227 259 83
35 53 59 110 209 293 374 252
9 76 110 119 123 189 206 239
34 113 119 123 239 270 272 48
9 119 244 247 303 379 383 189
81 164 168 240 259 272 293 52
15 48 164 234 259 293 349 151
11 184 234 273 306 348 349 96
67 168 169 193 202 221 331 290
15 40 76 150 186 189 349 52
9 52 76 98 202 314 349 280
9 11 105 119 212 256 274 196
19 36 128 189 231 252 345 49
9 11 127 244 247 299 319 50
9 32 76 83 110 128 312 293
9 119 186 247 266 267 326 167
19 69 107 214 217 287 339 111
19 76 81 164 240 252 337 293
9 11 105 160 304 349 361 164
11 48 131 293 312 349 382 55
9 77 98 123 131 293 349 312
11 64 74 92 119 247 328 303
0 67 231 251 331 339 379 166
65 111 151 234 237 293 349 317
11 150 232 257 293 301 349 242
92 119 186 189 247 293 346 76
19 50 128 159 210 349 382 298
40 106 144 164 298 349 358 210
32 35 110 215 250 310 346 304
11 13 32 61 110 211 346 167
7 19 76 106 128 296 298 85
25 32 110 124 145 315 346 299
11 32 47 76 110 128 346 312
32 110 119 124 186 211 247 25
14 52 110 154 250 293 349 57
20 41 51 131 132 269 339 250
19 99 138 150 210 238 303 80
71 132 269 291 306 307 311 86
19 52 76 142 210 295 339 168
19 33 52 210 267 339 349 257
67 104 118 246 267 293 331 175
9 110 178 217 247 293 334 244
19 36 52 128 189 217 293 231
11 32 110 141 250 319 371 293
11 13 32 110 293 325 346 375
9 110 111 127 189 214 371 13
19 32 159 250 299 315 326 7
46 61 118 146 230 234 349 76
0 31 74 110 123 247 293 244
189 217 243 250 327 349 379 373
9 11 49 127 131 286 301 361
19 76 97 98 128 234 339 22
19 47 74 76 110 128 293 264
9 35 119 218 244 311 351 383
32 36 47 110 128 177 351 293
0 47 119 127 218 244 351 364
49 67 76 106 231 351 354 144
19 76 97 138 210 265 336 351
0 46 119 218 244 315 351 270
36 109 128 238 293 336 351 76
0 119 190 218 251 293 294 92
49 76 170 231 245 252 351 238
19 45 109 210 238 300 370 195
45 48 119 218 244 265 315 154
36 64 128 242 270 351 379 293
0 47 87 119 206 293 364 103
9 22 59 86 173 241 266 185
9 76 105 173 240 263 339 227
9 15 34 48 331 339 349 219
9 41 110 119 180 197 306 131
9 76 119 186 247 266 379 51
8 9 76 88 115 223 266 3
59 134 209 214 222 368 374 51
9 11 96 105 119 127 330 175
9 55 77 219 255 330 349 18
76 99 102 110 209 240 374 293
9 11 75 127 177 284 327 315
9 51 76 95 219 255 293 265
9 11 127 144 168 291 330 302
9 105 127 175 197 263 339 45
9 15 55 77 98 173 361 255
19 76 99 102 210 252 265 97
9 11 105 127 160 212 350 38
9 11 48 176 234 312 349 45
9 77 123 234 293 306 349 312
76 92 119 186 242 247 303 9
76 81 151 164 234 240 380 349
15 48 151 164 234 259 349 293
11 37 234 273 306 348 349 380
107 169 214 221 237 239 348 242
151 185 189 221 259 326 338 239
59 177 209 221 225 286 313 78
10 49 72 75 161 225 327 177
76 110 219 238 255 293 336 301
9 11 127 144 187 291 330 85
9 105 127 200 281 334 339 263
15 55 77 98 173 259 293 255
19 209 238 252 293 334 339 172
22 59 86 173 241 330 349 118
9 35 119 127 167 315 371 269
39 113 115 167 187 223 339 112
3 59 78 222 339 356 368 39
32 110 250 266 304 327 380 339
9 32 76 81 110 128 345 185
9 76 110 119 186 247 250 20
9 50 76 110 166 231 351 32
9 119 127 174 247 268 296 306
32 107 110 122 131 166 382 380
19 67 133 143 160 221 266 328
112 173 197 234 311 326 349 161
3 10 19 81 128 241 266 296
9 10 92 119 186 239 247 177
50 107 160 239 243 354 368 24
113 115 205 223 230 243 349 288
59 209 242 267 339 354 374 368
101 105 119 263 273 304 339 381
77 123 255 259 266 288 349 105
35 112 127 154 266 349 355 110
120 146 151 172 278 288 339 112
34 41 74 81 158 185 324 174
9 110 119 122 174 247 257 48
19 107 122 126 160 238 239 354
115 122 187 203 223 239 369 349
49 59 193 209 238 268 374 222
105 122 265 288 291 304 350 264
9 105 119 122 127 146 215 101
18 77 98 122 123 255 259 326
110 122 126 202 217 269 349 0
15 55 98 126 172 331 349 9
22 98 227 301 306 326 350 284
52 110 149 267 349 370 382 222
19 81 97 147 168 171 185 41
9 76 110 200 232 250 355 336
31 107 110 147 160 214 243 176
98 123 243 251 259 284 349 147
19 21 147 171 185 217 300 354
110 119 185 189 206 217 239 214
1 33 67 147 168 246 331 185
52 76 110 185 202 269 349 314
78 172 240 242 348 355 356 339
32 78 110 250 293 327 375 158
9 19 24 41 59 81 147 128
9 110 167 247 250 358 382 317
107 147 160 226 243 314 326 176
9 219 243 255 259 292 326 349
9 110 119 180 229 239 326 250
19 81 147 185 269 328 345 59
9 20 119 230 247 328 334 111
107 147 160 170 220 243 274 328
9 110 182 229 234 292 349 167
9 55 77 115 118 267 349 98
9 29 47 76 127 206 293 250
67 147 162 169 170 331 365 142
38 113 117 151 168 170 215 307
59 78 185 202 217 293 311 288
9 10 110 230 267 291 293 76
7 32 110 239 263 293 375 250
24 41 81 118 147 185 222 38
9 110 196 200 250 274 380 276
19 38 147 160 187 271 277 61
40 72 73 150 257 311 380 290
50 123 150 214 237 349 358 311
76 110 128 198 250 264 336 74
32 76 110 146 168 180 250 362
110 132 231 281 336 354 377 67
9 119 127 175 213 224 371 110
22 39 110 128 176 265 361 198
13 32 76 110 250 293 373 189
2 110 176 190 250 325 375 222
13 31 110 281 308 375 380 244
22 107 110 193 221 271 380 76
36 74 110 132 221 264 266 222
20 32 74 110 250 325 375 76
110 145 244 281 308 355 375 357
19 76 110 210 271 276 357 265
19 76 115 200 214 252 271 224
9 73 110 206 247 329 357 344
36 78 110 189 231 255 265 309
0 1 32 43 80 110 131 22
119 120 176 206 214 326 355 368
32 107 110 200 293 323 326 69
32 95 110 169 198 200 221 326
13 119 189 247 301 379 380 9
84 165 200 220 267 271 277 382
214 242 244 248 274 326 337 173
9 110 119 174 247 324 337 311
36 106 110 222 231 265 337 267
19 21 138 210 238 309 339 9
0 32 53 119 206 265 334 185
32 151 189 233 260 271 326 354
79 177 199 214 242 248 337 233
3 25 46 110 274 311 343 334
36 39 106 222 231 255 297 110
32 39 110 125 250 265 271 104
31 110 244 281 308 355 375 145
19 107 109 238 293 326 339 380
19 84 97 118 128 222 271 210
19 76 82 96 97 128 265 83
9 76 110 178 189 247 326 330
36 72 110 189 231 239 293 214
32 81 110 128 243 293 326 0
74 206 214 252 268 326 368 380
32 69 107 177 214 293 326 15
32 110 221 250 293 326 345 95
9 119 189 247 266 301 379 18
76 110 128 239 250 296 377 103
52 110 131 202 239 250 315 364
0 78 131 146 196 355 364 102
0 8 32 73 110 250 293 327
0 43 86 98 219 255 293 77
8 9 110 119 127 131 250 167
9 119 189 230 247 328 379 86
0 67 76 205 243 293 331 377
8 9 22 86 241 330 349 179
9 127 206 250 288 293 309 146
19 22 197 210 274 277 290 230
34 61 74 96 257 274 286 31
53 105 110 200 274 293 343 145
36 39 52 125 128 239 255 257
19 21 138 238 293 300 380 239
39 119 125 206 274 281 359 32
84 125 146 260 271 277 308 32
61 74 96 193 233 257 324 70
0 64 74 76 105 110 274 39
36 68 125 231 239 255 303 320
32 68 125 128 214 217 293 180
19 24 81 241 266 284 380 296
9 10 92 119 186 239 247 110
24 34 50 107 160 243 368 324
113 115 223 230 243 349 365 288
17 59 78 189 196 290 354 219
101 110 119 266 293 304 355 189
43 120 151 173 288 375 383 186
34 74 81 127 185 295 377 109
9 119 174 218 247 257 337 127
24 107 160 193 238 252 274 322
72 113 115 193 223 227 369 333
78 193 278 334 337 360 368 202
9 17 101 119 127 268 304 110
19 159 210 268 295 321 380 46
59 62 79 241 311 339 374 377
7 10 20 110 189 280 293 12
9 52 125 154 249 297 349 302
9 110 127 200 249 314 349 302
9 17 52 127 202 217 346 257
34 59 78 179 285 339 366 46
110 118 127 152 175 293 327 250
0 22 43 219 227 255 330 86
9 88 119 127 229 250 289 237
19 24 81 119 128 336 345 185
9 111 119 230 247 328 355 270
24 107 148 160 243 274 369 115
127 132 180 237 267 349 358 37
9 119 127 182 229 315 349 197
9 55 77 115 176 326 349 219
9 45 76 127 206 250 293 189
1 81 83 164 169 173 225 234
164 234 251 293 311 349 359 173
19 107 128 160 169 221 239 41
98 151 185 221 223 240 326 310
36 52 76 97 110 250 349 211
68 78 250 301 308 355 383 196
110 177 250 293 301 327 375 78
0 9 77 172 219 255 330 98
9 76 110 127 269 355 371 176
15 68 77 98 154 301 349 150
22 59 98 314 330 332 350 349
9 31 127 266 269 281 317 112
2 19 87 168 210 265 295 90
40 62 73 241 290 311 344 104
46 50 122 274 290 349 359 311
111 123 238 242 290 334 344 177
52 210 217 249 342 349 382 298
59 146 209 246 264 344 374 83
105 110 132 245 266 302 339 184
19 85 114 128 132 169 284 140
40 95 111 150 284 303 344 15
110 154 226 298 314 349 364 292
49 59 78 93 120 314 377 185
0 32 110 152 175 250 382 280
9 17 31 54 127 172 268 381
18 98 131 172 219 255 315 9
9 110 119 127 229 239 366 292
9 35 111 119 230 247 328 86
2 36 48 96 119 293 345 19
85 119 176 197 206 293 370 266
17 19 76 81 164 234 259 349
9 35 105 110 119 164 304 293
19 138 210 265 295 336 382 252
9 119 185 189 206 266 377 225
78 172 265 272 301 339 369 98
9 11 127 144 281 291 338 298
11 122 127 144 291 301 350 9
9 68 110 127 146 175 289 304
22 98 172 214 272 314 326 104
58 98 257 290 320 326 349 227
52 60 98 127 202 301 349 77
71 98 230 289 307 332 350 326
20 127 144 172 182 291 355 11
110 122 127 140 189 227 230 11
98 127 144 150 176 234 349 182
48 55 149 150 265 301 348 98
37 144 176 293 332 336 350 98
11 110 119 127 137 229 368 9
7 11 90 127 229 243 372 272
7 68 90 105 132 144 372 359
19 210 252 265 295 299 372 246
19 82 161 290 295 344 349 62
19 50 92 210 290 293 349 56
19 20 52 71 217 260 349 110
15 48 55 68 161 217 349 52
23 71 149 209 295 303 374 132
7 31 75 121 189 303 371 12
2 43 55 71 115 259 349 142
59 71 106 209 252 335 374 61
23 71 182 286 291 349 350 133
7 74 76 105 132 146 308 110
19 76 81 128 207 252 265 74
19 31 119 189 206 222 323 1
19 67 132 231 245 268 324 76
19 60 138 210 252 265 336 146
9 45 119 143 168 206 289 190
48 55 77 98 137 149 349 9
0 9 22 59 98 332 350 377
9 72 105 110 263 315 327 177
9 76 92 119 186 234 247 286
9 15 50 76 205 243 259 60
9 52 119 127 144 182 291 124
19 98 131 159 168 295 326 210
52 62 133 227 237 344 349 314
9 76 92 119 186 247 286 110
50 98 115 223 243 272 377 383
2 19 21 127 189 222 272 300
9 110 119 189 206 272 304 267
34 46 67 68 253 272 331 169
40 73 98 150 173 186 272 314
7 98 125 131 297 349 359 154
9 32 110 272 292 304 349 263
59 98 120 209 324 350 374 377
0 8 9 105 189 267 350 377
9 38 105 120 127 292 315 266
8 9 77 98 219 222 255 377
9 95 127 144 172 319 350 174
55 98 115 123 131 147 259 244
9 127 172 190 217 315 350 144
19 81 98 147 164 234 246 217
64 119 164 186 234 247 252 9
28 98 168 234 306 326 349 324
0 168 234 331 344 356 380 265
64 127 144 172 188 189 350 9
0 9 32 110 131 146 250 36
9 38 110 144 172 247 319 124
9 32 38 96 110 119 128 345
9 86 111 119 206 266 377 176
78 98 265 272 301 339 369 172
8 127 144 212 229 291 338 301
11 85 122 127 144 291 350 9
9 110 127 146 175 289 304 269
19 24 81 128 172 214 336 9
9 110 127 196 230 274 343 315
84 107 126 160 252 286 316 214
76 98 115 144 214 234 349 46
0 22 34 98 272 326 349 257
59 102 173 209 241 326 374 136
9 75 105 110 127 137 229 10
10 11 98 105 219 246 255 256
9 119 127 193 330 332 350 381
9 127 146 227 266 281 298 20
9 15 55 77 98 173 259 285
19 81 127 128 265 296 306 269
9 110 127 247 274 315 334 190
7 24 107 160 214 238 316 253
76 81 164 165 217 234 265 256
48 55 115 164 234 259 349 37
59 164 209 265 268 339 374 49
49 105 119 127 301 304 350 101
9 101 105 120 127 315 382 12
9 84 123 127 137 229 286 317
11 127 182 256 260 286 349 98
55 77 98 115 227 259 349 293
59 109 127 209 238 265 293 267
49 75 105 206 227 267 350 173
98 107 169 183 220 221 331 104
36 77 98 115 217 221 349 193
18 49 59 98 209 339 374 136
105 146 193 286 291 330 350 308
58 98 244 290 315 326 349 112
20 52 60 98 202 301 349 326
71 98 230 307 326 332 350 289
19 81 128 146 265 291 372 324
9 85 127 144 182 247 291 110
19 107 143 160 293 316 324 97
7 110 127 175 230 243 315 221
2 19 111 168 210 252 295 275
19 40 73 161 210 286 290 295
20 32 52 110 217 250 349 19
31 46 59 71 225 339 374 79
10 20 105 120 132 200 307 110
43 68 77 98 154 255 259 45
59 167 172 209 265 339 374 76
7 15 75 80 97 105 350 104
19 31 81 97 207 222 265 128
9 127 144 182 190 247 357 110
36 110 128 166 230 231 265 328
1 13 32 47 110 128 328 264
1 35 119 206 252 294 311 214
9 17 32 76 88 231 328 193
19 20 138 210 252 265 336 52
9 14 119 190 206 240 354 47
17 35 45 109 231 238 245 88
45 109 195 238 245 281 370 278
9 14 45 119 143 206 283 326
32 103 107 143 166 271 340 335
19 125 140 160 200 210 295 90
19 52 59 62 241 311 344 224
7 10 19 20 52 110 280 372
10 20 64 267 286 349 358 98
32 52 76 101 110 267 382 206
9 56 77 98 219 255 339 257
9 11 119 127 172 182 291 144
48 52 55 98 131 150 349 230
78 172 179 185 268 293 348 53
1 32 76 110 154 259 340 78
7 13 32 76 110 170 293 111
19 51 168 210 252 271 295 2
19 40 73 82 210 286 290 62
52 76 93 202 217 250 349 110
46 59 71 225 230 339 374 161
10 105 120 132 269 298 307 110
43 68 77 98 154 255 259 225
9 11 127 144 172 182 291 20
19 36 96 128 131 230 231 110
1 8 19 81 110 128 264 47
1 9 31 206 214 270 294 222
9 19 67 76 231 328 354 268
19 99 138 210 252 265 336 28
9 14 119 175 190 206 240 168
9 17 45 109 170 231 245 88
45 109 195 238 278 281 370 300
9 14 45 119 206 283 326 289
19 72 122 125 210 256 295 70
52 59 62 224 241 311 344 93
9 10 32 110 237 326 327 105
4 10 77 98 161 219 255 328
9 124 127 144 172 182 291 52
97 98 115 131 151 223 239 250
21 97 127 222 300 339 348 230
9 119 127 218 222 230 330 382
19 97 123 159 210 309 380 339
28 46 118 230 234 294 328 39
64 110 119 131 146 186 247 76
19 76 107 210 238 265 309 354
11 36 110 127 221 229 345 286
11 16 127 269 319 350 372 208
23 119 121 131 146 186 247 64
50 76 96 110 119 345 350 32
74 119 206 230 244 266 350 383
19 107 146 219 326 339 379 126
48 98 154 214 259 326 349 186
22 73 98 173 267 306 332 86
68 76 119 131 186 247 295 92
67 76 231 331 333 339 377 383
55 115 154 234 259 311 349 68
9 127 172 188 265 350 372 269
98 131 146 182 280 349 359 350
9 11 119 127 144 146 166 126
81 98 131 147 164 176 234 303
90 119 164 186 234 247 354 64
90 150 168 215 234 326 349 98
0 168 234 331 344 356 380 19
9 11 41 127 189 350 372 45
9 84 110 119 128 146 247 19
19 38 60 76 107 123 379 345
36 128 146 202 231 252 265 60
11 84 127 190 301 319 350 41
9 76 110 119 127 128 146 104
8 64 76 119 146 175 206 326
19 60 107 205 214 221 324 265
19 76 90 210 221 271 295 265
35 59 62 241 290 311 380 52
7 10 19 52 110 290 371 104
10 52 98 132 264 297 349 176
9 110 189 247 286 293 303 76
76 98 133 154 176 243 349 123
22 98 127 327 330 347 349 111
47 81 92 127 232 257 347 330
127 166 232 247 305 329 346 174
107 127 151 160 166 227 232 324
22 98 151 246 270 330 349 17
47 81 127 210 238 257 336 109
127 166 174 227 247 346 347 175
60 84 107 160 252 268 324 64
37 60 98 127 223 297 349 9
19 46 159 168 200 210 295 90
46 74 93 123 133 237 349 86
36 52 110 131 223 326 349 280
59 68 120 209 308 355 374 268
32 68 105 110 127 189 327 102
9 18 77 98 219 255 331 4
19 76 209 210 293 336 374 200
8 9 68 105 118 291 350 22
13 32 110 127 160 194 215 308
19 84 168 210 290 295 326 22
40 73 122 142 241 290 344 242
46 50 72 122 274 290 359 311
111 123 242 290 309 334 344 177
52 134 154 249 250 293 349 172
35 59 172 180 209 339 374 195
7 86 90 116 132 176 351 110
19 85 210 295 305 321 326 168
19 62 182 196 210 344 349 83
74 110 177 189 247 285 286 270
19 36 97 125 128 189 231 91
19 47 80 81 97 127 129 3
18 77 98 131 219 255 326 4
8 9 22 68 291 326 350 289
13 32 110 127 160 194 215 301
19 52 210 271 290 295 326 84
19 82 182 196 210 344 349 62
189 222 247 270 285 286 380 110
19 36 76 128 189 231 252 91
13 19 32 47 81 129 301 110
68 149 166 247 301 305 329 346
6 72 166 174 227 247 305 127
72 174 227 304 305 329 370 6
72 166 174 227 247 305 370 127
19 46 160 189 210 271 272 93
19 40 97 210 286 290 293 272
52 76 154 202 250 293 349 37
20 127 144 150 152 267 296 226
19 65 210 233 271 295 339 268
19 132 210 267 326 349 350 298
104 127 129 247 285 286 293 270
19 36 52 97 125 128 242 129
13 19 32 47 92 97 129 293
68 149 166 247 301 305 329 189
6 72 166 174 227 247 305 152
72 80 174 227 305 329 370 304
72 166 174 227 247 305 370 127
19 160 210 233 271 290 299 293
19 52 110 161 217 266 334 349
113 133 161 189 237 307 326 22
19 47 48 81 97 127 262 265
74 127 166 247 305 329 346 149
19 107 160 166 227 243 331 346
98 108 112 151 243 272 330 72
13 76 127 160 176 189 346 177
19 47 76 81 92 127 189 214
127 166 189 247 305 329 346 174
107 111 127 151 160 227 243 252
98 108 151 227 243 246 330 356
47 81 92 127 129 210 222 326
72 127 166 174 227 247 305 37
19 46 146 159 160 210 377 295
40 150 173 226 280 339 349 200
32 89 110 200 250 293 349 167
59 98 200 209 225 339 374 293
7 13 32 75 110 127 160 323
43 55 89 98 326 339 349 45
89 92 127 134 182 303 366 176
19 99 102 123 238 336 373 37
92 98 119 127 303 306 330 292
3 67 88 98 169 331 377 360
91 98 113 151 234 311 377 197
98 102 122 133 161 312 349 173
39 40 73 76 98 150 186 301
52 76 89 98 127 158 292 272
22 98 127 150 330 348 350 104
47 81 92 127 134 160 330 347
127 166 174 247 301 305 329 206
107 127 151 160 227 289 324 189
98 108 151 270 289 301 330 243
19 47 81 99 138 210 336 238
127 166 170 174 227 247 347 305
67 160 168 169 272 311 331 146
40 98 150 242 272 284 311 60
52 98 113 127 154 227 349 60
22 60 98 307 326 330 350 104
98 118 150 177 232 306 349 230
74 98 133 154 246 306 349 200
47 76 81 92 189 301 323 131
127 166 174 247 305 329 346 301
107 160 166 205 227 339 346 113
15 55 98 131 243 259 339 219
64 110 247 286 293 306 319 346
22 76 98 108 151 243 306 340
47 81 92 127 129 324 339 238
127 166 174 247 306 315 347 329
107 151 160 297 312 331 339 146
0 15 98 129 174 259 347 251
174 190 247 286 293 306 346 273
19 159 168 210 252 268 380 52
15 40 76 83 142 150 349 186
52 98 124 150 226 280 349 353
32 64 110 189 247 286 293 270
32 89 110 168 250 287 346 22
32 47 76 110 111 186 359 168
68 127 166 174 247 329 346 301
34 67 160 189 227 231 339 164
19 32 47 76 107 160 287 189
98 123 211 221 234 326 349 145
45 52 154 223 250 339 349 292
22 76 98 154 173 176 332 257
76 127 177 250 291 292 327 145
77 98 219 246 255 265 289 33
47 76 81 92 127 129 339 324
127 166 174 247 329 346 370 68
107 160 227 243 244 268 339 369
81 98 152 164 183 234 243 76
22 173 212 291 304 332 349 250
9 110 127 189 214 247 286 306
67 76 111 243 252 331 339 19
32 38 110 130 189 250 349 215
48 55 70 123 196 229 349 242
110 127 130 131 266 303 379 230
67 98 169 170 225 331 339 104
0 123 170 234 237 339 349 173
0 52 110 112 217 260 334 230
16 98 113 133 161 237 326 149
22 59 72 209 241 350 374 17
10 80 86 105 189 301 350 225
9 86 98 127 218 330 350 308
9 47 120 127 266 308 379 119
15 77 98 127 219 255 301 105
76 80 127 131 189 215 281 41
52 98 202 217 306 307 349 225
39 47 81 92 127 207 304 80
127 129 166 189 232 305 329 301
107 127 160 189 227 243 289 151
98 108 151 227 243 272 308 72
47 81 92 127 129 222 270 99
72 127 166 174 227 305 347 247
19 22 46 146 159 160 210 168
0 46 62 133 173 237 344 76
10 46 98 118 196 272 306 349
19 99 272 284 323 331 336 1
18 32 110 250 272 299 304 189
22 196 225 256 330 349 350 9
19 90 168 210 265 295 372 266
40 62 73 142 241 290 311 15
46 50 122 274 290 311 359 349
111 123 242 290 309 334 344 177
88 92 107 114 160 170 312 324
55 89 98 173 222 259 349 246
76 102 140 209 214 242 374 252
7 32 75 110 127 160 215 189
110 189 247 276 286 287 301 111
76 77 98 133 154 176 349 243
98 101 111 237 241 248 303 22
2 9 98 232 291 332 350 307
127 144 167 291 330 350 368 98
9 74 127 177 189 212 293 227
13 127 177 194 285 293 346 267
9 79 90 98 176 297 307 145
19 118 159 168 210 242 295 46
15 40 73 150 186 293 349 226
36 52 110 167 280 293 349 175
59 68 111 120 209 339 374 252
32 68 105 110 127 189 327 102
9 18 77 98 219 230 255 293
19 76 97 209 210 336 374 293
8 9 68 105 176 291 350 118
7 32 110 127 160 194 301 13
2 19 84 87 168 210 295 290
40 73 142 241 246 290 344 242
50 122 210 274 290 349 359 72
111 123 134 242 290 334 344 177
52 134 154 249 250 293 349 172
59 172 209 246 278 339 374 180
7 86 90 116 132 249 351 76
7 105 107 132 225 234 382 151
51 70 99 120 150 238 309 230
11 37 86 118 132 269 306 70
19 46 84 142 210 224 295 265
9 11 104 120 127 355 373 256
9 11 110 127 194 224 285 357
94 110 174 178 227 247 285 198
19 25 83 110 128 238 264 216
13 32 110 125 168 176 364 33
76 107 110 193 226 280 336 132
36 46 110 132 198 221 271 74
2 13 110 140 176 285 375 177
19 76 110 200 264 271 355 84
19 115 200 214 224 252 271 296
3 25 105 110 274 343 351 198
36 39 110 231 255 297 356 222
32 39 110 125 252 271 351 202
33 49 87 200 222 242 337 291
48 110 154 173 259 288 340 211
76 92 110 119 186 189 284 25
15 19 25 138 200 238 309 336
13 32 241 250 276 306 372 180
0 1 13 119 207 256 265 357
110 247 265 286 315 319 323 214
107 119 169 198 231 265 300 31
32 108 110 119 198 299 345 24
21 108 119 120 171 300 303 252
0 9 83 119 188 218 330 108
19 221 271 272 277 326 339 173
0 16 74 79 214 252 337 35
3 25 105 274 315 334 343 377
8 32 37 39 110 301 362 315
11 32 34 49 105 110 312 133
0 74 199 247 257 286 319 189
74 119 180 189 247 266 315 368
111 154 188 214 231 330 354 252
20 91 123 238 290 334 349 64
52 72 202 267 288 301 358 197
59 102 146 209 265 355 374 350
32 105 110 127 177 299 368 111
9 64 110 127 131 212 293 32
9 144 227 291 292 301 358 110
2 9 49 83 105 127 250 317
9 11 101 104 105 127 368 193
10 95 105 127 194 301 346 9
98 127 274 289 290 349 359 242
37 43 77 131 150 179 259 293
11 12 85 101 127 349 355 197
59 76 102 134 196 209 374 93
75 110 116 124 291 293 350 105
7 110 127 134 160 194 207 379
2 19 87 197 210 295 299 99
19 62 81 82 128 210 295 76
19 56 62 82 132 267 357 295
19 80 105 132 239 267 269 151
19 85 128 160 207 210 277 349
19 82 110 178 247 286 339 47
36 110 125 149 166 189 231 293
2 13 32 47 110 129 347 222
127 166 218 224 330 347 358 382
32 107 160 166 271 308 347 309
19 84 90 160 210 271 295 328
19 81 82 105 210 233 295 350
7 10 19 56 82 105 132 184
19 99 138 203 210 238 295 20
56 86 105 132 189 206 225 90
19 22 128 132 166 206 239 146
52 110 132 242 262 280 349 293
19 36 76 110 125 129 189 83
19 22 32 47 110 128 326 189
47 127 134 166 186 329 355 247
22 32 38 47 83 160 347 285
47 72 166 170 174 247 329 76
19 47 99 127 170 238 373 296
72 166 174 218 227 247 329 170
22 47 134 170 238 270 296 10
72 166 174 218 227 247 329 170
19 32 107 160 189 301 340 168
19 46 83 210 230 268 295 275
19 82 110 119 178 247 334 32
19 32 36 82 110 132 231 255
19 21 32 127 210 300 309 334
9 119 176 177 218 330 382 86
19 210 233 271 295 309 339 256
19 52 62 80 110 200 349 32
86 92 119 186 225 247 296 20
43 50 55 243 259 349 379 361
19 21 76 119 127 210 303 300
0 48 119 185 206 253 303 110
43 48 98 119 123 312 373 219
19 138 210 238 301 303 336 339
3 119 127 218 303 330 334 9
65 81 98 164 256 293 349 88
32 110 241 257 293 304 334 164
38 86 119 120 134 207 247 104
38 69 76 107 150 297 312 41
36 48 76 83 110 221 349 250
21 127 151 222 300 307 308 2
0 37 49 127 206 222 334 119
0 67 98 231 245 268 331 72
15 48 52 55 116 189 349 77
59 104 209 225 268 303 374 256
75 105 227 256 267 303 350 292
9 89 105 119 127 312 327 382
98 105 108 219 255 312 336 207
19 62 99 138 295 336 339 76
7 32 80 110 127 134 160 317
0 76 81 104 147 164 234 151
15 19 110 119 186 234 380 48
36 50 55 119 243 259 349 205
21 119 127 206 219 300 303 45
48 76 119 206 253 303 334 185
31 48 119 123 173 239 270 45
119 174 247 267 303 334 383 146
11 32 108 119 128 299 345 110
11 108 119 127 218 225 336 38
96 128 154 231 252 312 345 298
19 62 96 210 265 300 336 323
0 60 96 119 206 315 334 339
19 61 159 221 295 326 380 62
0 48 62 154 259 344 349 380
22 59 76 116 147 189 230 86
119 120 127 175 205 295 379 12
76 92 119 186 247 284 301 317
60 67 76 169 266 331 339 167
40 76 150 186 197 211 290 73
52 98 127 193 315 349 381 0
0 59 209 256 278 339 374 22
10 91 110 127 134 285 293 45
15 98 119 127 219 230 331 375
41 89 119 120 127 301 306 129
0 76 119 186 247 301 303 379
33 128 227 293 309 364 380 326
40 73 150 266 293 311 356 186
20 52 98 110 149 293 349 124
59 209 278 281 293 334 374 167
32 105 110 215 327 339 382 176
4 77 98 219 230 255 339 246
73 76 134 209 293 334 374 124
7 32 47 110 127 160 300 175
81 97 128 167 222 253 324 129
9 76 119 174 178 222 247 301
19 56 112 160 233 277 362 243
19 41 56 82 105 138 364 83
19 45 110 138 210 238 293 189
33 56 218 274 324 337 364 114
33 128 227 309 362 364 380 257
40 52 73 150 223 244 293 338
32 52 76 110 293 315 349 89
59 76 209 278 293 339 374 256
7 10 32 75 110 127 160 176
24 41 81 97 129 167 324 339
167 214 247 281 286 293 301 76
42 107 126 160 166 243 324 252
48 55 98 123 242 243 356 60
33 78 179 308 339 348 365 355
31 32 78 110 172 304 327 368
0 43 77 98 219 255 339 293
32 47 110 175 293 304 308 335
17 19 99 210 277 295 324 56
19 41 56 82 138 364 373 23
19 45 138 210 238 278 336 281
56 114 170 218 324 337 364 225
33 85 227 257 309 339 364 22
19 128 131 159 161 251 264 111
40 62 113 161 197 286 290 76
42 52 197 202 217 349 358 110
52 59 71 186 209 227 374 70
7 75 76 121 211 227 371 70
19 52 84 197 200 210 295 2
15 19 40 62 97 150 344 200
19 52 110 149 267 349 382 32
46 105 110 145 168 274 287 355
55 98 202 211 234 243 284 68
59 78 98 123 146 288 304 239
32 110 215 230 267 291 304 105
7 32 110 168 186 250 262 237
19 159 193 197 246 295 339 173
98 123 173 197 237 290 349 76
32 52 110 215 217 304 349 293
22 92 119 186 234 247 303 214
55 59 119 243 259 349 379 222
19 20 21 76 119 185 303 219
32 76 110 119 185 206 303 266
9 48 98 119 123 173 253 239
13 32 48 110 119 185 303 301
9 110 219 247 286 308 315 265
32 108 110 119 128 299 345 19
0 108 119 218 225 330 382 111
19 96 128 154 231 252 272 45
19 76 96 210 265 300 336 73
0 68 74 96 119 206 225 334
19 81 164 234 252 293 301 250
48 92 119 186 234 247 293 164
22 98 168 197 234 326 349 28
0 168 201 234 331 344 380 151
9 11 47 189 206 250 346 29
1 11 55 77 98 173 349 259
76 98 134 150 186 266 303 113
19 35 99 149 159 210 295 114
40 73 102 150 186 226 349 173
50 52 167 223 226 237 349 150
91 98 148 222 239 349 350 383
98 132 148 150 259 339 349 326
11 20 144 200 289 349 358 86
11 52 167 217 227 256 349 301
112 113 116 133 161 237 326 22
11 59 72 76 209 339 374 167
7 10 11 110 127 140 160 176
98 112 115 172 223 307 339 334
2 11 98 131 177 212 304 227
32 189 232 250 256 267 380 176
31 68 83 98 151 172 333 246
98 150 186 223 286 311 339 72
11 86 105 149 207 262 350 176
45 47 105 120 293 308 379 303
97 98 115 223 286 317 320 51
11 19 47 81 92 127 134 304
11 38 166 177 189 206 207 214
19 151 159 160 173 268 380 65
46 62 76 133 173 237 344 311
22 104 272 288 330 349 366 98
7 12 90 105 272 298 330 274
58 98 115 222 272 284 330 295
37 110 229 272 284 295 330 32
6 67 113 169 173 272 331 311
40 150 186 211 223 272 311 242
11 52 98 113 154 315 349 263
11 52 131 200 334 337 359 217
19 59 131 173 240 264 354 99
15 39 105 226 264 269 350 18
19 84 178 200 210 271 295 299
19 82 154 200 210 242 290 344
19 40 50 92 175 210 290 336
19 52 200 217 250 260 349 71
15 48 55 71 197 200 349 161
19 31 71 200 209 295 374 149
7 12 19 37 75 189 371 303
19 84 85 128 200 210 277 43
19 82 90 206 210 222 336 200
15 19 146 150 202 206 309 324
19 81 82 128 175 200 202 223
9 11 110 189 301 336 346 327
11 32 36 110 128 166 231 265
2 11 32 47 110 326 335 222
11 21 51 137 149 166 305 210
11 14 137 166 276 305 329 361
11 14 119 137 166 273 305 267
11 32 107 160 166 273 301 189
19 56 84 160 210 271 277 200
19 56 83 218 222 239 257 200
11 19 210 257 278 309 334 326
19 81 92 128 222 233 241 372
11 110 119 124 178 247 319 168
32 36 110 166 168 231 320 252
11 32 37 110 166 168 326 334
9 11 32 110 124 247 379 327
32 41 107 160 161 167 290 274
9 11 52 98 110 296 349 221
11 34 59 76 98 209 374 252
11 47 89 120 293 308 379 176
11 15 77 98 219 255 356 105
19 76 97 99 210 295 336 20
7 11 32 110 127 160 215 189
98 115 134 223 242 307 339 257
11 47 48 70 81 127 214 2
11 166 177 189 206 207 214 47
19 90 159 160 173 205 380 168
62 76 133 173 237 344 380 311
10 72 73 150 186 272 356 40
50 93 98 222 223 272 344 58
46 67 239 272 306 331 355 290
22 40 147 150 186 190 272 93
11 52 113 154 312 349 370 263
11 59 76 209 307 312 374 186
11 68 86 105 189 227 350 291
120 127 176 177 293 308 379 45
19 99 159 168 210 268 295 240
35 62 241 311 350 368 383 144
11 62 146 147 154 297 349 72
98 133 154 175 227 328 349 225
59 209 241 278 303 356 374 339
68 75 105 227 303 339 350 86
45 119 120 127 293 308 379 101
33 98 113 115 223 339 356 311
50 98 101 177 237 248 303 356
50 98 177 232 237 349 358 175
11 47 81 127 232 262 301 326
11 166 177 206 232 288 346 47
19 99 160 205 210 271 295 125
19 40 82 210 286 290 295 73
52 76 93 202 217 250 349 57
43 98 202 234 297 326 349 222
98 133 161 237 304 326 349 175
19 230 234 237 240 336 379 323
37 58 110 131 247 301 334 25
98 113 115 176 223 242 286 129
50 98 111 113 176 187 237 33
32 76 110 232 257 267 307 292
68 98 113 146 151 170 326 72
33 59 72 98 209 241 374 286
10 68 86 105 173 339 350 267
9 89 105 120 219 315 382 110
77 98 105 219 222 255 257 10
3 37 58 110 131 247 334 264
83 98 113 115 117 223 333 339
19 47 81 92 134 222 304 113
9 11 166 177 189 206 278 334
19 159 160 210 211 268 380 151
15 33 48 240 311 349 380 246
22 59 86 241 306 330 350 197
131 173 175 266 267 295 306 7
22 67 98 167 306 331 383 42
40 73 98 150 167 186 372 64
9 11 52 110 113 154 349 172
59 76 167 209 257 307 374 289
11 51 68 105 267 350 362 189
9 38 51 105 120 327 357 317
52 55 98 150 234 246 349 48
32 110 131 215 273 299 368 9
7 19 32 128 159 299 380 256
15 122 154 167 173 349 380 212
59 61 102 209 252 356 374 301
7 10 75 76 110 122 131 266
52 131 200 217 334 337 359 11
19 59 131 173 240 264 354 99
15 39 105 226 264 269 350 18
19 84 178 200 210 271 295 270
19 82 200 210 242 290 344 154
19 40 50 92 175 210 290 311
19 37 52 217 250 260 349 200
15 48 55 161 197 200 349 68
19 71 200 209 295 303 374 149
7 12 19 75 189 303 371 177
19 43 85 128 200 210 277 84
19 82 90 206 210 222 336 200
15 19 146 202 206 309 314 150
19 81 82 128 175 200 202 223
73 76 110 247 293 301 319 276
19 32 36 78 110 166 231 124
11 32 47 110 160 293 326 2
11 21 76 137 149 166 305 211
14 137 166 276 305 329 361 11
11 14 119 137 166 273 305 50
11 32 107 160 166 273 301 271
19 84 160 200 210 271 277 74
19 56 200 218 222 239 257 224
19 99 210 257 309 322 334 22
19 47 81 92 128 233 372 52
11 110 119 124 174 247 301 80
32 36 110 128 166 231 320 64
11 13 19 32 37 131 166 326
9 25 110 124 247 265 319 3
11 60 78 107 166 293 326 242
36 128 166 221 230 231 337 60
11 19 22 210 300 309 336 238
4 11 22 77 98 219 255 339
19 76 97 102 148 173 209 32
7 32 110 127 160 175 317 34
19 28 38 210 271 277 326 114
62 133 173 237 284 344 349 52
59 167 209 241 339 344 374 73
22 86 98 272 291 349 350 266
7 32 110 146 160 175 308 266
28 98 150 241 272 297 349 382
98 149 150 166 219 272 349 242
11 47 206 250 272 292 304 9
67 122 167 169 272 331 339 98
40 111 114 150 272 356 372 68
7 36 52 149 272 280 349 281
59 68 78 98 120 278 303 383
32 110 128 230 267 291 357 293
7 32 110 160 262 293 334 168
19 28 114 210 246 271 277 219
46 148 154 237 272 306 349 62
19 67 83 99 114 246 331 295
40 73 91 150 211 314 356 114
52 98 114 154 246 292 349 314
59 134 209 278 303 339 374 242
11 32 110 178 188 293 299 287
32 110 111 256 287 304 379 43
32 47 81 92 110 128 196 131
11 47 166 177 206 257 315 108
7 55 76 90 107 129 160 189
7 32 110 221 250 273 315 130
43 98 123 259 284 326 356 102
11 35 95 154 357 368 379 292
11 37 101 176 198 207 291 68
59 77 78 86 225 256 339 379
78 87 127 225 227 293 308 47
15 43 77 127 219 308 331 349
41 119 120 127 285 306 355 175
76 92 119 127 186 247 301 234
50 65 76 115 145 223 266 230
2 49 105 131 189 250 304 76
49 74 76 119 186 247 286 234
67 69 76 193 224 231 293 164
0 32 37 54 76 110 127 140
110 125 127 178 247 286 308 189
76 87 90 107 252 265 297 193
36 76 96 221 231 283 345 354
68 74 76 96 119 186 247 64
19 76 159 168 221 295 380 210
35 59 62 241 268 311 380 295
7 10 52 76 110 230 371 290
48 52 125 200 297 349 359 358
76 146 200 217 297 304 349 64
15 52 55 76 77 98 349 293
104 109 209 225 252 268 374 355
7 75 110 127 160 189 215 250
43 91 98 151 276 334 339 382
0 11 52 89 110 250 349 38
59 76 167 209 307 308 374 196
11 127 334 337 339 348 381 301
18 22 77 98 133 161 349 284
14 40 76 98 146 223 286 173
0 78 149 272 307 356 382 270
78 80 119 127 257 307 356 12
55 77 98 219 255 307 330 349
11 21 127 171 207 300 348 214
21 48 76 127 166 206 305 67
14 127 166 206 266 305 329 137
19 46 67 160 272 273 331 211
15 70 74 119 174 189 247 334
0 36 52 97 231 259 293 219
19 76 79 138 210 238 265 127
9 37 86 119 127 218 330 176
19 125 210 230 271 272 295 118
19 32 76 110 127 301 346 82
19 36 110 132 140 256 260 202
19 32 110 128 132 256 293 80
32 48 55 206 265 368 380 260
17 32 67 123 231 326 331 268
119 127 146 168 190 206 232 265
35 45 76 109 238 245 370 17
14 37 119 174 206 293 326 168
17 35 45 231 238 245 260 252
14 119 174 206 252 293 326 37
32 103 107 143 168 260 326 175
237 239 267 273 293 349 358 127
19 83 210 233 266 271 295 72
7 19 52 62 80 110 349 217
7 92 119 186 214 225 247 86
43 55 59 243 259 349 379 50
19 21 76 119 127 210 303 219
48 119 185 189 206 219 303 76
48 75 98 119 123 219 227 43
119 134 219 247 303 334 379 127
96 119 127 303 345 379 380 256
37 119 189 206 272 303 334 361
65 81 88 164 293 348 349 17
48 119 164 186 234 247 312 274
32 60 69 107 167 177 293 287
32 95 110 198 221 326 345 381
11 19 21 119 127 210 330 308
9 86 119 127 218 326 330 382
36 110 128 210 239 250 274 348
68 81 104 110 128 239 326 47
74 92 119 175 206 252 268 168
2 67 88 189 231 268 293 270
119 127 146 168 174 189 206 190
17 35 127 210 231 238 354 381
14 119 120 127 146 174 206 115
17 35 231 238 260 354 370 252
14 115 119 174 206 252 326 293
19 50 210 271 277 290 299 46
9 19 82 110 127 274 335 217
36 110 217 231 239 260 308 255
19 21 76 127 210 300 354 238
206 222 252 297 308 312 354 76
19 142 146 210 233 271 309 72
62 80 110 200 217 340 349 293
92 119 174 186 225 247 296 86
55 59 243 250 259 349 379 50
19 21 119 127 210 219 303 185
48 119 127 189 206 219 303 222
48 75 98 119 123 219 272 293
41 48 119 127 177 303 379 0
9 119 127 219 247 286 308 64
2 36 96 119 252 330 345 242
0 13 119 206 221 272 303 42
36 52 128 202 217 231 260 326
19 210 260 300 337 339 354 138
37 119 125 127 218 330 334 268
41 48 119 164 186 234 247 92
28 98 150 168 234 326 349 298
0 151 168 234 331 344 380 356
15 41 64 92 119 247 304 252
11 50 55 219 243 259 349 293
19 21 210 219 238 296 303 206
76 119 189 206 266 293 303 0
75 113 123 173 219 293 306 34
9 41 119 175 247 303 383 379
96 119 127 219 345 379 380 361
9 119 189 200 206 293 303 176
19 159 210 221 295 321 326 183
48 52 154 212 259 311 349 344
22 59 76 86 173 189 301 306
92 119 127 131 186 247 295 308
67 79 113 167 243 331 339 334
0 16 52 133 161 217 237 349
9 64 119 127 189 247 286 301
119 125 128 189 247 312 368 266
19 107 217 287 324 334 354 193
36 111 112 128 168 287 345 348
37 189 247 257 301 315 319 127
64 119 149 211 247 266 346 23
76 96 110 119 149 345 350 38
61 74 76 119 170 198 206 346
37 60 67 231 246 272 331 76
79 120 123 173 237 272 349 246
10 25 38 105 274 304 334 247
36 39 96 110 128 297 312 32
0 11 32 49 110 189 250 281
74 119 154 186 247 296 312 49
35 49 67 231 331 339 379 260
21 32 210 238 252 300 309 2
32 39 110 111 119 206 304 351
32 146 168 260 271 351 354 48
24 173 242 244 246 248 275 191
9 110 119 178 247 262 380 145
25 36 76 110 167 231 255 165
0 13 32 37 42 119 180 285
110 247 265 286 315 319 323 214
32 42 102 125 260 271 277 146
79 87 214 244 246 252 311 35
48 74 76 110 154 259 340 22
74 76 92 110 119 214 247 61
15 61 140 173 189 238 309 50
13 32 180 241 301 306 372 113
22 164 278 281 334 354 360 203
8 119 123 206 222 288 336 339
17 119 134 231 245 264 331 123
9 119 146 150 247 315 379 134
0 19 125 134 167 271 272 260
3 8 74 79 167 214 252 188
3 6 76 110 158 237 340 8
37 110 189 247 286 315 319 177
110 119 177 180 247 266 368 149
76 96 119 149 177 231 266 37
19 74 210 238 252 334 357 379
0 74 119 176 206 272 326 149
37 107 217 219 272 354 379 111
0 32 36 110 111 231 272 354
37 247 257 273 301 315 319 189
74 119 125 149 247 266 380 190
16 35 37 50 228 271 272 277
22 24 35 191 214 315 378 291
74 119 198 206 266 283 312 48
17 67 193 231 252 268 354 76
37 119 189 247 252 337 356 74
9 76 96 119 247 343 380 175
50 76 96 119 231 301 345 219
119 175 189 206 227 257 301 61
19 76 159 168 210 295 326 380
59 62 241 268 295 311 380 35
7 10 52 76 104 110 371 290
48 52 125 200 297 349 358 154
76 146 200 217 297 304 349 101
7 15 52 55 77 98 349 76
119 127 193 291 330 332 350 303
45 119 127 193 227 327 330 317
76 98 151 186 256 311 314 43
0 11 52 172 227 250 349 89
59 167 209 242 293 307 374 189
9 127 172 334 337 339 348 12
77 98 133 161 312 326 349 55
9 72 94 101 127 293 323 266
0 98 127 196 241 297 330 308
19 51 87 168 210 271 295 290
19 48 52 62 154 311 344 76
127 189 247 285 286 323 346 301
19 36 76 128 189 231 345 125
1 13 47 81 110 129 189 3
21 48 67 127 166 206 305 76
14 137 166 206 260 266 305 127
19 128 210 271 272 273 277 160
19 82 96 128 154 210 260 76
70 86 110 119 146 189 247 196
0 19 36 64 231 239 293 260
15 61 72 76 205 214 259 243
19 76 99 102 110 209 374 238
7 75 110 127 140 160 189 118
110 174 214 242 247 276 286 189
43 74 76 98 111 151 243 113
52 76 110 229 292 349 382 257
22 150 167 176 189 307 330 350
55 98 123 149 173 222 229 349
76 102 110 111 209 268 374 93
32 75 110 229 241 250 375 0
9 76 110 174 185 189 247 222
19 159 168 210 268 295 326 17
46 62 133 168 339 344 349 226
32 110 127 229 241 293 346 366
50 98 150 167 314 349 366 186
33 154 202 226 229 262 349 12
144 167 229 266 291 304 330 9
105 110 124 127 229 301 370 375
67 113 120 167 169 272 331 336
9 105 110 131 229 304 330 76
58 115 167 225 284 320 339 246
96 116 173 326 339 349 358 176
9 45 154 211 285 300 349 176
19 76 99 159 168 210 295 46
42 76 86 116 173 349 358 293
19 67 76 242 309 331 349 146
40 114 150 186 223 290 314 33
36 52 93 110 280 293 349 149
59 68 104 120 209 303 374 110
9 32 105 110 127 229 327 326
4 9 77 98 219 230 255 105
19 76 99 110 209 210 374 7
45 80 92 98 111 249 304 113
19 22 159 174 219 233 321 166
45 59 109 142 238 241 321 311
7 10 45 76 121 263 371 269
33 45 109 115 195 223 240 222
45 80 92 98 111 113 382 249
19 22 159 174 233 321 334 219
45 59 109 142 238 241 321 167
7 10 37 76 263 283 371 177
33 45 109 115 195 223 240 238
45 80 92 98 111 113 382 249
19 22 159 174 233 237 321 219
45 59 109 142 238 241 321 167
7 10 37 45 76 263 283 371
33 45 109 115 195 223 238 240
45 80 92 98 111 249 382 113
19 104 159 174 219 233 326 283
45 59 109 142 238 241 321 167
7 10 45 76 198 263 283 223
33 45 109 115 195 223 238 240
45 80 92 98 111 113 382 283
19 104 131 159 174 233 334 87
45 59 109 142 238 241 321 283
7 10 45 76 240 263 283 316
45 109 115 195 223 238 240 33
45 80 92 111 113 222 382 249
19 159 174 233 321 326 334 88
45 59 109 142 238 241 321 167
7 10 45 198 240 263 283 76
33 45 109 115 195 223 238 240
45 80 92 98 111 283 382 113
19 87 104 159 219 233 237 326
19 76 81 164 234 240 243 293
161 164 168 234 293 326 349 16
10 76 177 247 266 334 346 287
76 83 115 205 223 243 349 113
59 209 242 252 265 339 374 293
32 105 110 119 127 229 304 176
22 48 77 219 255 265 288 257
7 19 76 102 209 210 334 268
9 95 110 118 127 343 355 102
19 168 210 221 265 295 308 271
19 40 62 210 286 290 295 82
52 57 76 202 217 250 349 293
15 48 55 118 161 197 349 77
71 149 209 265 295 303 374 344
7 12 31 75 110 339 371 303
43 55 115 150 259 326 349 234
52 59 61 71 209 339 374 252
75 105 110 250 350 361 370 132
19 81 82 128 207 210 252 97
9 50 110 127 189 315 323 244
32 36 76 110 128 166 293 7
32 47 76 110 128 252 293 323
1 9 119 176 218 311 323 270
17 32 67 76 95 231 268 245
19 138 210 252 265 293 336 52
9 14 45 119 154 218 326 176
17 35 45 76 109 231 245 214
35 45 109 195 238 300 370 210
9 14 45 46 119 206 326 214
17 76 123 149 170 231 245 252
19 210 219 238 293 300 309 35
14 45 119 214 218 326 370 383
9 32 41 48 110 119 304 293
9 98 131 144 219 255 326 123
19 21 74 76 210 300 336 131
8 9 39 76 119 206 266 334
9 15 43 55 77 98 259 115
9 11 110 127 172 247 306 371
19 76 83 128 234 306 326 22
11 127 172 190 247 315 371 31
36 76 128 202 222 293 364 223
32 76 81 110 128 293 326 47
9 74 76 119 176 218 311 189
17 35 67 76 231 245 293 354
9 14 45 119 154 218 304 244
19 35 76 210 238 336 370 17
9 14 45 46 206 265 326 380
13 17 45 76 231 245 370 149
14 119 218 244 326 370 383 9
19 32 72 76 110 128 293 189
41 48 76 119 175 229 293 262
98 123 131 144 212 219 255 242
19 76 210 238 293 300 336 265
39 76 206 227 242 265 339 0
16 79 98 115 222 223 383 251
21 49 171 189 222 300 339 15
119 218 222 265 304 330 383 2
68 76 81 164 234 240 256 339
48 49 121 164 175 206 252 265
48 96 119 189 243 250 273 361
11 97 144 182 243 250 273 9
19 76 159 168 210 221 295 324
119 174 218 247 290 293 334 262
36 110 128 177 227 231 326 132
19 76 81 164 234 243 293 240
59 164 241 265 293 333 334 243
10 32 52 105 110 326 327 304
4 10 77 98 219 255 339 164
19 76 209 210 252 339 355 336
7 32 76 110 222 250 339 189
19 76 159 210 221 295 321 265
59 62 241 295 311 332 356 46
10 19 76 105 110 293 371 132
10 72 115 132 223 227 359 339
19 72 125 128 210 271 277 284
19 61 82 206 286 336 382 219
15 19 188 202 206 286 309 150
0 9 52 131 161 202 223 197
35 39 59 209 265 339 374 120
32 105 110 119 286 293 368 189
77 98 105 189 219 255 286 379
9 21 76 171 265 300 326 219
9 76 119 127 206 324 334 381
81 125 164 195 234 334 349 17
48 178 206 241 247 293 334 268
19 61 65 84 221 243 277 72
19 122 218 221 257 290 359 56
177 238 257 284 309 334 381 242
0 52 161 223 230 293 334 146
35 52 59 111 209 293 374 113
32 105 110 119 286 293 303 368
77 98 105 219 255 286 383 140
9 119 127 174 247 301 334 293
81 164 174 195 233 243 293 234
9 119 174 218 247 329 337 39
19 56 84 233 238 277 295 33
7 46 60 107 110 271 310 221
36 46 83 110 132 221 271 74
3 7 20 32 110 288 375 368
19 76 84 93 110 264 271 167
35 45 115 200 214 252 271 339
9 110 206 247 329 351 357 344
67 72 78 110 231 264 351 265
9 110 119 174 247 330 351 150
32 36 110 165 198 227 231 8
0 9 11 110 150 315 319 301
9 32 180 198 250 310 361 326
99 120 164 238 265 328 336 200
0 9 32 83 119 176 206 265
32 67 168 202 231 252 310 165
0 25 110 116 165 315 319 127
0 11 16 32 41 76 361 326
0 11 32 110 119 265 266 104
110 127 172 214 315 319 371 9
84 200 236 260 271 277 337 168
33 191 214 244 252 275 337 177
33 74 76 110 237 288 340 34
76 119 206 247 301 328 329 344
0 36 78 177 231 265 272 76
36 119 146 218 247 272 303 0
72 102 146 227 271 272 284 125
35 74 167 214 252 311 383 354
36 45 110 177 266 272 301 311
68 215 247 301 303 354 356 206
32 96 110 177 189 231 356 45
0 11 13 43 51 198 240 374
80 111 172 259 284 319 371 16
32 107 193 252 337 342 354 339
9 11 48 83 119 127 206 239
11 19 123 168 239 250 345 15
76 111 119 168 247 334 383 134
19 46 159 210 221 321 326 165
15 33 40 150 226 242 380 111
150 226 257 274 337 349 359 98
64 123 189 226 238 290 344 131
9 12 39 76 175 244 349 226
59 76 93 120 209 240 374 265
9 10 11 75 95 110 346 190
45 55 77 98 123 156 197 317
78 179 240 308 355 361 365 172
19 78 81 92 113 140 326 301
2 9 11 127 166 212 291 357
19 20 76 96 138 166 210 125
9 50 80 144 182 274 291 166
1 9 88 166 227 283 346 76
19 128 160 169 321 364 383 104
72 161 197 234 326 344 349 311
59 102 209 241 266 311 374 145
10 76 105 173 206 267 350 330
9 76 105 240 301 341 382 263
113 115 220 223 311 349 365 98
21 127 171 222 240 252 300 2
9 48 127 152 189 206 382 334
88 98 151 187 240 334 377 339
59 209 238 252 286 324 334 240
49 105 119 173 191 350 366 9
9 13 105 120 127 215 379 308
16 97 98 113 115 223 334 220
119 189 247 270 286 304 334 293
19 52 113 159 210 295 377 197
2 9 11 186 212 280 358 45
9 50 80 144 182 229 274 15
9 76 88 110 229 238 375 274
9 88 110 146 229 285 339 343
9 13 50 110 127 285 371 173
25 83 110 128 175 250 293 32
13 32 37 76 110 180 373 250
13 110 175 177 244 355 375 215
37 107 110 221 226 271 324 7
36 52 74 76 110 221 364 264
3 7 20 32 110 146 375 288
32 110 128 132 239 271 272 364
19 84 110 200 210 271 299 382
19 40 52 73 140 210 290 246
50 97 122 274 290 349 364 140
111 123 238 242 265 290 334 214
52 76 97 110 217 226 364 45
59 72 186 209 268 334 374 339
10 11 105 110 269 281 350 226
19 61 210 233 271 295 321 383
19 34 206 210 244 267 349 289
67 104 118 206 244 267 331 31
11 52 64 76 161 200 217 35
9 11 110 119 178 244 247 301
19 36 97 128 231 293 345 41
9 11 13 131 175 177 326 180
9 80 110 111 127 214 371 319
15 107 111 159 214 252 293 326
8 36 168 221 230 259 326 131
19 55 76 210 219 265 336 309
9 119 176 218 244 326 330 76
19 22 210 230 271 275 295 256
127 166 174 186 206 247 329 68
19 107 128 160 200 219 345 326
32 89 110 119 131 285 326 346
110 189 214 247 286 308 346 177
19 113 159 299 326 339 380 118
22 79 118 234 326 349 350 68
50 146 223 234 306 326 349 118
222 290 306 331 344 349 382 118
39 133 161 237 259 326 344 52
74 110 189 247 286 293 346 64
83 113 115 189 223 272 339 380
2 22 179 229 272 304 349 86
47 76 81 110 127 265 304 186
78 127 160 166 186 247 286 76
19 151 159 234 252 261 272 326
48 52 79 154 259 272 349 344
64 119 189 247 286 293 346 285
36 76 110 128 189 231 345 32
32 47 81 110 211 265 301 293
47 74 166 174 214 301 305 68
72 127 174 227 247 305 329 289
67 160 211 227 260 326 331 19
19 32 48 89 110 296 346 293
214 247 265 286 293 308 346 189
7 15 19 107 252 265 297 76
36 217 221 222 230 231 339 260
19 37 210 238 300 336 372 127
37 86 119 127 218 330 347 297
19 46 151 159 210 309 380 260
2 15 19 47 48 81 92 102
166 174 186 247 305 329 347 127
32 107 128 160 219 326 345 374
22 49 89 105 119 262 350 292
98 167 212 252 291 308 368 237
19 47 76 81 127 189 238 138
47 127 166 186 189 329 346 247
45 78 107 109 160 238 369 293
127 189 227 243 293 308 346 47
15 48 55 77 98 251 259 339
45 109 209 238 242 252 374 268
32 75 110 134 140 146 160 129
67 79 98 169 326 331 339 65
98 151 173 223 234 311 349 79
110 131 222 293 297 304 349 250
43 70 77 98 161 225 312 349
52 60 68 89 98 332 349 193
17 47 81 127 265 308 379 307
47 166 174 189 247 301 329 346
78 107 113 129 160 205 298 266
15 45 98 154 243 285 349 370
89 124 131 257 297 300 312 22
19 46 128 159 161 210 295 79
40 46 73 113 161 286 290 93
52 76 217 222 250 260 349 84
19 76 196 210 217 295 339 52
19 52 59 62 167 241 344 93
7 10 12 19 104 189 371 110
10 19 75 85 128 210 222 297
19 32 82 110 250 271 280 311
9 22 49 105 144 182 280 2
9 94 104 127 160 268 297 11
13 110 174 178 247 285 292 85
32 83 110 128 216 264 337 125
13 32 110 125 168 262 364 176
19 37 127 150 210 238 265 309
32 110 119 206 293 312 326 0
19 46 197 210 233 271 295 87
83 110 154 217 306 340 349 276
76 92 119 174 189 215 247 177
0 32 36 110 217 312 354 111
9 36 37 119 174 247 319 265
4 22 113 151 243 272 293 110
9 37 64 119 174 247 286 265
32 110 119 247 252 312 368 274
107 111 252 265 287 334 354 324
36 76 177 193 217 222 354 128
37 47 81 127 189 265 301 76
37 127 166 186 189 329 334 265
19 78 128 271 272 296 326 169
92 119 180 247 272 303 354 0
32 36 96 110 252 312 364 342
19 120 127 210 238 265 300 189
0 32 110 119 189 206 272 76
19 210 233 268 271 272 295 167
0 40 52 73 142 260 290 91
46 50 122 274 290 349 359 172
0 35 111 123 149 290 334 320
52 197 217 257 301 349 371 118
22 39 59 86 330 332 350 124
47 119 127 262 293 308 379 124
19 128 156 210 217 230 295 339
64 110 127 189 247 285 286 61
32 86 110 119 125 128 219 76
32 76 111 119 129 206 252 110
19 107 150 181 193 252 354 48
36 177 222 252 265 266 356 125
74 166 174 274 301 305 332 178
72 166 174 247 289 305 329 127
67 72 107 160 166 301 331 15
19 97 147 160 200 271 277 301
19 82 97 147 171 210 271 73
19 82 147 206 210 239 271 122
19 22 97 147 206 210 309 257
19 81 82 92 128 147 309 223
110 178 189 247 270 286 346 61
32 36 110 149 166 189 231 372
32 54 110 166 250 326 334 372
9 32 110 150 247 286 293 319
74 107 125 160 200 271 331 161
52 123 127 221 269 296 349 122
34 59 76 98 189 209 374 93
7 32 75 110 127 160 189 134
55 98 123 149 222 339 347 175
33 78 93 304 308 365 383 196
32 110 172 250 327 372 375 357
0 77 98 172 219 255 293 335
32 47 110 250 292 293 304 167
19 28 72 97 128 234 239 147
19 81 92 97 128 147 324 239
32 47 61 97 110 128 160 9
47 72 166 174 178 186 305 189
2 32 47 72 160 231 379 304
47 76 134 146 189 252 270 15
72 93 134 166 174 247 305 304
19 99 138 147 200 210 336 231
47 76 134 174 189 233 326 252
72 174 227 247 281 305 329 80
17 109 134 147 219 231 309 45
0 13 32 37 119 189 285 276
110 214 247 265 286 315 319 368
32 102 111 125 267 271 277 331
173 214 241 242 252 337 360 339
37 110 189 247 286 315 319 265
36 110 198 222 231 267 288 339
32 37 110 180 312 334 372 202
32 110 150 222 247 286 319 198
32 125 233 252 271 277 278 260
79 148 173 214 275 311 337 252
76 92 110 119 174 186 247 74
36 50 110 217 231 260 266 198
19 138 200 210 238 300 309 265
32 110 119 189 206 222 312 326
32 48 198 260 271 324 354 151
49 214 246 252 275 294 311 173
32 110 154 180 198 306 340 76
76 92 119 189 215 247 303 284
0 32 36 110 119 219 354 272
9 74 119 247 266 301 328 110
22 32 110 151 167 231 272 76
9 64 119 174 180 247 315 0
25 32 110 119 247 315 368 252
78 107 217 252 265 334 354 337
36 76 110 193 217 231 354 32
32 37 47 111 189 359 380 76
127 166 186 189 301 329 380 265
19 187 200 228 271 272 326 355
0 35 74 214 252 311 354 337
10 25 92 110 119 186 247 354
16 32 36 96 110 198 342 74
19 21 265 268 300 360 371 238
68 92 98 144 222 269 349 207
19 46 131 159 210 321 326 295
46 59 62 79 142 241 268 35
7 10 37 76 177 223 371 104
10 115 222 223 240 268 339 297
45 92 98 111 304 334 382 190
19 46 131 159 210 233 321 174
45 59 109 142 195 238 241 79
10 19 45 76 105 326 370 146
10 45 68 97 109 115 223 195
45 68 92 98 113 207 269 111
19 46 159 210 233 321 347 219
45 59 109 142 195 238 241 311
7 10 45 76 177 263 371 223
45 109 115 195 222 223 240 339
45 80 92 98 111 304 382 317
19 46 159 219 233 321 347 210
45 59 109 142 195 238 241 311
10 45 76 105 283 326 370 19
45 68 109 115 117 195 223 240
45 68 92 98 111 113 207 249
19 46 159 233 321 334 347 219
45 59 109 142 195 238 241 311
7 10 45 76 177 223 263 371
45 109 115 195 222 223 240 363
45 80 92 98 111 304 382 317
19 46 159 219 233 321 334 347
45 59 109 142 195 238 241 311
10 45 76 105 283 326 370 19
45 68 109 115 117 195 223 363
45 68 92 98 111 113 207 195
19 46 159 219 233 321 347 324
9 119 127 176 218 330 368 210
19 118 168 210 256 295 379 271
9 127 178 189 242 247 344 110
9 11 93 110 127 247 302 326
19 36 110 128 177 189 202 217
32 110 177 180 189 293 301 379
22 32 55 76 110 223 241 9
19 146 164 200 210 297 328 104
8 32 110 119 120 206 326 297
17 32 231 268 293 297 330 245
8 9 119 134 189 247 361 110
32 76 110 119 231 339 345 0
9 25 119 120 137 198 247 315
17 123 182 231 265 297 308 266
8 25 32 119 137 190 247 174
32 61 110 159 180 267 299 271
133 168 207 339 344 349 379 140
0 9 10 119 247 346 366 296
0 36 42 110 189 264 345 76
0 119 127 218 304 330 346 383
67 76 120 246 272 331 339 68
9 76 119 137 247 293 296 317
7 10 36 110 217 222 238 52
76 119 133 177 218 222 304 121
67 76 79 170 237 331 339 120
15 49 74 119 146 189 247 76
10 119 137 244 247 257 345 9
0 36 106 231 299 334 339 293
19 76 138 210 265 336 339 300
11 21 119 127 210 257 383 326
76 159 202 210 230 246 309 290
32 76 102 110 229 241 293 52
19 147 168 197 210 277 326 60
19 73 81 82 128 210 372 61
119 150 174 218 247 314 329 328
107 147 160 238 239 252 309 346
40 144 223 243 347 349 359 177
57 110 127 210 238 250 293 123
11 98 179 187 222 317 349 358
35 59 177 209 228 238 374 91
11 49 75 161 187 228 327 33
91 136 187 219 228 239 255 354
127 146 187 197 213 228 236 210
68 127 154 225 274 349 359 196
106 108 151 172 176 234 257 197
22 108 161 197 241 332 350 144
60 77 133 197 327 342 349 306
76 149 219 238 239 336 337 284
11 33 127 187 228 287 337 57
9 127 187 228 268 313 366 91
19 147 168 210 271 295 383 22
19 40 82 210 271 286 290 73
52 76 197 202 217 250 349 57
59 79 196 225 240 339 374 344
10 68 76 105 120 132 200 108
43 55 68 77 115 259 349 230
19 81 92 97 128 147 308 161
76 110 206 247 293 301 346 132
36 78 97 166 189 231 289 149
11 19 138 147 166 210 250 328
11 76 114 206 317 323 334 283
107 147 160 211 228 328 382 200
74 79 151 197 326 330 339 22
81 109 147 210 238 293 328 34
91 110 127 187 225 228 313 250
19 36 110 128 222 239 250 242
21 91 127 210 228 300 313 177
76 119 206 210 222 228 313 176
32 84 146 271 277 295 339 19
49 96 146 169 233 257 286 291
2 9 144 181 228 332 350 127
91 127 187 228 293 313 358 266
36 41 128 231 252 259 326 96
19 76 127 210 228 313 336 293
0 119 176 218 222 283 313 189
19 84 233 246 271 295 326 193
49 61 96 233 257 291 326 285
0 11 91 187 228 274 313 74
36 68 125 128 176 231 303 110
19 76 210 293 300 313 336 370
11 32 68 110 176 206 250 297
19 84 168 210 246 271 295 193
19 81 82 92 257 295 337 211
7 56 80 110 130 250 295 123
57 130 132 202 225 280 382 184
19 40 85 160 232 233 277 306
19 76 82 206 210 222 324 121
15 19 206 246 270 301 309 324
28 83 86 267 280 349 358 339
86 130 176 266 295 301 379 204
113 121 128 215 230 295 335 76
91 119 178 202 228 247 297 127
36 76 128 146 189 231 339 202
19 76 91 210 228 309 339 150
88 114 119 189 206 222 290 24
19 56 84 121 271 295 339 277
77 132 154 250 255 259 349 298
76 97 173 209 301 339 374 265
7 75 236 250 281 339 350 15
7 19 81 82 97 207 222 308
9 91 95 127 207 228 301 102
45 95 104 127 228 283 336 109
9 91 95 127 182 228 297 85
45 105 110 181 228 245 293 222
91 107 110 114 127 225 228 38
32 36 76 110 231 250 283 128
19 76 210 219 300 313 370 336
45 76 114 119 206 222 228 240
88 193 231 240 245 278 324 334
119 144 208 228 281 332 350 2
91 127 187 208 228 293 313 358
36 41 76 167 222 231 301 283
45 109 210 228 281 313 370 91
0 119 176 206 218 222 283 76
80 97 107 160 221 253 274 334
19 70 83 97 210 221 295 268
19 62 81 82 128 210 295 76
19 56 82 132 267 295 357 298
19 90 127 132 249 267 306 76
19 85 128 160 210 277 349 369
19 20 82 96 128 257 295 79
19 81 82 92 189 227 339 76
18 105 110 127 228 250 297 189
9 91 110 127 187 225 228 250
36 110 128 166 231 252 293 222
21 91 127 210 228 252 300 76
45 114 119 206 222 228 331 210
19 84 160 163 271 277 294 125
0 66 119 218 222 228 313 176
19 84 168 184 210 271 295 83
19 73 82 184 206 210 354 168
19 22 82 131 206 210 309 114
52 131 161 202 222 293 309 250
19 81 82 128 210 293 324 308
9 11 91 110 119 127 228 187
36 110 128 166 212 231 250 265
11 32 49 110 166 189 250 257
32 76 110 146 219 250 345 128
18 54 105 127 228 250 313 28
13 91 127 187 225 228 313 258
49 96 119 231 252 345 354 297
19 76 210 252 300 336 354 73
119 176 206 228 265 276 313 45
69 107 221 326 330 337 377 324
11 32 110 221 229 297 299 327
21 45 119 120 210 300 313 108
119 187 218 228 313 326 330 327
67 69 166 231 250 326 331 245
2 9 127 181 190 332 350 0
91 127 187 228 266 293 313 38
19 84 160 210 221 271 277 41
19 22 82 171 260 311 324 295
19 56 82 96 128 239 257 124
0 105 124 127 172 228 315 239
91 127 187 225 228 258 313 288
76 96 128 189 222 239 252 49
19 21 96 210 265 300 379 354
96 119 189 206 239 312 356 265
36 88 128 231 239 259 359 250
11 19 210 252 265 300 334 250
19 82 96 128 176 210 324 15
18 91 105 127 189 228 313 239
91 110 127 187 225 228 313 107
36 128 185 239 250 252 326 222
76 91 127 210 228 300 313 21
76 119 206 210 222 228 313 331
15 19 84 146 271 277 295 176
74 96 175 233 257 324 332 222
9 127 144 181 228 332 350 2
91 127 187 228 266 293 313 219
3 36 41 128 231 239 326 259
19 91 127 210 228 313 336 99
0 66 119 176 218 288 313 143
19 84 165 193 233 271 324 296
61 96 175 233 257 324 326 128
110 172 185 228 250 274 337 53
36 39 128 231 250 255 359 297
18 19 210 250 300 313 336 228
11 32 39 206 250 274 359 304
19 84 193 210 271 295 324 165
19 52 59 241 290 311 324 359
10 110 130 132 154 306 340 250
7 10 110 130 132 250 293 13
7 10 90 105 130 132 225 57
98 115 132 189 222 223 284 339
19 32 81 82 128 210 284 271
18 105 110 127 177 250 339 297
9 13 91 127 187 225 228 25
36 128 177 189 198 301 345 49
19 76 127 210 228 250 313 300
0 25 119 189 218 228 339 45
19 125 159 160 210 295 311 324
9 10 127 187 228 250 313 315
33 52 91 127 146 187 228 98
18 21 97 187 300 332 339 242
16 86 187 206 210 267 327 31
91 127 187 210 228 327 348 9
127 187 219 228 255 299 355 360
39 91 127 157 228 268 313 187
34 43 154 187 228 255 259 314
22 146 173 187 228 314 332 317
19 99 127 148 210 228 336 39
21 127 187 228 288 327 330 0
9 91 127 133 210 228 327 297
91 127 182 228 243 273 297 150
19 28 84 210 234 277 295 56
19 56 74 148 210 218 257 334
109 228 238 242 257 309 370 92
0 48 52 154 212 259 332 175
22 48 86 189 241 332 362 311
21 91 127 210 228 293 313 300
21 86 119 187 218 228 330 327
91 127 131 145 187 228 327 118
33 52 91 127 182 187 228 313
48 55 77 222 228 259 349 272
17 145 167 209 268 313 374 210
91 105 187 228 291 313 350 127
91 127 157 187 228 258 313 107
67 111 115 169 175 331 356 365
118 133 161 175 237 290 312 326
40 223 272 286 290 301 332 76
91 127 187 228 268 272 307 313
15 34 55 98 187 228 272 259
78 127 209 210 228 272 374 268
45 109 210 238 300 336 370 35
9 14 46 88 119 170 218 45
76 149 170 231 293 301 326 88
19 76 210 238 300 334 336 35
9 14 45 119 170 218 326 175
19 32 61 84 271 277 295 56
19 56 79 210 218 257 359 193
169 257 288 301 309 322 326 281
9 15 98 154 175 233 349 322
9 32 52 110 250 257 356 95
52 76 98 128 215 272 331 334
9 110 127 172 247 339 346 371
36 76 128 146 202 239 364 356
47 64 76 81 110 128 250 113
9 35 74 176 206 214 252 175
35 67 76 231 245 326 331 95
19 45 52 210 238 281 336 300
9 15 119 218 294 326 356 289
35 45 76 109 231 245 326 17
45 109 195 238 245 281 370 35
9 35 119 170 175 218 326 213
35 76 136 231 252 301 326 170
9 35 265 281 300 326 334 210
9 13 35 119 170 218 285 14
19 56 84 271 277 295 311 370
56 79 218 257 290 324 359 383
246 257 288 309 322 334 364 335
9 32 76 110 131 185 250 184
9 43 110 127 256 282 371 73
32 48 67 110 231 250 326 339
9 110 127 146 172 190 356 189
9 32 76 110 119 198 250 128
55 77 219 255 330 339 349 9
9 144 173 291 330 332 350 85
9 45 95 131 227 301 370 266
19 46 99 159 168 210 295 90
35 46 59 62 241 311 380 113
9 10 45 49 105 110 315 176
9 119 127 167 173 281 330 105
18 115 148 223 289 293 339 51
36 182 280 284 293 349 380 123
19 149 168 210 222 271 295 90
19 40 62 210 237 286 290 82
52 76 202 206 217 250 349 93
46 59 71 225 230 339 374 193
7 12 75 211 227 230 339 105
43 55 115 259 326 331 349 142
59 209 240 242 268 339 374 134
75 80 105 250 291 350 370 132
8 9 19 81 128 207 252 39
1 9 121 206 222 289 323 74
9 19 76 219 231 245 264 268
19 52 99 138 210 265 336 146
9 35 119 154 214 218 370 180
35 45 76 109 231 238 245 9
35 45 109 238 245 281 370 300
9 14 45 46 88 218 326 213
9 76 170 231 245 301 326 53
19 35 219 300 309 336 371 370
9 14 119 154 170 218 222 301
19 46 72 125 168 210 295 33
19 76 82 206 210 214 270 339
15 19 76 82 206 210 309 97
9 13 50 110 127 315 371 339
59 93 111 209 217 260 374 335
9 75 96 105 119 250 330 350
55 77 98 219 255 330 349 9
59 73 76 209 266 335 374 238
9 45 49 76 105 110 119 301
85 120 123 151 270 301 368 173
9 49 76 105 110 119 380 176
9 11 12 49 88 105 127 293
9 15 55 77 98 120 259 122
19 76 99 102 209 210 374 265
9 75 110 182 230 291 341 303
7 32 74 76 110 227 293 9
19 33 76 99 159 210 295 168
40 62 73 150 186 311 314 46
50 123 149 150 237 349 358 98
74 76 110 125 266 297 349 359
46 76 110 200 297 303 349 293
7 15 48 55 76 98 349 52
9 59 104 188 209 303 374 225
7 9 32 110 189 339 382 75
43 60 67 98 169 331 334 91
0 9 52 173 193 317 349 379
22 59 256 264 330 332 350 86
9 45 119 193 291 330 350 76
9 95 127 131 227 327 330 317
9 219 252 255 256 326 330 76
9 76 127 227 230 263 341 267
120 141 151 173 185 242 334 150
35 110 122 227 257 312 349 58
9 76 110 167 172 185 247 274
22 55 98 123 259 270 339 239
35 99 209 217 238 335 374 17
15 48 55 118 152 161 349 68
31 122 209 295 303 344 374 71
7 12 31 75 121 303 371 1
7 19 121 130 132 225 297 298
19 51 99 140 150 238 295 303
37 71 86 232 269 306 311 161
43 52 55 115 134 193 259 256
52 59 76 149 209 222 374 268
1 45 76 182 291 349 350 83
7 74 76 132 146 308 311 105
2 19 76 87 210 230 295 125
19 45 48 62 82 105 110 320
19 82 128 207 222 339 364 85
9 13 50 110 127 364 371 299
19 36 128 143 184 239 364 146
1 47 81 110 128 146 185 13
9 176 206 214 222 311 355 35
67 146 231 240 245 268 331 176
19 210 219 238 265 309 336 52
9 119 154 214 218 240 289 45
17 76 88 231 245 260 381 324
35 45 109 238 300 336 370 281
9 14 46 93 119 170 218 326
53 76 170 231 245 252 326 88
35 148 219 265 300 309 336 76
9 14 119 154 170 218 326 175
19 84 184 189 210 271 295 33
19 76 82 184 206 210 364 121
19 82 121 146 206 210 309 33
9 13 50 110 127 247 371 131
0 9 11 13 32 110 250 304
7 15 32 76 107 120 196 312
11 74 241 251 286 323 327 373
19 76 81 164 175 197 234 34
9 11 74 110 119 164 206 234
11 32 110 168 234 329 345 186
9 11 14 32 110 119 250 269
19 61 90 159 221 326 380 168
40 73 111 150 173 221 380 311
50 98 123 150 237 349 358 149
52 74 110 266 297 349 354 102
76 110 230 297 303 304 349 250
15 48 52 55 98 110 349 7
9 59 104 110 209 303 374 102
9 11 32 110 182 291 303 75
7 9 32 76 110 227 327 286
60 67 98 169 251 314 331 222
9 36 52 98 173 193 349 379
22 59 131 256 330 332 350 86
9 72 105 263 267 315 341 110
9 55 77 98 115 250 339 193
9 59 76 93 99 209 374 102
0 9 76 105 119 267 350 49
9 10 16 76 150 330 350 8
33 67 98 169 222 245 331 60
79 91 98 151 234 326 370 113
9 52 76 110 250 335 339 173
59 188 209 240 334 335 374 278
9 11 96 105 281 330 350 230
19 99 159 197 210 295 321 33
40 62 73 91 150 186 344 383
11 98 130 154 297 314 349 176
11 76 98 110 306 349 381 142
149 173 219 239 255 334 382 178
20 76 176 239 269 293 350 336
7 20 110 186 207 250 339 380
9 19 41 81 97 128 222 59
9 13 76 110 127 222 339 190
19 97 160 170 233 277 326 322
40 83 91 97 111 150 356 257
52 110 125 200 297 349 380 101
76 110 200 250 293 297 349 170
15 52 55 76 98 320 349 227
59 104 177 209 242 303 374 134
9 75 110 182 190 291 303 276
7 32 76 110 227 250 327 10
9 43 55 98 259 339 349 331
9 41 76 119 131 266 303 110
19 28 99 210 239 295 336 131
9 73 76 110 119 206 266 250
9 74 98 123 215 251 259 76
19 41 81 119 128 212 296 265
9 32 76 110 119 293 327 2
9 110 127 284 293 315 371 217
107 110 119 166 293 297 328 312
36 96 119 166 221 231 328 345
96 210 219 238 265 300 336 252
0 9 37 48 119 218 330 96
19 38 125 160 187 210 277 326
15 48 52 62 154 349 356 380
22 59 86 222 306 330 350 344
7 22 131 265 267 295 306 357
22 42 67 123 169 306 331 383
40 42 73 150 186 223 257 179
52 98 110 202 280 292 335 9
59 72 209 334 335 339 374 257
9 11 105 127 206 267 379 239
11 77 98 105 219 255 312 88
11 50 76 127 172 247 371 9
9 83 119 128 186 234 247 185
19 61 76 107 111 205 240 38
22 76 151 168 221 326 330 286
59 98 209 286 324 335 374 76
10 11 39 49 105 119 350 175
9 11 105 119 127 328 333 239
51 77 219 255 259 293 360 98
63 76 127 172 247 319 343 129
9 76 86 119 174 247 262 308
19 107 154 238 252 260 334 324
16 46 58 115 131 170 330 221
9 11 46 127 297 304 330 349
11 57 119 127 200 229 304 9
81 164 169 176 197 234 240 333
11 32 105 198 200 229 346 317
11 36 128 164 168 230 293 222
11 19 76 106 210 300 370 265
11 39 60 79 80 206 222 16
19 76 159 221 240 295 380 210
40 46 62 161 237 286 290 61
52 76 102 118 197 202 217 354
11 144 150 197 200 296 349 293
19 197 210 217 270 271 295 90
9 11 19 110 127 244 371 285
19 36 76 128 177 244 260 110
1 19 32 76 80 110 128 8
11 21 119 206 244 265 301 9
67 76 95 219 231 245 351 264
19 76 210 238 265 300 336 138
108 151 164 234 293 317 349 290
76 119 174 247 259 346 354 297
36 141 219 231 312 320 345 154
36 92 119 186 244 247 346 134
50 111 128 159 210 345 382 78
3 40 113 118 164 286 290 349
3 52 164 217 293 330 349 118
19 76 122 128 168 217 344 298
12 127 211 315 344 349 371 110
19 23 45 76 85 128 225 26
48 76 110 132 154 346 364 230
32 76 119 186 189 198 247 110
15 32 36 76 110 140 293 55
13 32 113 198 241 306 346 110
7 86 119 134 198 247 261 104
76 110 128 272 296 312 339 264
48 76 110 154 259 272 364 32
64 76 119 174 244 247 317 9
15 32 36 110 238 243 259 61
13 32 110 241 293 306 364 76
86 119 134 170 186 198 247 286
76 128 271 272 331 364 379 230
2 118 167 197 234 315 349 364
74 76 119 174 189 227 247 317
0 36 110 154 231 320 345 76
74 119 134 198 247 328 346 230
19 76 159 183 197 210 321 83
33 46 76 118 234 349 355 165
9 11 127 293 304 330 346 256
76 81 164 186 252 299 330 9
119 164 174 244 247 257 303 317
2 19 67 231 238 265 330 365
19 76 81 164 214 234 326 113
74 92 110 119 186 234 247 19
50 67 168 231 245 265 330 175
9 76 119 134 174 247 330 244
69 86 107 214 221 243 330 169
98 136 161 221 234 326 349 40
76 92 119 186 247 266 304 214
36 111 219 231 312 320 345 76
36 119 174 244 247 257 346 253
19 52 159 168 210 265 380 46
0 48 62 154 241 344 349 76
22 59 76 86 116 189 349 344
9 127 244 281 308 327 330 317
67 113 142 169 290 331 339 175
40 76 150 186 211 311 356 142
9 11 15 52 110 263 349 250
59 93 120 196 209 215 374 33
105 173 257 267 281 330 350 301
9 11 105 127 206 267 379 40
11 77 98 105 219 255 265 246
9 11 50 58 110 127 339 76
76 83 92 119 128 186 247 234
19 61 107 205 287 334 335 286
60 76 81 164 234 252 348 17
11 60 110 182 293 304 349 164
55 77 98 123 149 182 349 164
11 32 110 160 217 257 304 41
0 68 98 131 151 207 339 43
11 105 206 267 293 350 358 76
101 170 207 293 301 308 379 47
98 107 111 131 169 221 230 335
98 142 151 221 252 326 356 60
19 76 110 119 186 234 247 64
67 76 110 175 231 245 265 330
76 119 174 244 247 253 330 65
69 86 107 193 214 221 330 301
55 74 115 221 259 326 349 246
92 119 127 186 206 247 330 76
36 49 127 128 219 312 345 81
36 119 174 244 247 253 257 328
113 115 156 223 265 280 296 146
16 98 182 280 298 349 359 355
9 11 127 144 262 265 268 252
22 74 133 156 172 237 312 303
59 76 100 209 241 293 374 72
10 105 173 267 272 330 350 206
9 11 105 127 206 348 379 168
11 98 105 219 255 265 272 293
11 58 76 127 247 265 371 244
83 92 119 128 186 234 247 76
19 76 107 205 217 265 287 61
76 151 205 221 265 272 330 356
59 209 252 286 324 333 350 134
10 11 39 49 80 105 350 262
11 105 120 127 244 328 333 9
51 77 219 255 267 293 356 360
11 127 129 172 247 319 343 76
11 76 119 174 244 247 308 193
19 107 109 154 238 252 334 217
46 58 98 115 272 330 334 333
9 11 127 176 229 304 330 297
11 98 127 200 229 272 304 9
0 1 76 81 131 164 234 240
11 105 110 127 229 285 346 198
42 55 124 130 226 264 349 353
3 78 140 172 197 244 265 59
32 61 110 177 222 250 327 8
43 76 86 98 219 255 330 172
9 32 110 239 250 339 375 194
9 11 110 127 244 299 371 189
19 76 159 173 226 295 339 22
40 125 150 173 226 349 356 111
52 110 202 226 240 244 349 250
86 218 288 293 308 330 332 241
11 32 48 73 110 375 382 12
9 59 78 110 131 247 329 182
38 72 78 151 173 243 330 74
9 110 174 218 247 329 330 188
19 79 99 159 168 210 295 240
0 48 154 173 259 344 349 246
22 59 189 197 226 330 349 186
9 119 127 131 137 247 295 90
9 15 36 61 205 243 259 222
9 11 54 110 127 306 371 244
67 113 123 169 326 331 339 115
33 40 76 150 186 356 372 73
0 11 52 110 127 304 349 9
9 11 76 119 137 247 293 267
98 123 222 243 259 293 334 149
2 11 32 110 160 217 304 47
104 110 189 247 276 286 293 70
67 76 79 173 222 331 334 253
98 123 173 234 237 246 349 0
78 174 206 247 304 329 334 110
0 32 36 76 78 110 264 309
32 48 76 78 104 110 359 375
76 92 119 131 186 247 368 317
36 81 111 128 219 312 345 49
36 119 174 244 247 253 328 257
113 115 118 144 234 330 349 246
22 74 123 173 326 349 370 334
9 11 32 110 127 229 326 105
11 98 131 168 219 255 326 293
35 59 209 293 326 350 374 131
11 75 105 173 206 267 350 86
9 11 105 127 206 229 379 168
11 77 98 207 219 255 293 105
11 31 76 127 265 339 371 172
9 83 119 128 186 234 247 11
19 76 107 217 287 334 354 111
76 98 115 151 205 221 330 222
0 59 98 134 209 286 333 311
10 11 39 80 105 119 350 49
9 11 105 120 127 239 333 380
51 98 219 246 255 288 293 77
11 31 63 127 172 247 319 265
11 76 119 174 247 262 308 86
19 107 154 238 252 310 334 326
11 36 77 98 115 193 349 76
21 76 146 214 238 300 370 19
11 80 111 176 177 206 214 222
19 52 142 168 210 271 295 2
19 62 82 83 182 344 349 310
11 50 127 189 244 299 371 265
19 36 97 128 239 244 252 76
19 47 80 81 110 128 293 1
9 11 21 119 206 207 301 244
61 67 76 231 244 245 331 95
11 76 119 174 189 218 247 293
11 43 55 98 240 243 259 349
11 76 78 174 206 247 303 361
76 78 81 164 234 243 326 173
2 16 118 164 197 234 349 230
11 59 76 78 189 241 247 167
11 36 128 231 264 297 345 19
11 38 190 244 247 301 328 68
11 76 96 231 253 345 346 196
11 38 96 119 244 247 311 346
19 159 210 221 295 326 380 76
123 133 197 221 237 349 350 312
40 73 98 111 150 222 356 197
11 52 98 110 113 217 349 335
98 133 161 197 237 326 334 227
11 78 136 177 247 301 329 174
0 11 36 49 78 274 345 285
11 38 119 189 247 303 328 92
22 50 98 151 167 240 272 120
59 60 76 98 209 286 374 311
10 11 72 75 327 350 381 161
10 11 77 98 219 255 293 185
9 11 21 127 131 171 300 379
0 9 11 127 131 206 211 278
2 9 11 127 150 327 379 243
9 11 15 55 77 98 382 361
11 19 109 209 238 242 374 268
7 9 11 75 110 147 273 336
11 75 98 105 227 230 306 373
11 77 98 219 255 256 339 230
11 78 136 174 247 262 265 381
11 78 81 164 234 243 259 326
36 128 166 231 293 296 326 110
11 19 45 138 210 238 300 99
11 45 119 189 210 218 346 187
24 107 125 160 211 253 265 65
79 123 151 175 256 326 330 22
19 81 109 138 210 238 269 24
56 63 109 127 200 238 247 322
76 152 167 198 206 218 330 322
36 97 128 166 259 326 328 293
11 45 109 238 245 281 370 195
0 119 150 218 283 293 346 45
19 52 125 160 210 295 326 197
19 76 82 132 210 267 349 62
11 20 104 120 127 252 371 124
19 72 85 128 210 277 371 20
15 19 20 82 96 128 210 65
19 81 82 210 264 265 289 307
11 110 127 185 189 247 308 238
11 43 167 177 189 206 317 185
36 110 128 166 185 293 326 222
11 19 99 166 210 300 339 334
11 23 76 119 176 210 218 189
19 84 160 177 228 271 277 311
65 96 175 222 233 257 369 324
19 81 109 138 210 233 238 82
11 127 185 187 238 247 322 308
76 152 198 206 218 288 322 167
36 97 166 222 231 326 369 16
19 45 99 109 210 238 281 334
0 104 119 166 172 218 346 293
84 160 220 233 271 277 362 111
96 173 222 233 257 278 334 33
67 113 243 265 326 331 339 120
40 73 76 150 186 197 314 290
11 52 98 110 202 280 292 308
9 11 119 247 257 264 328 317
36 76 128 219 231 243 345 293
9 11 127 177 185 213 247 54
11 23 64 167 185 206 317 286
11 76 96 196 231 345 354 36
11 96 119 137 247 293 379 9
11 19 45 149 312 345 354 189
11 25 45 247 266 281 283 65
0 11 119 167 206 218 257 65
19 159 210 252 260 295 380 197
0 62 133 237 257 344 349 173
10 11 119 189 247 257 272 328
0 11 36 49 177 272 345 264
11 19 173 210 238 303 336 370
11 187 206 257 272 303 334 204
67 113 169 173 244 272 331 246
40 150 173 186 272 311 314 98
11 98 130 257 272 297 349 127
11 15 55 98 272 312 349 302
15 43 55 77 98 219 349 0
11 98 104 185 209 257 374 339
7 11 75 76 257 272 306 227
19 99 159 210 252 295 321 226
62 93 123 173 237 272 349 104
40 73 98 111 150 334 356 230
11 52 76 98 110 211 217 40
98 116 133 161 197 237 326 189
59 72 76 209 257 339 374 334
10 11 85 177 257 315 327 124
9 11 39 70 110 124 137 189
7 107 110 111 205 214 383 339
22 142 175 221 226 326 349 243
52 110 173 190 217 326 349 185
1 133 161 189 237 264 326 113
11 59 76 78 241 301 344 72
78 182 289 291 332 349 350 308
11 110 127 146 194 308 375 9
9 11 110 119 137 247 301 48
11 76 98 176 205 272 349 250
98 197 307 326 332 349 350 76
74 90 132 173 295 301 308 126
19 33 99 159 168 210 295 246
35 59 62 113 240 241 311 383
10 11 110 124 131 223 257 7
7 10 39 70 110 280 315 226
52 117 172 226 308 339 349 217
9 11 131 172 213 247 281 127
36 128 131 167 182 231 280 293
11 54 76 190 213 247 304 172
11 23 167 206 315 317 379 190
11 96 154 177 231 252 345 354
9 11 96 119 137 247 379 319
11 45 149 154 240 283 345 19
11 25 213 247 266 283 301 65
0 11 119 167 206 218 257 360
19 79 159 210 252 309 380 295
61 62 133 173 237 344 349 0
11 74 172 189 213 222 247 328
98 115 167 185 223 272 379 339
2 11 36 98 272 349 381 49
11 36 77 98 272 312 349 379
98 110 154 176 297 326 349 130
43 98 167 202 234 326 349 297
98 133 161 175 237 326 349 304
19 99 230 234 237 238 379 336
11 24 127 172 185 247 327 121
11 167 177 185 189 206 317 247
11 36 49 128 177 219 345 95
19 45 109 238 300 336 370 219
11 119 176 189 206 242 272 146
19 159 168 211 309 326 380 210
15 48 130 173 197 257 349 110
59 60 102 209 252 266 374 242
7 10 102 266 303 326 340 170
67 98 169 266 326 331 382 306
33 40 73 98 150 186 372 172
11 52 98 110 202 292 335 185
59 60 209 293 312 339 374 104
11 85 161 281 315 322 327 124
11 76 173 219 255 301 335 60
9 10 11 76 127 206 286 285
11 15 55 77 98 259 293 39
11 19 102 209 242 339 374 210
7 9 11 75 110 127 306 273
11 75 105 227 230 270 306 286
11 77 98 219 255 256 339 306
11 54 95 121 127 247 270 238
11 167 177 206 296 315 317 326
11 33 52 55 150 259 349 234
11 32 110 189 250 336 346 111
11 54 76 110 127 247 327 25
11 64 76 167 190 206 326 45
19 99 159 210 221 295 299 76
11 31 110 167 206 296 355 317
1 19 32 110 128 226 250 336
11 23 32 110 146 151 180 168
110 132 151 231 324 336 354 252
9 11 110 119 124 247 281 364
0 11 119 198 206 218 288 167
11 109 110 195 226 238 281 45
110 163 180 187 333 362 375 3
107 110 221 260 274 280 336 32
36 52 74 110 198 221 355 83
3 11 110 140 201 265 375 20
19 93 110 256 264 271 355 132
15 19 115 200 224 252 271 35
48 76 110 154 259 340 351 357
11 110 119 123 124 127 131 9
9 11 50 93 110 127 217 336
15 32 36 110 177 198 265 189
13 32 110 136 180 241 306 11
11 19 164 200 210 252 336 309
8 11 119 123 206 336 339 222
106 119 193 231 264 297 331 379
19 60 193 219 252 268 300 370
11 21 119 124 154 326 339 296
19 50 125 260 271 272 312 326
74 214 252 311 337 378 383 91
11 110 111 124 127 247 327 189
9 11 167 177 206 317 357 43
11 36 76 96 110 128 198 32
11 25 185 189 190 200 315 238
0 167 176 218 257 330 379 285
16 32 167 252 260 271 277 84
140 191 214 242 244 252 313 311
9 127 194 212 215 285 346 13
1 9 127 186 227 312 330 11
23 107 132 160 169 176 328 240
11 98 144 150 221 234 349 132
55 111 149 150 173 334 355 175
76 185 186 209 285 374 383 134
9 11 76 119 127 285 286 299
77 83 98 219 255 331 339 265
11 21 76 127 171 278 300 19
9 76 86 127 175 206 267 176
9 11 76 127 206 286 296 379
15 77 127 131 243 259 265 285
19 173 185 209 265 339 374 242
7 75 110 127 175 265 382 76
19 46 159 210 268 295 321 168
3 40 46 62 161 286 290 73
42 52 90 132 217 349 371 202
59 72 186 209 339 344 374 6
7 12 75 104 211 268 371 110
19 90 125 128 210 295 321 217
19 76 82 206 210 286 323 46
15 19 82 146 206 210 309 34
7 40 76 93 146 150 186 15
15 52 110 167 202 314 349 226
59 78 142 172 184 355 383 146
32 110 211 230 267 291 381 355
7 32 48 110 168 253 300 299
19 41 81 82 110 128 210 234
9 110 150 189 247 274 287 154
19 56 160 186 210 277 308 112
19 56 83 175 218 239 257 15
19 257 309 335 339 348 381 322
45 75 98 140 161 327 381 85
173 175 219 255 293 301 335 35
47 76 81 92 127 175 291 293
9 11 49 127 144 166 268 297
9 70 105 127 166 212 368 14
9 13 76 127 212 285 346 194
1 9 11 127 186 227 330 289
23 98 107 132 160 293 328 76
11 98 144 150 221 234 349 154
55 77 111 149 173 334 355 150
76 102 185 186 209 374 383 252
9 11 76 119 127 299 380 339
77 83 98 219 255 331 339 381
11 21 76 127 171 278 300 9
9 76 86 119 127 206 267 11
9 11 76 127 146 206 286 48
15 77 98 243 259 281 382 205
35 209 238 268 296 339 374 102
7 32 75 110 127 175 382 11
19 79 87 90 168 210 295 2
19 40 82 210 271 286 290 299
52 76 93 197 217 250 349 202
46 59 142 225 339 344 374 71
7 12 75 211 268 339 371 230
7 105 121 130 132 225 297 131
19 99 147 150 238 295 303 97
45 70 131 132 146 306 366 76
1 43 55 77 98 115 259 193
59 76 209 242 268 339 374 134
45 76 168 182 291 349 350 186
7 76 105 132 222 308 311 212
19 97 115 128 142 147 246 8
9 87 105 127 154 173 212 169
9 127 164 186 194 212 285 219
1 9 11 127 173 227 330 285
9 13 110 111 127 194 371 285
83 110 128 180 198 250 336 175
13 32 76 110 180 250 373 364
110 215 244 281 308 355 375 31
107 110 221 226 271 336 364 7
36 83 110 221 226 271 364 74
3 7 110 146 288 368 375 20
19 84 93 110 132 264 271 185
19 35 115 214 252 271 357 200
9 11 105 110 326 351 357 127
0 22 36 59 110 132 231 43
11 21 238 265 300 334 339 309
0 1 11 21 119 293 326 334
11 14 32 189 250 336 345 110
11 77 119 210 291 300 336 339
11 13 14 80 119 218 379 32
11 42 96 119 227 231 326 16
19 265 293 300 334 336 339 35
0 11 14 119 175 218 326 177
84 125 168 271 277 337 382 301
177 191 248 275 311 326 337 214
9 11 110 119 178 180 247 293
4 36 110 231 255 276 368 106
150 252 300 309 334 336 360 339
0 53 119 206 267 297 358 326
32 146 189 260 271 297 324 354
63 191 214 252 275 288 337 70
0 110 154 180 293 306 340 288
110 119 189 215 247 257 368 180
19 52 62 97 210 267 349 206
67 104 118 175 200 267 331 246
52 76 142 210 293 342 349 334
0 52 59 83 146 209 374 71
7 12 97 110 244 280 334 293
19 128 210 268 295 339 372 65
19 82 97 110 168 280 311 346
9 11 49 144 217 280 327 223
9 11 48 105 110 219 330 144
9 11 49 127 144 173 268 348
9 11 105 127 173 212 253 85
9 127 164 186 212 215 285 173
1 9 11 127 227 289 330 285
9 11 13 50 110 127 371 111
83 110 128 180 198 250 288 175
13 32 76 110 180 250 364 373
110 175 215 244 308 355 375 250
46 107 110 226 271 288 364 221
36 110 132 221 226 271 364 46
3 7 32 110 146 288 375 368
19 84 93 110 256 264 271 132
35 115 214 244 252 271 357 224
16 50 110 237 340 351 357 6
11 22 32 76 110 250 272 72
22 32 76 110 128 250 272 73
9 11 110 119 178 247 337 334
0 32 36 93 110 119 250 76
0 9 119 206 244 331 334 124
1 32 110 154 198 231 250 106
9 119 214 247 257 267 365 110
15 32 36 93 106 110 250 231
9 110 127 150 306 315 319 244
39 40 98 241 265 311 326 256
16 40 58 98 241 265 332 253
21 97 265 300 307 330 332 214
9 131 175 206 214 307 334 286
9 11 127 206 286 307 328 327
0 67 88 98 162 331 339 245
79 98 118 173 230 234 334 284
11 76 154 175 272 297 349 257
19 76 210 214 230 295 383 183
19 23 82 110 119 285 346 286
19 36 110 128 168 222 231 140
11 19 21 210 238 300 334 336
0 11 21 32 119 222 293 331
11 32 76 110 168 189 345 158
11 13 14 32 119 218 281 213
11 67 96 119 166 227 345 360
11 13 14 119 210 213 218 25
19 210 230 233 271 295 309 293
32 62 82 110 131 230 274 298
19 32 36 110 189 231 255 356
19 21 210 222 238 300 336 339
9 11 68 206 222 334 360 119
19 32 210 233 265 271 309 146
9 10 11 110 127 206 269 293
36 202 231 233 259 339 383 257
0 32 80 110 128 198 293 47
92 110 119 186 234 247 296 301
32 50 154 198 231 259 340 29
32 76 119 186 214 247 365 230
15 32 76 110 140 250 334 238
13 32 110 180 241 301 306 113
0 8 11 104 119 140 296 13
9 11 48 110 219 250 330 152
9 11 49 127 173 217 268 238
9 85 127 173 212 238 253 283
9 45 127 215 283 285 346 13
1 9 127 173 227 289 330 83
9 110 111 127 214 222 371 11
32 83 97 110 128 175 250 288
13 32 76 110 177 180 250 37
110 175 177 250 281 355 375 32
7 60 107 110 221 226 271 214
36 52 97 110 128 221 250 32
3 7 20 32 110 146 375 296
19 110 128 132 239 271 272 375
19 22 200 210 252 271 299 284
19 40 52 73 140 290 344 246
46 50 140 274 290 349 359 111
111 123 214 242 265 290 334 177
45 52 76 200 202 217 339 364
35 59 209 246 268 339 374 97
11 105 124 146 226 269 350 15
7 11 68 105 120 269 357 110
98 120 140 150 225 309 379 361
11 70 86 112 269 306 379 45
19 97 140 210 265 295 382 111
19 62 97 206 210 267 349 61
31 67 104 206 244 331 379 175
40 73 142 246 260 268 290 311
50 52 197 246 274 290 349 46
111 123 149 177 214 290 334 110
52 197 210 217 298 342 349 361
59 146 209 246 257 264 374 188
7 11 84 90 105 132 298 8
9 77 267 297 312 326 349 127
9 15 77 219 326 331 349 98
46 166 264 266 269 332 350 296
9 45 119 227 244 285 298 317
76 119 126 168 186 234 247 303
67 76 79 111 231 240 266 8
46 76 144 173 234 349 362 22
22 64 168 173 326 349 370 113
51 59 102 209 241 374 383 334
9 10 51 85 105 212 315 176
7 9 10 95 127 215 303 212
9 76 98 176 227 324 349 1
98 303 307 308 332 349 350 326
74 90 132 173 295 308 326 317
19 39 76 128 234 284 295 99
39 46 59 207 241 265 305 60
10 86 105 206 267 330 350 281
9 10 105 175 267 315 379 339
58 72 113 191 266 290 379 349
2 115 222 252 301 334 358 167
9 119 127 213 267 304 358 45
0 22 23 151 222 299 334 207
36 49 128 264 285 300 345 147
9 38 119 247 297 303 312 168
67 76 79 93 240 313 377 113
114 120 151 207 215 234 240 68
88 218 262 330 332 349 350 176
9 12 105 127 215 266 293 175
50 58 72 152 274 290 349 367
9 127 217 297 301 330 349 379
9 11 127 131 189 225 304 381
76 81 164 234 242 284 339 166
19 85 128 200 210 290 344 251
52 62 131 146 249 303 364 262
52 59 168 209 214 265 374 262
9 49 64 105 134 317 382 176
9 85 105 110 127 326 327 175
51 77 219 230 255 331 361 246
51 78 113 134 185 293 296 173
9 64 78 176 212 368 380 285
9 13 127 198 285 303 346 194
3 22 40 173 227 228 326 77
9 98 227 281 326 349 373 370
9 86 159 207 218 326 330 126
9 90 105 127 295 326 379 301
19 72 76 128 210 295 326 142
19 46 76 82 96 128 286 113
35 48 59 113 122 241 310 52
1 9 10 105 176 212 293 366
7 9 10 127 212 303 346 95
9 86 214 267 297 312 349 176
55 77 98 115 267 289 349 9
9 35 59 74 78 188 293 355
9 49 64 119 127 291 358 289
16 51 122 127 264 311 327 351
81 164 214 234 240 242 293 265
9 104 110 119 186 247 368 1
19 81 119 128 239 345 380 296
76 119 185 206 252 334 380 368
19 107 150 153 214 252 354 322
9 11 36 119 127 128 312 345
21 76 80 119 120 242 300 312
9 11 119 127 175 218 330 368
36 76 110 128 231 242 345 293
1 77 98 234 297 312 349 9
9 15 77 98 219 331 349 222
1 92 119 186 214 222 247 9
46 98 161 205 250 326 349 334
9 13 76 127 247 346 371 323
76 83 119 128 244 247 346 368
19 107 219 252 265 334 354 339
76 98 115 207 223 354 368 176
9 49 64 108 119 127 358 98
8 17 81 151 164 234 240 98
46 98 133 154 164 234 349 34
40 73 122 140 296 349 366 339
9 11 45 127 154 349 380 317
9 119 144 189 225 244 346 257
9 11 119 127 131 267 312 380
67 98 120 165 169 221 365 19
98 151 197 221 234 311 326 112
22 59 72 86 241 330 350 10
9 18 72 105 127 227 308 315
36 48 49 128 200 244 345 290
9 49 119 127 225 247 303 232
39 67 98 169 252 331 339 31
98 142 151 234 311 326 339 15
9 11 127 217 225 304 381 119
11 127 284 315 330 349 369 256
9 98 127 217 284 330 349 80
81 98 149 164 234 303 339 74
64 92 119 186 234 247 252 293
65 102 168 215 234 326 349 90
0 168 234 244 331 344 380 150
22 26 59 177 222 241 330 86
127 144 175 244 291 330 350 286
76 86 207 218 241 326 330 68
90 105 122 126 281 295 379 326
19 72 210 271 277 284 295 168
19 76 82 206 222 295 336 158
19 146 188 206 284 301 309 222
19 69 171 265 296 300 348 87
48 59 62 167 211 241 311 83
0 10 86 105 206 267 350 330
8 9 10 105 175 315 379 1
8 10 98 105 219 222 255 257
35 99 102 209 252 293 374 268
7 9 10 51 105 176 212 368
7 9 10 95 212 215 303 175
50 58 113 115 290 349 379 46
2 9 115 222 252 334 358 188
9 45 119 213 225 304 358 176
17 81 164 234 239 240 301 176
9 11 93 110 154 247 274 368
19 74 76 110 119 128 345 256
74 76 119 168 206 222 334 185
19 107 214 252 286 297 354 150
11 36 119 128 283 312 345 297
21 80 150 297 300 312 371 219
9 11 16 119 175 218 293 225
36 76 95 110 128 168 231 242
19 35 64 76 99 252 336 110
38 90 206 272 293 334 342 359
19 210 221 252 277 295 365 125
37 165 181 185 218 257 337 83
22 181 242 257 301 309 381 308
61 131 171 296 300 309 365 146
9 108 193 200 330 349 350 303
9 15 77 98 219 331 349 326
18 59 78 152 264 303 383 222
9 49 119 127 291 303 358 222
9 11 122 127 264 311 327 142
8 76 81 164 234 240 293 242
13 127 131 200 247 315 371 9
9 38 110 119 178 206 247 83
4 19 107 286 287 334 345 38
9 11 119 128 312 327 345 36
11 21 76 80 120 242 300 55
9 11 119 127 175 218 286 151
36 76 110 128 231 242 345 48
19 76 99 148 210 252 300 336
0 11 200 206 253 272 355 293
19 107 169 205 221 326 339 125
98 126 151 185 221 289 326 134
58 74 91 115 221 223 303 358
2 36 49 145 317 349 362 77
36 77 134 173 289 312 349 286
91 108 151 232 240 303 365 238
9 34 36 49 232 270 376 256
36 109 123 142 149 177 238 267
9 11 49 119 131 225 267 281
39 67 99 169 251 331 339 98
114 151 172 186 207 234 311 16
123 142 197 237 311 349 358 227
11 125 217 297 312 330 349 274
9 80 187 217 312 330 349 127
9 11 119 127 131 225 286 164
61 81 98 164 284 339 360 242
9 11 49 119 144 304 346 83
11 49 104 108 119 178 267 174
19 62 82 83 182 344 349 242
50 127 189 194 299 323 371 9
19 36 67 128 231 239 252 97
1 13 19 80 81 110 128 293
9 35 74 176 214 218 311 234
67 76 176 214 231 245 331 9
9 14 119 214 218 240 244 175
17 19 76 99 106 310 381 9
9 14 45 76 218 310 326 35
17 35 76 231 310 326 381 260
9 14 70 218 265 326 383 260
46 67 143 175 244 272 370 169
1 9 119 247 267 274 337 35
10 36 41 93 252 297 382 312
0 93 119 133 159 218 283 222
19 46 83 210 271 272 295 90
19 76 82 110 178 247 293 189
19 36 132 177 239 259 345 52
9 45 76 119 176 177 218 330
67 120 146 231 331 339 360 76
9 127 174 247 256 334 337 110
36 52 132 186 231 242 293 110
47 81 110 128 293 308 326 168
206 222 244 252 326 358 368 312
17 35 231 268 293 297 331 260
119 168 190 206 232 260 293 146
17 35 95 231 238 293 310 381
14 119 168 174 206 293 326 278
17 35 76 95 231 293 381 13
14 174 206 252 260 293 326 168
19 70 210 233 271 295 299 290
52 104 110 175 257 264 349 64
19 76 231 240 264 268 293 219
9 119 175 214 218 240 311 294
19 76 106 138 200 210 336 28
9 175 176 177 218 223 326 283
19 159 210 295 299 326 380 107
52 59 200 241 246 311 380 62
7 10 52 110 280 293 339 76
52 98 200 240 246 264 349 9
78 106 200 240 268 303 339 264
9 57 110 227 249 291 299 106
9 13 110 119 158 189 249 264
1 7 87 90 225 276 289 228
43 55 77 115 234 259 349 256
76 78 102 209 268 293 339 49
20 25 32 95 110 269 293 225
43 95 98 123 189 259 339 314
110 154 173 217 249 339 349 225
9 20 49 127 225 250 358 382
18 77 98 219 242 255 339 382
9 13 20 110 127 175 304 227
9 15 55 77 98 259 285 173
19 74 102 209 242 252 374 339
73 75 76 237 291 304 350 175
9 13 18 119 127 146 306 302
19 52 118 159 210 295 321 46
40 62 73 150 186 226 344 142
98 110 175 217 292 312 349 89
9 110 131 244 293 350 371 176
68 98 104 131 150 251 259 102
59 72 98 131 209 324 374 339
72 75 118 161 225 315 327 301
76 173 219 255 265 293 301 18
19 84 85 210 233 295 326 142
40 73 97 142 241 290 344 168
50 73 118 286 293 349 358 224
64 78 86 293 307 344 348 214
8 32 72 110 264 293 327 222
9 59 131 206 214 247 329 104
9 20 43 78 173 219 259 255
9 110 127 141 239 293 375 339
15 19 159 173 210 252 265 22
59 173 185 240 241 260 311 253
7 10 12 110 226 280 293 334
9 52 98 226 240 314 349 124
9 78 179 268 293 303 334 344
9 57 110 119 197 226 291 299
9 13 110 119 158 249 346 189
1 7 87 90 225 228 276 289
55 77 115 234 256 259 349 178
9 49 78 188 222 247 293 209
13 32 110 225 267 293 346 104
9 110 123 127 133 174 293 146
19 59 81 152 164 243 293 219
37 133 164 237 290 349 358 234
2 47 76 81 92 222 304 293
9 110 166 250 304 326 346 41
39 90 107 131 160 217 326 225
19 46 159 168 210 221 275 380
40 74 150 186 221 311 349 284
50 91 142 150 167 349 358 93
12 52 98 226 227 244 349 150
78 141 226 293 303 314 339 76
13 20 32 95 110 292 325 222
9 20 104 110 174 247 293 11
9 13 119 174 225 247 304 257
19 67 76 175 326 331 377 0
59 65 78 225 234 241 293 226
20 32 95 110 293 314 325 265
81 95 164 214 276 293 336 225
0 9 89 177 239 293 349 12
37 106 200 234 349 358 359 98
0 55 98 185 259 304 349 37
32 110 141 250 293 346 371 11
7 32 131 141 226 250 293 25
13 32 110 141 314 325 346 20
19 76 159 210 221 265 295 125
35 59 200 221 241 311 380 246
10 57 90 105 110 175 244 176
10 77 105 140 154 189 255 288
9 110 118 127 244 250 348 361
9 104 119 174 247 293 315 339
98 115 223 243 293 326 331 334
19 79 97 128 169 222 298 349
32 110 154 175 293 306 340 0
9 110 119 225 247 293 346 64
0 13 36 76 154 293 320 312
9 110 119 146 244 247 293 328
32 76 110 151 272 293 339 22
32 76 81 110 164 252 272 326
0 32 60 110 140 285 381 111
9 32 38 110 159 274 327 127
38 90 107 110 111 164 293 185
36 110 177 185 221 231 293 193
19 76 106 138 210 265 336 182
0 22 32 120 206 272 304 383
32 108 110 151 231 270 293 167
110 175 177 281 308 355 375 13
107 110 221 226 271 293 364 223
36 97 110 140 221 226 364 32
3 7 20 32 110 146 375 140
19 110 128 132 226 271 272 375
19 46 110 150 186 349 364 200
36 52 110 226 280 349 364 149
8 59 68 78 98 110 184 293
32 110 140 229 293 339 375 176
19 84 200 210 265 271 290 295
40 73 140 241 246 290 344 311
50 122 246 274 290 311 349 46
104 111 123 238 265 290 334 314
52 217 249 298 342 349 382 210
59 72 146 209 246 264 374 188
7 10 105 110 122 132 226 298
8 19 85 128 132 169 364 97
15 40 73 95 150 326 364 186
52 124 132 150 167 226 349 98
59 78 141 226 241 268 303 264
9 57 110 119 249 291 299 197
9 13 119 158 189 249 346 110
43 51 55 65 115 225 234 276
72 78 167 173 176 209 339 268
20 32 95 110 225 292 325 222
19 81 95 98 164 189 336 214
11 64 110 212 293 304 349 2
32 104 105 110 212 293 368 305
98 107 169 185 214 221 226 339
95 98 166 176 219 221 255 0
9 110 127 221 222 304 336 13
15 48 55 77 98 259 289 8
14 46 170 218 222 313 370 175
19 61 67 103 228 251 310 359
9 13 37 46 87 127 225 175
36 128 146 198 231 240 252 326
19 21 219 293 300 336 339 334
48 49 159 168 206 297 312 252
19 52 84 210 271 284 295 87
52 59 62 241 311 312 344 79
7 10 110 244 280 293 334 250
10 105 130 132 226 250 280 353
10 19 97 128 222 265 372 85
7 19 97 110 250 280 364 20
9 49 105 144 182 280 380 301
9 85 173 174 176 178 238 127
9 120 127 214 224 252 371 312
9 13 110 111 127 214 371 285
83 110 128 198 250 293 336 180
13 32 37 76 110 180 379 250
110 175 244 281 308 355 375 180
16 37 46 67 176 231 261 123
9 13 87 119 176 196 383 175
25 76 110 186 226 265 308 293
7 32 110 168 198 368 375 146
32 93 107 110 221 339 355 336
36 52 74 110 140 221 364 293
3 7 32 110 140 146 375 74
19 76 84 97 110 210 271 25
19 40 142 150 186 311 349 97
52 74 98 150 226 349 368 124
32 110 168 293 314 339 346 250
7 110 175 243 250 256 346 241
0 77 98 131 219 243 255 330
55 77 219 255 272 330 349 293
37 50 110 127 189 299 371 9
76 83 119 128 186 234 247 368
19 50 76 107 205 266 287 219
98 120 123 141 151 221 330 222
9 54 127 172 190 244 319 110
9 76 86 119 174 247 308 38
19 107 238 252 266 287 324 354
18 115 223 239 246 272 293 265
15 36 49 128 296 339 345 200
9 11 13 87 119 196 303 281
19 52 76 159 210 295 380 321
40 62 111 150 295 311 349 76
52 55 149 150 167 226 349 76
110 144 167 226 250 293 303 57
13 158 198 303 304 344 346 315
19 128 168 169 210 234 295 175
13 32 242 293 301 314 346 110
64 119 168 186 247 256 368 244
19 50 107 265 287 339 354 266
36 52 154 202 243 314 349 38
59 79 209 265 268 312 374 354
9 11 37 49 64 105 127 88
0 8 72 105 161 241 327 118
19 99 102 148 210 265 336 76
9 127 252 297 312 334 356 161
77 123 189 225 255 259 293 55
9 37 52 91 123 127 349 118
37 41 51 119 120 127 303 80
76 88 119 186 189 247 379 64
19 81 164 234 293 333 379 380
108 151 164 234 268 293 349 317
35 45 214 219 268 300 370 210
14 46 170 175 206 214 326 265
35 76 123 170 222 231 245 285
35 45 214 219 268 300 370 312
14 170 175 218 222 268 313 46
19 61 67 107 326 359 380 246
9 13 46 87 127 225 281 285
36 104 128 131 231 240 252 146
2 21 219 222 240 300 339 48
48 49 168 206 214 297 312 21
19 52 97 210 246 284 295 90
52 59 79 241 311 312 344 46
7 10 110 222 244 250 280 293
9 52 98 211 240 264 349 361
110 250 293 303 344 346 361 368
55 77 115 176 234 259 289 68
32 76 80 110 250 293 314 346
32 57 110 250 260 267 324 280
74 81 151 164 215 234 339 175
110 175 176 280 293 299 304 314
19 76 90 118 159 221 339 324
40 161 172 221 286 290 311 93
20 52 102 118 250 293 349 202
59 172 209 215 242 339 374 350
7 76 110 211 250 280 339 293
43 77 98 154 211 255 259 186
76 102 281 286 299 306 349 173
19 84 128 168 210 277 295 76
19 82 97 110 168 280 311 7
9 49 105 144 182 224 280 380
9 127 160 173 174 178 186 104
9 127 214 224 268 312 371 297
3 7 32 110 140 146 375 308
10 19 76 84 97 210 271 110
19 40 52 73 140 142 290 118
46 50 184 274 290 349 364 311
0 123 149 238 265 290 334 111
52 140 166 202 217 226 364 45
11 110 131 293 314 339 346 54
7 110 164 241 243 256 298 37
19 168 173 210 233 295 321 214
62 83 140 182 196 214 349 344
9 13 50 127 189 299 371 323
19 36 97 128 239 244 265 252
80 81 110 128 150 265 293 47
9 74 175 176 206 214 355 311
67 76 214 231 245 326 331 61
19 76 138 210 265 300 336 294
9 45 119 175 214 218 326 154
17 76 214 231 245 313 381 252
45 109 210 238 300 336 370 252
9 14 46 119 218 326 380 175
42 76 170 214 231 252 326 381
64 210 214 265 300 336 370 76
14 170 175 214 218 313 326 299
17 35 170 231 252 326 379 189
35 45 64 214 265 300 370 336
14 46 170 175 206 214 326 265
50 123 231 245 252 313 331 220
35 64 214 219 300 312 370 268
14 170 175 214 218 222 313 268
19 61 67 272 326 340 359 125
9 13 37 87 127 175 214 274
36 64 128 134 223 231 252 104
39 59 168 209 240 265 374 120
9 11 49 105 161 172 288 195
72 105 120 127 161 241 327 9
35 51 77 113 219 255 293 301
9 11 127 252 297 306 380 312
43 77 123 176 255 259 293 225
52 77 123 127 225 230 349 176
59 104 120 176 209 303 374 22
9 49 105 127 303 328 350 176
9 51 119 120 127 197 303 285
81 98 164 234 240 242 303 222
9 119 178 247 287 328 334 286
96 119 252 259 297 312 345 256
9 86 119 150 176 206 380 133
86 107 169 205 221 312 339 64
43 55 91 175 221 259 349 77
9 41 119 131 221 266 303 127
19 83 99 210 295 300 379 21
9 119 152 175 189 206 266 134
19 99 159 210 295 309 380 252
62 76 78 86 241 329 349 52
9 26 120 127 175 312 355 200
43 55 70 77 255 312 349 127
41 45 119 127 189 197 303 266
24 41 81 128 265 296 345 377
110 119 166 186 247 301 306 76
24 107 115 160 243 298 339 252
45 91 123 127 243 259 339 230
41 86 119 127 197 303 304 45
24 81 109 211 233 238 328 265
9 119 174 244 247 298 303 150
24 107 115 160 238 243 324 331
14 170 218 222 306 313 370 283
19 61 67 103 228 310 326 359
9 13 46 87 127 176 225 175
36 128 146 198 231 240 252 326
19 21 210 219 300 336 339 2
48 49 159 168 206 297 312 158
19 52 84 210 271 284 295 87
52 59 62 79 241 311 344 142
7 10 110 244 280 293 334 12
10 105 130 132 226 250 280 353
10 19 97 128 222 265 372 85
7 19 97 110 250 280 364 311
9 49 105 144 280 301 380 182
9 85 173 174 176 178 238 177
9 120 127 214 224 252 371 312
9 13 110 111 127 214 371 1
32 83 110 128 198 250 293 288
13 32 37 76 110 180 250 379
110 175 244 281 308 355 375 215
37 46 67 123 176 231 261 16
9 13 87 119 176 196 383 175
25 83 110 186 226 265 308 293
7 32 110 168 198 368 375 146
32 93 107 110 221 339 355 336
36 52 97 110 140 221 364 74
3 7 32 110 140 146 375 288
110 128 132 271 272 341 375 76
19 25 200 210 265 271 299 252
0 40 52 73 140 246 290 311
50 122 140 274 290 349 364 184
0 123 214 242 265 290 334 134
52 76 140 217 226 339 364 202
14 45 95 119 121 206 326 9
19 72 125 210 256 272 295 271
0 40 52 73 78 290 356 15
46 50 227 274 290 349 359 311
0 111 123 265 290 334 339 288
52 161 166 202 217 280 339 244
35 59 209 246 268 339 374 172
49 64 105 110 161 172 301 288
9 80 105 110 120 127 326 327
77 98 161 219 246 255 361 230
73 78 172 185 296 334 360 51
9 48 64 144 212 291 355 237
9 111 127 189 232 257 301 291
9 49 189 232 257 291 312 301
1 9 18 105 176 212 368 348
7 9 13 95 127 285 346 84
3 9 22 98 214 246 326 77
58 98 246 290 293 298 326 188
2 23 115 150 238 326 358 339
1 9 52 133 182 202 285 127
9 77 149 150 293 326 349 28
9 52 127 176 260 263 349 202
22 150 196 207 326 330 349 50
9 13 127 131 189 299 304 54
9 83 95 127 206 244 317 23
19 92 119 128 186 234 247 48
19 50 76 107 111 286 287 266
16 76 108 151 152 222 330 289
8 9 16 109 127 172 238 28
9 76 83 176 198 206 218 244
64 92 119 121 186 244 247 253
19 107 109 238 260 261 354 38
110 119 127 137 247 334 339 9
67 69 193 214 231 265 330 61
119 127 174 247 265 324 334 9
69 107 169 205 221 265 330 242
55 98 221 243 253 259 349 118
9 32 76 110 131 189 303 250
110 132 186 206 247 282 301 196
60 67 76 78 231 330 379 331
54 76 119 174 247 282 330 9
19 118 159 168 295 299 380 227
15 40 111 150 222 242 349 62
20 98 110 154 226 314 349 250
11 41 110 127 247 256 344 312
74 127 206 256 296 330 359 301
31 67 69 222 265 267 293 339
9 41 127 174 190 247 267 106
9 176 198 206 218 256 330 296
19 76 106 138 170 238 293 336
127 174 233 247 256 267 301 368
4 9 170 200 206 266 317 239
67 106 170 222 231 293 335 225
45 63 147 174 190 247 257 287
0 4 170 174 206 218 330 317
17 67 106 170 225 293 335 231
11 105 110 170 200 274 337 293
19 168 173 210 252 284 295 265
19 52 104 110 257 267 349 76
9 41 120 127 178 247 265 110
9 74 127 206 222 256 317 242
19 36 110 128 267 293 326 146
9 41 127 177 190 247 330 106
176 198 206 218 256 319 330 119
78 172 200 226 264 268 303 102
13 32 110 250 267 293 346 368
9 110 145 178 225 247 276 186
9 93 110 122 175 244 269 267
19 31 67 145 293 331 360 98
9 95 110 145 185 247 269 315
36 110 128 189 231 242 243 380
19 106 138 210 265 300 336 364
110 185 206 242 276 293 303 225
19 25 110 159 210 268 309 284
76 110 154 175 306 340 349 179
9 110 127 247 315 346 371 299
32 36 110 128 252 293 339 272
32 76 81 110 164 250 293 364
7 32 110 119 200 304 364 309
32 110 132 154 225 276 306 70
9 119 127 131 190 315 371 64
7 32 110 217 250 272 315 229
9 98 115 173 196 223 315 225
2 9 98 131 177 196 212 119
9 32 110 189 197 232 250 98
0 19 25 159 221 272 299 140
0 15 48 110 257 272 349 315
25 32 110 154 266 306 340 215
7 13 64 110 131 293 306 205
19 128 225 272 321 331 364 122
32 110 154 190 306 340 364 76
9 25 76 119 225 247 315 178
9 93 110 119 175 251 337 267
25 32 98 145 151 272 330 293
9 25 174 190 247 267 270 315
25 119 174 175 190 244 247 286
20 43 86 98 219 255 330 172
9 32 110 239 250 308 375 293
9 11 110 127 200 299 371 189
76 83 98 151 205 226 244 330
59 76 78 226 239 240 270 34
7 110 170 222 239 250 375 291
9 119 146 247 274 328 381 213
19 159 210 226 295 364 380 284
15 33 40 150 223 226 260 241
36 52 110 131 167 250 349 175
68 76 78 120 224 303 308 365
7 32 37 110 222 250 304 76
19 87 168 210 284 295 305 324
15 52 59 113 241 311 344 62
7 10 19 97 104 110 371 76
10 19 85 128 210 222 227 233
19 32 82 110 168 280 311 271
9 52 177 260 280 301 330 274
9 11 70 110 127 175 250 173
9 72 83 110 127 227 371 285
32 83 110 128 198 250 336 180
13 20 32 110 250 364 379 180
32 110 175 244 250 355 375 308
67 168 193 231 261 354 364 35
9 119 196 207 244 247 267 328
110 113 165 238 243 260 336 219
7 32 110 180 243 293 375 16
32 107 110 221 271 301 336 358
36 74 110 221 250 271 364 83
3 32 37 110 132 250 281 185
19 76 110 132 264 271 276 102
19 35 115 214 252 260 271 72
19 46 62 206 210 267 349 34
67 104 118 200 246 267 331 206
40 52 73 142 246 290 311 260
46 50 52 246 274 290 359 349
123 149 238 242 290 303 334 111
52 210 217 298 301 342 349 132
59 146 209 246 257 264 374 72
7 75 104 105 110 132 211 12
19 79 132 142 159 210 339 222
15 59 62 214 241 311 344 93
7 10 12 110 244 261 280 344
55 110 124 175 226 264 349 42
59 78 172 189 240 244 339 265
32 61 110 177 222 250 327 176
43 86 98 219 255 330 339 240
9 110 239 250 308 339 375 32
9 11 110 127 247 339 371 244
76 98 151 205 239 330 339 226
59 76 78 226 239 240 270 286
10 110 170 222 239 301 375 7
9 119 146 213 247 274 381 328
19 79 159 168 210 295 380 46
40 125 150 173 226 349 368 186
52 55 124 150 167 226 349 131
78 141 224 226 268 303 314 185
32 110 250 267 314 346 368 293
65 81 145 164 186 234 276 242
9 110 250 293 304 330 334 11
110 182 226 304 330 349 379 250
32 110 215 225 227 250 346 11
107 169 221 276 334 337 339 87
55 80 145 221 259 276 349 312
19 67 202 228 326 340 359 103
9 119 207 244 247 267 328 312
36 41 64 189 231 293 326 76
19 43 210 219 293 300 336 339
9 119 176 198 218 222 293 79
19 52 84 90 210 271 295 87
52 59 62 241 311 312 344 274
7 10 12 244 280 293 334 104
10 105 130 132 226 280 353 250
10 19 97 128 222 265 372 85
19 32 97 110 250 280 364 20
49 52 134 212 274 280 330 301
9 70 110 127 175 250 346 32
9 83 110 127 227 244 371 175
32 83 110 128 250 293 336 180
13 32 76 110 180 250 379 95
32 110 175 244 308 355 375 31
37 46 67 110 193 231 354 176
9 119 178 196 244 247 328 285
25 76 110 113 260 265 322 308
3 32 110 180 243 293 375 7
32 93 107 110 221 355 358 339
36 52 110 140 221 293 364 74
3 37 110 132 250 281 368 32
19 76 84 97 110 210 271 10
15 19 140 150 186 311 349 142
52 74 98 124 150 226 349 368
59 64 78 98 200 264 303 144
110 226 250 291 301 314 381 286
7 39 76 110 175 250 346 73
9 54 59 76 110 247 329 227
78 173 205 219 243 255 259 76
52 59 62 241 246 311 344 17
7 10 12 244 280 293 334 110
10 105 132 226 250 280 353 130
10 19 97 128 222 265 372 132
19 20 32 97 110 280 364 7
45 49 52 134 212 280 301 124
9 70 110 127 175 250 346 11
9 83 110 127 227 244 371 175
32 83 110 128 198 250 293 336
13 32 76 110 180 250 379 293
110 175 244 281 308 355 375 250
37 46 67 110 168 231 354 193
9 119 178 196 244 247 285 328
25 76 110 113 243 260 308 322
3 32 110 180 243 293 375 146
32 93 107 110 221 339 355 379
36 52 110 140 221 293 364 264
3 37 110 132 250 281 368 146
10 19 76 84 97 210 271 290
15 19 140 150 186 311 349 46
52 74 98 124 150 226 349 368
78 102 172 175 185 264 303 266
9 96 110 167 177 200 330 25
11 18 68 80 110 194 375 379
9 32 92 110 127 172 330 41
98 123 205 219 255 259 315 168
9 88 110 127 229 250 289 267
4 48 110 119 190 247 345 2
9 110 127 247 293 296 371 339
36 76 96 119 128 221 345 286
0 25 119 176 196 206 221 38
0 19 76 81 164 259 377 97
19 67 228 251 326 359 380 202
9 119 207 244 247 267 328 312
23 36 41 64 86 231 326 244
19 210 219 293 300 336 339 76
9 45 119 176 218 222 293 79
19 52 84 97 142 210 295 271
52 59 62 241 311 312 344 142
7 10 12 244 280 293 334 222
10 105 130 226 250 280 353 132
10 19 97 128 222 265 372 85
19 32 97 110 250 280 364 311
49 52 134 212 274 280 301 361
9 32 70 110 127 250 346 175
9 110 111 127 227 244 371 175
32 83 110 128 250 293 336 180
13 32 76 110 180 250 379 293
31 110 175 244 250 355 375 308
37 46 67 110 176 231 354 193
9 119 178 196 244 247 328 207
76 110 113 260 265 308 322 243
7 32 110 180 243 293 375 307
32 93 107 110 221 339 355 358
36 76 110 140 221 293 364 52
3 37 110 132 250 281 368 32
10 19 76 84 97 210 271 25
19 40 52 73 140 142 290 118
46 50 184 274 290 349 364 355
111 123 238 242 265 290 334 214
202 217 244 260 297 339 349 250
15 48 55 80 217 256 349 330
31 209 303 308 339 374 379 180
7 12 75 110 121 124 303 189
9 11 52 110 188 202 264 349
9 76 110 127 172 244 299 264
76 97 110 128 293 326 339 150
9 110 111 182 190 291 346 214
32 76 110 128 219 250 293 19
9 76 119 176 177 218 286 326
76 177 231 264 270 293 354 189
9 14 45 119 189 218 293 283
9 17 76 210 219 231 381 35
9 14 111 119 177 206 326 45
9 13 17 76 231 245 379 123
9 14 119 189 218 326 383 38
19 31 32 72 107 169 223 312
8 36 52 76 128 221 242 19
47 64 76 81 110 128 232 3
9 31 168 177 206 214 360 74
67 76 123 144 231 245 379 260
9 119 189 218 294 304 383 177
9 35 45 76 210 281 381 17
9 14 35 154 218 284 326 260
17 35 76 219 231 268 381 379
14 46 175 218 265 326 383 106
19 33 210 232 253 271 295 125
19 52 64 104 110 257 356 175
46 76 105 110 230 274 334 244
7 19 36 39 128 255 286 48
19 21 76 210 293 300 360 219
39 48 68 110 206 259 265 15
67 146 231 245 268 331 334 46
9 110 119 146 247 304 356 35
36 41 110 231 293 312 326 240
19 76 138 210 293 300 339 238
19 99 159 168 210 295 377 90
0 6 59 62 102 241 377 114
7 10 46 132 148 264 364 222
8 10 46 115 132 223 359 239
64 123 132 255 290 339 344 349
35 108 110 250 266 293 304 379
59 76 104 120 196 265 374 253
7 9 10 75 110 250 265 381
43 79 98 151 195 334 339 0
123 173 237 311 339 349 358 191
52 79 101 146 289 293 349 74
37 76 78 224 241 268 293 334
9 57 110 119 230 250 291 299
9 13 110 119 158 176 189 264
42 43 65 123 225 259 289 173
0 12 52 146 217 225 276 154
59 76 209 265 268 334 374 104
9 49 105 237 315 350 381 161
9 105 176 212 230 297 368 45
7 9 96 105 127 164 339 380
1 16 123 161 298 326 349 379
22 59 76 173 209 224 374 241
9 10 11 96 105 227 330 222
10 55 77 219 255 330 349 339
23 76 102 104 209 334 374 186
0 9 49 95 105 176 350 315
23 51 85 104 151 167 368 270
9 49 51 105 177 304 361 176
18 74 115 167 173 223 246 131
0 15 49 98 219 331 349 48
36 49 241 246 306 349 358 73
19 99 148 210 323 336 339 173
19 99 159 168 210 295 377 90
0 59 62 102 241 377 383 295
7 10 46 132 148 264 364 222
52 101 132 152 239 264 349 12
78 102 224 241 268 303 381 92
9 57 110 119 249 291 299 381
9 13 110 119 184 249 357 45
1 7 42 102 225 276 339 348
19 76 128 169 173 234 295 168
15 48 154 167 179 312 349 42
9 52 60 110 293 303 381 368
59 60 93 104 196 339 374 178
7 9 10 75 110 265 303 215
3 60 67 98 169 331 339 186
0 40 60 150 186 334 356 252
0 76 101 154 226 349 381 250
0 3 49 78 86 93 339 242
0 104 110 250 267 293 304 339
43 65 145 146 219 255 276 225
0 9 127 161 179 293 355 304
9 15 48 55 98 154 349 250
76 78 104 146 168 268 383 293
9 89 110 119 127 176 250 312
39 43 98 161 225 326 349 234
49 59 76 209 241 242 374 0
9 10 11 96 105 225 330 276
10 55 77 219 255 330 349 339
59 76 104 209 225 330 374 73
0 9 49 95 105 110 176 315
104 120 123 151 270 330 368 85
9 49 105 110 147 177 304 225
18 74 115 223 228 242 246 12
7 10 46 116 132 148 364 264
10 132 150 154 239 349 359 264
0 9 45 57 110 286 304 250
59 76 93 104 196 265 374 113
7 9 45 75 76 110 250 68
43 60 79 98 151 334 339 150
12 52 72 93 173 281 289 38
72 78 92 179 241 293 339 268
9 57 110 119 250 291 299 182
9 13 110 119 158 184 250 176
42 43 123 225 259 326 339 102
0 52 146 215 225 276 339 281
59 76 209 265 268 334 374 104
9 49 105 237 315 350 381 85
9 105 176 212 230 297 368 84
9 96 105 127 164 212 380 175
1 123 161 173 298 326 349 289
22 59 76 173 209 241 374 268
0 9 10 11 96 105 330 227
10 55 77 219 255 330 349 339
23 73 76 104 209 330 374 59
0 9 49 95 105 176 350 267
23 51 85 151 167 270 368 123
9 49 51 105 176 177 304 361
9 80 105 127 263 304 379 120
58 83 115 173 223 246 308 297
15 48 49 98 219 331 349 112
49 177 241 246 306 349 358 50
19 99 148 173 210 300 336 238
9 119 167 218 222 225 330 188
9 108 119 247 286 312 345 348
19 159 210 243 268 295 380 17
19 99 159 168 210 295 377 46
6 59 62 102 114 241 311 280
7 10 46 132 148 264 364 222
52 101 132 239 264 303 349 152
78 102 224 241 268 303 381 92
9 57 110 119 291 299 381 249
9 13 45 110 119 249 357 184
1 7 42 102 225 276 339 336
48 55 76 77 104 259 293 381
72 76 78 225 265 293 383 381
42 78 110 182 276 291 304 60
7 9 68 110 265 298 327 293
19 99 173 210 271 295 372 168
19 40 62 210 286 290 295 82
52 57 76 202 217 250 349 260
59 74 120 193 225 339 374 230
10 12 105 120 132 202 307 226
7 10 105 132 225 269 339 22
51 150 230 259 295 303 309 120
37 70 71 86 132 269 306 22
19 125 128 168 210 268 295 142
19 62 132 267 295 349 357 110
19 90 120 127 132 225 306 12
19 128 181 210 233 271 277 83
19 35 82 96 128 145 154 324
9 50 110 127 189 264 371 265
36 128 202 239 252 293 326 19
80 81 110 128 146 185 293 32
9 35 119 177 202 218 311 324
67 146 219 231 245 268 293 76
19 76 99 138 210 295 336 265
9 14 119 176 189 218 265 256
35 108 110 250 276 293 304 57
59 76 104 120 196 265 374 253
7 9 10 75 110 250 265 382
43 60 98 151 195 334 339 79
28 123 237 311 339 349 358 173
52 74 79 101 146 289 293 72
76 78 224 241 268 293 334 37
9 57 110 119 230 250 291 205
9 13 110 119 176 184 189 7
42 43 65 123 225 259 289 334
12 52 146 215 217 225 276 0
59 76 209 265 268 334 374 104
9 49 105 120 237 315 350 161
9 105 176 212 230 297 368 127
9 96 105 127 164 285 380 339
1 16 123 161 298 326 349 289
59 76 173 209 224 241 374 268
9 10 11 96 105 222 330 227
10 55 77 219 255 330 349 339
23 59 76 209 330 339 374 334
0 9 49 95 105 176 315 350
23 51 85 104 151 167 368 173
9 49 51 105 176 177 304 361
18 115 131 167 173 223 228 246
15 48 49 98 219 331 349 0
49 50 241 246 306 349 358 73
19 99 148 173 210 323 336 120
0 9 119 218 222 225 330 334
9 119 247 286 312 345 348 108
19 72 76 99 210 271 295 173
19 40 62 82 286 290 295 210
37 52 93 202 217 250 349 105
19 76 209 210 238 252 265 148
9 92 119 176 289 303 350 368
9 45 147 212 228 238 334 16
7 9 13 127 146 283 303 373
8 16 76 81 115 164 259 299
9 13 127 212 222 319 328 293
76 119 128 186 214 247 368 293
76 96 119 149 265 312 345 379
13 38 74 76 119 206 286 173
32 76 110 119 168 345 379 9
9 76 119 168 174 247 383 267
8 15 76 96 119 312 328 345
9 13 88 119 133 206 382 285
107 115 165 169 221 265 308 324
58 98 115 217 221 320 330 173
46 59 200 209 222 339 374 265
3 46 98 105 246 330 350 283
9 105 127 131 146 315 326 182
9 119 137 174 247 252 301 289
19 67 76 173 205 326 331 60
46 68 98 151 234 298 326 34
9 76 119 137 190 244 247 293
98 115 205 223 243 293 312 365
59 113 209 222 339 354 374 84
9 22 49 105 119 291 350 200
9 11 49 105 127 144 146 22
9 12 105 127 240 265 381 334
77 98 219 222 255 257 265 60
19 76 210 265 293 336 339 148
22 72 86 93 186 291 350 240
7 45 127 146 175 244 293 370
19 76 159 210 222 295 380 46
9 52 98 124 226 349 358 175
59 120 209 240 242 265 374 377
9 11 49 105 172 197 368 382
9 11 80 105 119 120 370 368
9 76 92 119 186 234 247 214
46 76 113 144 266 349 366 275
22 98 113 173 326 349 370 77
59 102 185 209 241 326 374 339
7 9 10 75 105 110 315 227
9 10 11 15 55 98 331 34
22 46 98 306 326 350 368 177
9 119 126 127 293 306 326 11
9 98 115 185 223 303 326 88
9 59 78 98 179 222 368 8
19 47 81 92 127 210 304 265
9 11 49 127 166 304 332 250
9 11 49 105 127 166 327 304
9 11 105 127 166 167 194 346
60 104 107 138 160 169 234 23
9 15 43 77 98 255 259 55
19 35 102 209 238 252 265 210
9 11 75 105 127 160 212 350
9 11 48 212 234 312 349 55
43 77 98 123 234 306 349 219
9 92 119 186 242 247 303 214
81 147 151 164 234 259 298 65
119 164 186 190 234 247 380 48
16 150 168 234 306 326 349 65
0 168 234 265 331 344 380 244
9 60 127 131 223 297 349 304
2 9 49 51 98 256 332 301
9 45 48 98 127 312 349 285
83 110 128 175 250 288 293 336
13 32 76 110 180 250 364 293
110 175 215 244 308 355 375 364
107 110 221 226 271 288 364 324
36 74 83 110 221 271 364 175
3 7 110 146 250 288 375 32
19 76 84 93 110 264 271 379
19 45 115 214 252 271 357 35
9 110 119 178 244 247 351 380
16 36 76 110 189 231 250 357
0 13 32 110 119 176 180 8
9 110 127 214 259 319 371 175
32 125 271 277 326 331 351 267
113 117 165 173 214 244 275 241
9 76 110 159 244 304 327 339
25 36 93 110 167 217 231 339
32 110 188 217 250 265 271 37
79 214 246 248 291 294 311 87
22 110 154 173 288 313 340 3
9 110 119 127 281 323 327 189
15 32 36 110 167 231 250 198
9 74 110 150 190 319 339 127
19 22 125 146 260 271 272 32
35 74 214 240 252 311 354 339
10 25 110 215 315 327 339 247
110 119 247 315 327 379 380 370
24 61 107 167 260 339 379 334
36 198 202 222 231 260 354 61
76 190 200 257 315 319 339 304
32 110 124 175 180 250 337 293
25 119 200 240 247 327 379 127
32 123 167 185 231 326 379 67
9 119 218 240 244 283 323 311
19 76 106 138 210 238 336 326
9 14 61 119 190 218 326 283
17 35 45 76 170 238 326 231
9 14 93 119 190 218 326 207
19 46 72 87 210 256 295 84
19 52 62 206 210 267 349 339
15 67 104 118 206 267 331 79
40 52 73 142 246 260 290 34
46 50 52 246 274 290 349 197
109 110 123 177 238 290 334 214
32 52 76 110 141 217 236 130
13 20 32 41 95 110 141 355
7 32 55 110 303 315 349 189
13 32 141 293 303 346 380 358
19 61 118 159 246 295 339 210
59 61 62 173 241 311 339 142
7 10 12 75 246 339 371 104
52 98 200 246 298 349 361 227
13 20 32 95 110 141 346 29
19 97 159 167 186 326 339 252
59 62 79 142 173 240 241 344
7 10 20 57 87 90 105 52
98 131 210 257 284 349 359 20
19 81 92 97 210 227 298 200
45 92 95 111 166 248 289 241
11 32 76 127 257 291 307 232
7 32 110 127 257 266 371 166
58 98 115 166 173 283 284 223
45 98 166 182 274 349 359 127
19 46 107 159 160 210 224 151
46 90 92 98 102 306 349 344
19 32 82 110 168 260 280 104
9 49 105 144 182 274 280 380
9 80 105 160 186 224 370 119
9 110 120 127 194 296 371 285
83 110 128 226 250 293 336 264
13 32 76 110 250 325 364 95
32 110 175 244 308 355 375 357
107 110 221 226 271 288 364 263
36 52 110 221 226 271 364 132
3 7 32 110 146 288 375 368
19 93 110 121 132 264 271 276
35 115 185 214 252 271 382 45
9 110 168 178 334 337 351 357
9 11 93 110 127 168 382 326
0 25 36 93 110 111 231 300
11 32 110 185 198 250 355 315
32 104 110 144 168 227 288 355
32 260 271 277 301 303 382 374
87 191 244 252 260 275 337 241
48 74 76 110 154 288 340 313
0 74 76 110 119 186 247 365
15 61 140 173 238 309 336 339
9 110 127 150 306 315 319 124
19 22 76 146 271 272 278 326
0 16 35 74 91 240 252 214
9 67 110 178 240 334 337 33
0 9 11 93 110 119 168 67
25 110 119 177 247 301 368 1
61 107 193 217 260 266 354 335
16 36 76 96 110 154 198 231
1 225 238 265 300 339 370 78
0 32 33 76 110 119 206 189
20 98 151 226 243 330 339 130
20 32 110 141 250 346 351 184
20 32 110 250 315 325 375 95
19 79 97 118 159 210 268 76
40 73 197 286 290 349 361 46
20 45 76 104 217 349 359 52
98 211 278 330 332 349 350 46
58 98 115 265 281 326 330 117
20 32 110 182 236 250 293 304
19 20 52 168 210 295 383 252
20 62 122 182 344 349 376 140
9 50 110 244 299 315 323 127
0 19 36 97 128 239 244 20
13 32 80 81 110 128 185 293
9 74 176 206 214 244 311 355
32 67 76 214 231 245 331 240
9 119 214 218 240 244 294 61
19 45 76 127 138 210 238 326
9 14 45 61 119 190 218 121
17 35 76 238 252 326 381 293
9 14 93 119 190 218 326 220
19 72 210 271 272 295 382 293
9 110 152 178 247 314 344 119
19 32 36 110 177 231 255 314
0 9 13 20 32 110 177 176
9 13 110 111 127 214 371 32
8 32 107 198 248 271 293 214
36 128 146 168 221 230 231 8
19 210 238 265 293 300 339 78
9 119 175 176 218 326 330 257
19 46 210 233 271 295 309 146
20 32 76 110 185 247 329 175
15 19 74 150 206 301 309 127
35 52 104 110 116 267 349 298
19 76 81 82 92 128 339 293
110 166 189 250 269 334 347 172
7 32 36 110 128 166 231 265
32 107 110 128 166 266 293 177
19 56 84 160 271 277 294 295
19 173 218 257 290 334 359 56
19 257 288 309 322 326 334 22
7 62 74 110 266 297 349 200
7 15 52 55 189 219 349 167
22 59 86 303 320 332 350 344
9 124 127 177 194 301 308 58
9 15 98 251 255 339 382 77
19 81 82 92 128 306 339 211
9 94 110 127 244 301 306 111
19 128 160 277 284 324 339 228
19 79 82 104 128 171 311 260
19 82 96 120 124 128 257 56
48 76 83 154 217 259 264 52
9 47 48 81 127 301 347 189
10 76 127 166 206 244 347 48
10 14 166 218 293 330 347 219
14 22 104 281 293 347 379 218
14 127 174 218 283 330 347 224
19 128 160 246 277 296 326 187
19 70 171 189 193 240 337 311
19 96 128 239 257 260 311 219
9 32 52 110 124 175 330 250
43 55 123 150 196 259 330 48
47 124 127 128 299 309 347 203
128 160 239 243 246 272 334 22
15 48 55 77 98 320 349 227
22 59 303 320 330 332 350 9
32 110 127 160 177 250 269 317
9 15 22 55 98 259 339 168
19 74 81 128 306 311 339 303
9 79 110 127 301 306 346 287
31 41 67 160 169 226 369 331
9 32 52 110 131 250 330 312
9 76 98 150 186 189 330 140
48 55 98 149 150 259 330 131
17 59 167 209 256 268 374 324
17 75 81 128 189 278 291 177
9 38 95 119 127 177 330 301
67 75 160 170 261 328 331 134
38 98 113 151 170 215 221 311
7 110 125 154 202 349 359 52
32 76 110 176 250 304 349 131
22 45 98 303 332 339 350 144
9 45 173 212 237 291 332 98
127 168 189 232 291 301 380 110
98 282 291 297 348 350 355 144
9 68 176 177 212 266 315 45
13 110 127 131 160 250 267 380
55 93 98 123 173 176 259 367
19 76 102 173 209 217 374 93
10 75 105 110 269 315 350 339
7 68 110 127 194 315 375 32
9 81 93 104 128 222 224 59
9 32 105 110 196 274 380 298
19 99 125 168 210 252 295 264
19 40 73 82 237 286 290 312
19 32 52 110 217 250 349 269
67 160 166 231 266 340 382 272
9 94 127 269 304 330 347 32
36 110 111 231 276 283 288 239
47 127 128 174 257 346 347 181
19 83 84 160 210 271 295 277
19 52 110 184 207 269 349 295
19 76 85 128 233 271 277 90
19 79 82 96 128 210 330 76
110 127 174 178 247 347 379 9
19 36 52 70 125 128 239 202
32 47 70 110 127 189 347 94
47 127 128 166 181 257 347 301
19 84 127 160 271 277 382 146
22 61 96 120 175 233 257 146
9 94 119 174 247 252 347 379
32 70 110 181 320 330 347 287
47 76 127 128 257 286 347 346
32 107 160 263 265 312 382 166
32 110 111 146 198 330 349 379
48 55 98 189 196 250 349 330
22 59 86 98 330 332 350 347
47 127 128 168 257 346 347 174
19 22 67 87 160 231 264 234
98 196 207 234 297 349 350 173
15 46 77 98 149 349 355 234
22 47 110 128 222 252 347 74
127 160 166 167 231 285 347 70
47 94 127 160 304 347 380 128
13 47 148 160 174 190 347 345
13 47 80 81 170 276 287 356
19 80 107 160 166 301 340 74
19 60 81 164 221 234 246 222
10 32 78 110 127 160 250 269
19 81 110 128 222 239 324 138
9 94 108 119 127 330 347 110
19 38 160 210 271 277 364 299
19 41 56 82 105 127 364 110
7 19 45 92 110 210 250 32
56 189 218 225 334 337 364 339
128 227 257 309 339 364 380 19
40 76 150 186 222 303 311 226
9 32 110 134 193 250 349 20
59 196 209 278 339 356 374 98
32 75 110 127 160 177 189 94
15 43 55 77 98 197 259 9
19 81 92 128 200 306 324 296
9 110 111 127 185 306 346 149
31 107 148 160 306 324 382 286
52 55 98 149 150 306 349 347
59 61 200 209 215 347 374 293
19 75 81 200 274 324 339 110
9 32 54 110 250 330 347 119
7 14 19 159 160 299 324 219
28 46 118 145 146 234 311 62
19 76 77 200 219 331 335 344
19 81 82 92 128 200 324 241
9 32 54 110 330 346 347 38
13 32 110 193 250 346 380 108
32 110 111 120 127 308 371 252
19 107 111 160 271 297 382 38
28 58 98 221 237 290 349 72
52 60 98 202 269 314 349 211
19 28 97 128 210 230 326 307
19 47 81 110 113 203 347 127
31 41 67 160 169 324 369 226
9 32 52 110 131 250 330 176
59 76 196 225 301 312 374 140
45 127 160 176 253 281 308 9
43 98 131 150 259 330 347 21
17 59 131 134 167 209 374 339
19 75 81 128 165 291 324 377
95 119 127 133 177 330 347 301
67 160 169 170 261 331 336 328
32 52 110 154 250 260 349 217
15 48 55 98 167 312 349 9
22 98 113 170 332 339 350 142
127 173 291 307 347 368 380 176
32 110 127 131 160 161 303 45
55 77 98 170 259 307 349 48
19 76 99 102 209 226 374 20
75 110 182 282 291 303 330 131
1 7 70 87 167 196 225 173
67 98 99 169 170 230 331 72
98 113 145 151 170 230 307 65
20 32 36 110 250 297 349 304
59 104 120 209 303 339 374 212
7 10 12 105 110 177 350 176
7 20 32 68 110 327 375 250
9 19 41 81 104 128 224 176
32 59 110 131 274 315 380 105
19 107 125 160 259 286 368 7
9 55 98 115 219 259 349 326
59 122 173 209 307 339 374 242
9 173 177 212 237 291 350 355
76 105 110 189 232 250 291 350
9 20 105 127 131 315 327 205
32 47 81 110 111 128 168 41
47 128 166 189 257 301 347 181
22 48 49 107 160 303 383 326
3 46 98 115 173 223 324 377
32 131 267 304 330 349 382 315
43 77 98 150 196 225 330 189
35 45 109 209 268 370 374 245
32 38 75 127 190 304 330 146
47 74 81 110 111 128 219 168
47 107 127 128 160 166 257 346
19 35 67 79 160 268 311 177
98 123 211 234 311 326 349 275
98 154 217 220 297 349 354 202
15 46 60 77 98 149 349 355
19 41 81 92 128 324 372 224
47 61 110 128 160 219 347 150
47 67 127 160 166 231 347 128
47 160 174 231 304 346 380 128
13 47 160 166 174 190 304 380
17 47 81 134 276 285 287 335
47 107 128 160 166 301 340 19
19 159 160 210 222 299 380 295
15 62 98 154 200 311 349 167
20 32 52 86 110 250 349 315
15 55 98 196 312 344 349 131
43 101 127 215 266 287 291 347
13 118 127 160 253 285 346 45
60 67 98 167 169 222 331 339
59 111 167 172 241 246 374 356
10 105 242 264 289 350 368 270
6 10 68 98 115 117 223 322
18 59 78 98 222 284 356 264
9 119 189 218 294 354 383 311
19 76 138 210 238 326 336 293
9 14 119 190 218 293 326 265
19 61 210 232 271 295 382 72
19 82 110 119 178 247 344 189
19 36 76 110 177 231 255 309
0 11 13 19 32 177 326 45
9 76 110 127 186 247 265 319
69 76 107 146 169 293 360 15
36 128 146 168 221 230 231 326
19 76 210 265 300 309 336 339
9 119 175 176 218 326 330 37
19 200 210 233 271 295 309 246
19 52 104 110 175 230 257 298
35 76 119 174 222 247 317 381
36 61 128 219 231 243 265 116
19 76 127 138 210 265 293 300
32 38 119 206 219 293 326 110
0 67 106 231 246 268 331 324
9 119 137 174 247 265 337 296
0 36 41 106 110 231 289 274
19 76 138 210 238 293 336 300
119 185 206 265 312 334 337 0
19 168 210 233 246 271 295 46
76 102 110 200 272 340 349 62
92 119 174 186 200 225 247 189
50 55 59 243 259 349 379 43
21 76 119 127 210 219 303 185
76 119 189 206 219 303 326 75
48 75 119 123 219 253 293 272
119 247 267 301 303 334 379 9
0 65 81 164 168 293 349 246
32 76 110 243 250 323 373 293
31 110 175 215 308 355 375 24
107 110 221 226 271 336 364 310
36 97 110 132 217 221 226 271
3 7 20 32 110 288 375 146
19 110 132 210 264 271 355 93
19 72 115 200 214 252 271 87
9 54 110 241 247 319 329 259
13 25 32 110 229 243 351 267
32 104 112 120 271 277 351 250
24 33 173 238 244 248 365 294
9 61 110 119 178 247 317 336
0 36 76 110 189 231 265 16
0 13 119 176 189 285 374 1
9 110 176 247 265 319 329 214
72 125 147 189 252 260 271 202
214 224 252 260 274 311 332 244
9 92 110 119 186 326 330 76
36 53 110 217 231 309 382 265
19 173 210 265 300 309 339 219
0 119 180 206 264 312 326 32
32 85 189 260 271 324 354 48
173 241 246 252 275 326 337 244
9 110 119 212 265 289 339 11
36 59 106 186 189 231 260 223
21 45 238 300 309 334 339 1
0 119 189 206 265 312 359 233
125 233 260 271 297 324 354 268
24 191 233 244 246 322 337 275
9 11 25 49 110 119 127 229
36 106 231 265 283 326 337 334
11 32 37 49 110 119 281 31
40 73 98 150 186 303 314 215
9 20 52 76 98 110 202 335
59 188 209 278 293 334 374 72
9 11 105 110 144 291 301 26
9 11 18 105 189 227 370 96
9 18 77 173 219 255 257 11
76 209 265 293 335 354 374 99
9 11 123 182 291 302 315 110
7 9 11 32 76 110 227 293
52 55 77 98 150 280 349 104
11 32 73 110 131 250 293 346
19 46 76 159 168 210 295 326
7 40 46 62 73 150 242 111
52 76 110 175 267 349 358 11
9 11 76 110 140 274 293 287
98 123 243 259 284 286 349 344
11 19 21 76 217 303 309 240
11 110 176 206 217 253 304 250
19 159 210 246 268 284 309 168
93 123 133 151 237 290 349 312
40 73 98 111 150 230 356 186
52 110 125 147 297 349 354 176
7 76 110 217 293 297 349 170
48 55 77 98 293 312 349 137
9 59 209 293 303 339 374 256
9 11 110 119 144 291 350 26
9 11 18 127 267 302 370 189
41 76 81 98 164 234 314 240
9 11 110 122 127 250 293 302
19 42 61 106 159 221 275 90
48 62 154 259 311 344 349 52
22 59 86 173 189 301 314 76
42 72 115 152 223 286 339 207
0 72 78 222 224 303 339 311
49 78 127 144 257 291 330 168
9 49 63 127 131 203 327 368
81 151 164 234 240 246 284 173
19 48 168 186 234 306 336 380
16 151 168 234 306 326 349 215
0 151 168 234 331 344 380 356
41 127 200 222 252 326 334 327
9 49 127 203 217 265 302 176
18 58 98 115 132 284 328 339
2 21 63 222 284 300 339 215
119 176 206 265 304 334 339 63
0 63 67 245 328 331 339 151
19 76 99 210 252 300 336 140
63 119 191 203 218 322 330 16
76 109 170 193 231 238 245 134
45 109 210 238 281 336 370 252
9 119 170 218 267 330 334 0
67 170 175 231 245 252 301 76
122 168 170 261 286 312 345 128
9 119 247 267 274 303 328 152
19 107 169 205 221 243 380 111
98 151 185 187 207 221 311 12
22 58 59 86 221 332 358 241
9 105 127 263 315 327 339 72
48 55 127 222 259 339 349 175
76 122 209 242 303 339 374 140
9 45 127 172 208 296 373 75
9 95 127 132 208 215 283 68
58 98 115 131 205 290 308 76
2 115 193 217 297 354 358 134
32 76 110 128 219 250 355 198
32 76 110 177 180 250 373 176
24 31 110 177 308 355 375 175
107 110 135 221 226 271 364 310
36 110 132 221 226 271 364 74
3 7 20 110 288 296 375 368
19 84 93 110 264 271 290 132
19 35 115 200 214 252 271 337
110 168 250 280 311 351 364 3
7 110 178 259 280 334 351 184
9 62 76 110 119 137 242 317
33 61 110 177 200 217 271 382
24 74 252 265 296 337 383 214
3 33 36 110 168 177 353 70
0 32 76 110 120 164 189 250
0 110 119 137 247 303 319 10
0 96 119 231 260 265 373 2
19 76 121 200 210 265 336 339
0 45 74 119 176 206 334 61
2 48 69 107 169 297 339 221
0 2 119 189 221 223 345 169
81 164 223 232 242 257 361 276
119 137 247 257 278 303 319 368
0 96 119 133 231 252 373 123
35 45 109 238 281 336 370 245
0 119 176 198 218 265 370 293
2 107 169 236 252 326 337 22
11 32 74 108 110 119 299 266
21 113 120 171 267 300 303 348
0 11 76 119 149 189 218 267
22 32 79 84 210 271 339 125
125 214 224 260 271 311 340 189
45 80 92 98 121 304 382 111
19 33 114 159 174 233 321 131
45 59 142 195 241 278 321 109
7 10 76 121 153 177 371 250
45 109 115 195 222 223 240 33
45 80 92 98 121 304 382 111
19 33 131 159 174 233 334 219
45 59 109 142 195 241 321 238
7 10 45 76 121 153 177 371
33 45 109 115 195 223 238 240
45 80 92 98 111 304 382 121
19 33 45 87 159 219 233 104
45 59 109 142 195 238 241 321
7 10 45 76 153 177 240 121
33 45 109 115 195 223 240 238
45 80 92 98 111 304 382 317
19 33 46 159 219 233 334 45
45 59 109 142 195 238 241 321
7 10 45 121 153 177 240 76
33 45 109 115 195 222 223 240
45 80 92 98 111 113 382 249
19 33 159 233 261 278 334 87
45 109 142 167 238 241 278 59
7 10 45 76 121 153 240 177
33 45 109 115 195 222 223 240
45 80 92 98 111 113 382 317
19 33 159 219 233 278 334 324
45 59 109 167 238 241 278 33
7 10 45 76 153 177 240 121
33 45 109 115 195 223 240 222
45 80 92 98 111 113 382 317
19 33 159 219 233 278 334 104
9 24 98 127 297 320 354 208
15 24 77 127 219 320 331 354
9 49 50 98 114 127 133 317
17 41 61 81 127 128 336 210
9 24 87 119 247 301 354 49
107 160 252 253 324 326 354 268
24 119 127 133 268 326 327 287
19 87 90 210 295 326 383 168
19 40 82 223 286 295 349 56
59 102 209 252 268 355 374 241
10 19 20 105 132 299 339 124
19 48 99 105 110 150 210 189
10 19 105 132 144 269 291 20
20 80 105 132 202 295 298 121
19 70 83 97 125 210 295 290
19 76 82 206 210 295 354 114
15 19 97 146 150 206 309 246
52 110 202 217 236 349 356 239
19 52 128 207 239 249 356 296
19 81 82 128 189 207 339 97
9 24 119 127 133 301 327 110
32 36 110 128 166 231 293 383
32 47 76 110 128 166 185 379
74 119 176 218 311 324 339 177
17 32 49 76 231 268 297 358
19 45 76 210 300 309 336 265
14 24 45 111 119 206 242 9
17 76 123 231 245 260 354 268
45 109 210 238 300 354 370 35
14 24 45 119 218 260 354 326
15 76 170 231 245 252 354 219
24 210 219 293 300 336 371 76
9 24 98 127 297 320 354 208
15 24 77 127 219 320 331 354
9 22 49 50 98 127 133 114
19 41 61 74 81 97 128 143
9 24 49 87 119 247 301 48
97 107 160 211 242 252 324 268
24 119 127 133 287 326 327 315
19 51 168 210 271 295 383 22
59 62 241 290 295 311 324 224
7 10 104 110 152 250 371 97
10 48 52 121 132 222 349 152
78 141 172 264 268 339 344 241
11 20 32 73 110 202 250 304
32 40 110 226 230 250 276 20
7 19 41 59 81 128 339 202
9 11 110 124 178 247 339 293
11 20 36 110 128 250 345 289
11 54 87 110 119 247 319 301
32 110 154 166 250 255 259 186
22 119 133 178 247 268 296 20
15 32 36 72 76 110 250 166
9 24 119 127 133 278 306 110
83 107 111 140 160 264 265 222
76 98 123 221 234 326 349 197
11 20 32 110 202 293 349 64
41 81 92 161 307 308 328 49
11 18 20 32 95 110 177 113
107 131 160 214 270 284 368 95
43 77 98 154 255 259 349 334
20 22 59 98 131 330 332 374
9 119 127 133 252 268 278 172
34 38 59 81 140 296 339 270
14 45 119 170 175 218 285 154
19 107 175 244 270 272 326 370
151 185 221 230 239 272 334 356
9 24 49 74 87 127 184 119
0 36 41 128 131 231 239 64
21 45 76 210 219 300 336 293
119 152 218 222 239 320 356 121
67 72 120 162 272 331 339 76
19 39 40 73 76 239 356 296
50 52 217 257 260 298 349 45
22 59 207 330 332 349 350 39
9 24 127 133 195 278 295 172
19 72 128 210 271 277 295 284
19 34 61 82 96 128 232 284
21 76 171 189 264 265 300 154
0 48 127 168 187 189 206 265
36 49 128 219 239 274 345 111
19 24 74 127 210 300 336 265
74 88 119 187 189 218 265 330
36 128 210 239 290 345 359 80
40 161 223 237 286 339 349 49
11 98 217 232 257 297 349 301
19 76 84 214 222 257 277 239
34 61 69 96 175 233 257 324
24 171 250 300 324 354 370 260
74 119 206 214 252 294 383 175
36 49 90 128 219 239 345 111
19 99 138 148 210 238 300 35
0 16 74 119 131 152 218 143
36 64 88 96 107 128 239 286
40 49 161 223 237 286 303 142
98 118 217 232 257 301 349 127
9 24 98 127 297 320 354 252
15 24 77 127 219 320 331 354
9 49 50 98 114 127 133 317
22 49 59 131 209 259 374 327
9 24 49 87 119 301 350 0
0 11 24 127 195 327 348 118
22 144 168 219 255 268 354 327
24 119 127 133 175 268 327 9
19 87 168 210 295 326 383 90
19 40 62 82 210 286 290 295
52 110 197 200 217 250 349 32
59 120 209 225 339 344 374 230
10 12 105 120 132 200 298 307
19 93 128 210 268 277 295 76
19 61 79 82 206 210 326 339
15 19 34 118 150 206 309 324
19 81 82 92 128 202 301 324
9 24 119 127 133 301 327 172
32 36 110 128 166 231 326 293
32 76 110 128 250 326 379 293
32 110 206 252 260 268 311 74
17 32 110 193 231 268 297 76
19 99 138 210 250 265 336 76
0 2 45 119 168 206 223 331
17 45 193 231 245 297 381 76
45 109 238 281 300 334 370 278
0 14 45 119 218 289 293 370
17 76 88 170 231 252 301 15
9 22 210 252 300 334 336 219
14 35 45 119 154 175 218 354
15 76 167 170 231 252 301 285
24 35 210 219 238 300 334 371
10 49 105 110 322 327 355 118
9 77 98 120 219 225 255 70
9 11 127 193 224 261 296 31
9 24 40 77 98 118 326 188
9 24 98 127 297 320 354 252
15 24 77 127 219 320 331 354
9 49 50 127 133 187 317 22
17 41 61 81 127 128 336 219
9 24 49 87 119 247 354 301
107 160 252 253 324 326 354 211
24 119 127 133 287 326 327 322
19 111 173 210 252 295 383 18
19 62 82 182 196 295 349 344
59 62 209 344 349 355 374 311
15 75 105 226 239 350 370 12
19 75 128 207 210 272 277 85
19 20 82 96 128 210 326 72
19 81 82 210 265 289 339 189
9 24 119 127 133 301 327 195
32 36 110 128 166 231 239 19
32 47 110 128 166 185 326 219
119 176 202 218 311 324 339 177
17 32 76 219 231 268 297 49
19 20 97 99 138 210 336 148
14 24 45 111 119 206 354 242
15 17 76 123 231 260 354 245
35 45 109 210 238 300 370 22
14 24 119 202 218 260 326 35
15 17 76 170 231 252 354 35
19 210 219 238 300 336 370 35
14 24 119 170 218 370 383 354
15 17 170 231 297 301 354 252
1 9 119 176 218 289 323 339
19 67 76 231 264 268 336 222
9 14 70 119 190 218 304 53
1 19 76 99 138 210 231 95
9 14 70 119 174 190 218 53
9 17 45 76 167 231 252 285
14 53 70 119 190 218 326 222
19 33 46 87 125 210 295 186
19 62 257 267 339 344 349 289
15 67 104 251 267 331 379 0
9 110 119 178 217 247 334 244
19 36 76 128 217 231 290 132
0 13 67 110 177 285 346 131
0 32 110 241 265 284 293 200
9 54 110 127 212 281 371 32
22 32 107 257 301 315 334 176
0 36 128 168 221 242 339 52
0 13 20 121 175 239 285 346
0 32 76 110 128 293 345 193
0 9 119 218 315 351 381 25
41 47 69 107 214 275 332 177
0 36 221 234 242 259 315 231
19 79 99 138 210 238 294 339
0 37 206 211 214 222 304 200
19 61 84 210 271 277 295 284
73 110 119 174 184 222 247 120
36 110 177 181 189 231 255 7
0 13 32 159 177 180 285 110
9 48 80 110 127 319 371 293
107 123 181 252 297 337 361 293
0 36 168 221 230 231 337 211
1 19 35 210 238 300 339 222
17 35 170 231 245 324 326 285
35 45 109 238 293 300 370 371
9 14 93 119 190 218 222 220
19 33 46 72 210 246 295 256
19 62 206 210 267 339 349 52
67 104 118 175 200 267 331 246
52 76 142 210 293 342 349 295
52 59 83 146 209 301 374 71
7 12 110 134 244 280 334 132
19 85 97 128 132 169 331 264
40 91 95 150 311 349 364 113
9 52 172 217 349 364 381 314
18 59 98 167 209 339 374 51
13 75 98 161 244 327 381 72
95 173 219 255 265 301 330 51
1 9 127 175 176 212 368 48
9 110 127 164 175 186 380 95
3 22 98 123 227 281 326 77
9 58 115 173 293 326 339 187
2 47 48 81 92 127 301 9
9 48 120 127 166 289 297 85
23 67 114 126 131 160 226 16
76 110 182 234 250 280 349 175
114 149 222 234 280 301 349 132
9 105 110 127 176 212 304 41
9 110 127 175 250 304 346 172
22 40 98 123 191 326 339 220
9 94 173 227 326 349 382 303
9 22 51 150 230 307 332 179
9 85 127 144 168 291 330 250
9 105 127 227 263 289 339 283
9 88 114 127 274 284 349 164
35 113 175 214 219 255 301 265
9 11 127 144 168 291 330 250
9 105 110 127 175 197 339 13
9 15 55 77 98 255 285 120
19 20 99 102 209 210 374 265
9 15 22 86 175 291 350 45
7 9 32 45 110 175 301 146
19 79 128 169 210 214 234 168
32 110 172 182 202 234 241 9
9 11 110 118 119 186 247 93
19 36 76 110 128 231 345 104
0 9 19 32 67 110 177 175
9 32 110 213 257 284 293 265
9 54 110 127 172 212 371 76
19 32 61 76 159 299 380 33
46 52 123 237 246 290 349 312
40 73 111 150 222 314 356 98
52 110 175 298 304 349 382 32
43 55 98 123 172 259 267 6
9 93 110 217 250 269 287 304
36 52 110 111 128 189 326 96
19 20 21 210 265 300 336 110
32 110 189 206 211 253 288 7
19 159 168 210 260 268 309 380
52 123 237 290 312 349 350 202
40 73 111 150 230 314 356 142
32 52 110 217 222 293 349 380
41 92 110 119 186 234 247 303
43 50 55 243 259 349 379 253
19 21 119 185 222 303 326 175
110 119 177 185 206 253 303 189
43 45 48 123 175 189 253 98
1 9 110 119 146 178 247 222
19 36 110 128 132 231 239 7
0 13 19 32 110 176 177 189
9 110 111 127 259 268 371 319
7 32 107 111 252 293 339 239
36 52 128 168 221 231 239 242
19 21 210 238 300 309 339 336
9 119 176 218 222 326 330 315
19 56 84 210 271 277 295 146
19 56 74 210 218 257 295 121
169 210 257 301 309 322 326 19
9 11 104 110 119 174 293 360
36 128 131 132 231 293 337 59
0 13 32 45 175 177 285 38
9 32 110 241 265 284 293 167
54 110 111 127 146 281 371 293
22 37 48 90 107 248 334 220
36 41 63 70 221 326 360 6
0 104 121 146 175 239 285 2
32 47 76 110 128 293 345 175
0 9 119 218 281 315 351 127
41 47 69 107 214 275 332 146
33 36 221 231 234 242 337 211
19 99 138 210 300 336 339 15
0 206 222 267 268 304 360 308
19 56 61 84 271 277 295 294
56 74 79 121 218 257 359 15
150 169 175 177 257 309 322 22
105 110 151 274 298 311 334 10
18 36 39 128 222 311 356 125
18 21 49 222 297 300 339 15
39 49 77 206 222 297 360 32
32 52 110 182 202 241 293 214
9 54 110 127 247 346 371 212
19 76 107 110 221 293 326 123
98 115 211 221 223 239 349 179
59 98 209 211 339 349 374 222
10 32 75 105 110 241 346 327
0 8 34 105 219 240 255 257
9 110 144 250 291 292 330 175
9 105 127 175 229 292 304 213
15 34 55 77 98 255 259 8
54 110 127 150 172 247 306 371
19 22 52 159 210 252 295 79
48 52 61 154 259 344 349 311
45 48 110 120 189 236 293 76
8 19 81 110 128 207 252 308
1 9 74 119 176 207 218 214
61 76 144 207 214 231 331 336
14 45 70 111 119 190 218 61
1 19 76 138 210 310 336 238
14 70 111 119 190 218 326 9
13 17 35 106 231 252 326 76
14 53 70 119 190 218 326 207
19 67 125 168 169 251 331 72
32 110 182 202 229 241 334 9
110 127 146 185 222 281 371 172
76 107 110 186 221 252 293 123
36 106 128 221 222 252 371 52
19 110 128 177 193 229 297 345
9 35 70 177 218 244 351 119
61 68 159 177 275 299 351 46
28 46 118 232 234 349 355 74
9 110 189 247 286 293 304 74
1 13 19 80 81 110 128 47
9 74 119 176 214 218 380 2
9 67 76 214 219 231 331 244
14 45 119 190 218 244 294 53
9 17 19 76 210 231 381 120
14 53 70 119 190 218 326 244
9 13 17 45 76 231 326 35
14 53 70 190 218 244 326 119
19 72 125 210 271 272 295 46
46 64 206 257 267 272 349 339
35 52 64 131 161 202 297 239
9 11 110 119 178 247 314 334
36 48 128 132 231 293 345 110
9 11 13 67 131 175 177 285
9 13 110 111 127 214 371 175
107 111 123 286 293 297 312 15
36 128 168 221 230 259 326 234
19 79 138 210 238 294 339 7
9 119 175 218 222 326 330 176
19 22 46 61 210 271 277 293
9 11 22 49 93 110 123 119
36 93 167 217 231 293 320 104
11 13 32 104 175 177 285 0
9 32 110 241 265 284 293 13
32 54 110 127 212 281 371 146
22 37 107 220 248 301 334 125
36 63 128 168 221 231 334 219
0 8 13 104 175 180 285 239
32 47 76 110 128 293 345 175
0 119 166 218 303 315 351 244
47 69 107 146 177 214 275 332
33 36 177 221 231 234 337 0
9 110 119 127 189 247 286 319
19 35 46 159 168 210 326 268
0 52 133 237 314 344 349 312
10 15 92 119 186 189 247 74
50 115 189 223 243 266 272 379
47 81 110 127 189 265 272 304
119 127 166 186 247 301 346 286
46 67 160 211 243 272 331 50
68 98 111 150 173 242 272 73
9 98 110 222 250 272 349 0
9 98 110 189 272 304 349 229
59 120 144 189 209 350 374 177
7 32 110 189 263 327 375 0
9 93 110 124 182 247 319 37
19 90 104 159 234 295 380 326
79 108 154 215 237 272 349 370
0 67 72 102 144 224 331 83
40 73 98 111 150 175 356 102
7 110 125 131 297 349 359 176
32 110 126 250 292 304 349 176
59 209 256 324 339 350 374 120
9 45 110 127 285 293 300 12
55 98 123 211 259 307 308 43
9 93 110 127 185 217 247 124
19 159 234 246 260 326 380 99
86 122 173 328 349 358 370 246
17 19 222 238 308 331 349 242
40 73 142 150 223 314 356 46
36 52 110 175 280 340 349 266
59 68 120 209 256 303 374 104
32 110 182 193 291 292 350 257
32 110 111 127 160 189 301 308
71 207 298 334 348 350 368 265
7 87 90 180 194 298 308 152
48 55 68 77 118 213 259 255
42 78 175 213 285 332 334 106
37 118 194 306 327 333 342 11
11 18 43 55 259 306 349 213
19 21 207 210 238 300 337 109
11 49 152 206 252 262 337 48
48 113 118 123 205 262 328 207
19 45 76 173 210 252 271 118
11 106 119 206 262 322 337 152
67 79 88 245 331 337 367 256
55 88 115 207 234 259 349 256
11 21 149 173 207 265 337 74
11 21 49 206 327 334 337 106
55 115 197 207 349 352 358 88
59 175 189 209 334 339 374 180
2 49 105 127 207 269 274 37
151 207 213 298 301 334 352 262
11 21 109 174 207 238 337 45
21 119 206 207 262 265 337 383
113 115 116 206 207 349 358 197
59 109 113 195 238 281 334 273
2 17 37 49 105 127 207 269
19 76 159 210 271 295 321 200
19 53 161 202 220 349 356 143
50 120 150 152 230 349 356 134
59 150 167 209 213 334 374 34
37 106 110 134 144 291 296 350
11 105 143 158 194 196 256 327
19 46 159 210 326 356 363 321
19 32 76 104 146 206 315 210
9 76 110 250 274 301 339 289
19 68 99 159 160 205 252 163
40 62 73 111 150 215 349 15
101 110 125 250 297 349 354 52
32 110 200 226 250 297 349 320
15 48 55 98 227 320 349 77
22 59 86 303 330 332 350 320
32 47 110 119 127 293 308 301
19 81 127 128 230 301 345 296
9 110 119 124 127 230 247 74
72 107 126 160 243 252 253 339
15 48 55 98 243 259 339 46
19 99 102 209 210 252 339 336
75 124 196 269 273 315 350 110
7 47 110 127 189 207 379 20
7 19 24 47 81 97 167 296
9 110 119 167 214 247 286 270
19 99 159 160 168 173 369 324
62 133 173 237 311 344 349 161
19 48 81 112 128 272 328 297
74 76 110 119 124 189 247 270
72 107 160 243 252 272 324 24
113 115 189 223 227 243 272 98
59 113 209 222 272 339 374 265
32 105 110 119 127 272 293 383
47 81 127 189 272 301 326 230
92 119 127 166 174 186 247 301
50 67 160 169 272 326 331 19
40 73 76 111 150 272 334 173
9 85 98 110 250 272 349 32
9 98 189 272 292 304 349 127
59 120 189 209 256 339 374 122
47 110 119 127 293 308 379 266
19 52 81 128 147 297 331 93
92 119 127 166 186 247 301 289
19 107 147 160 274 331 368 50
15 48 55 98 219 259 356 243
19 47 81 97 127 147 306 171
9 119 127 242 247 286 306 124
19 128 147 271 272 277 331 160
19 38 82 147 171 271 383 72
19 82 96 122 128 147 197 120
113 122 133 161 237 239 338 227
19 81 127 128 147 211 246 265
10 92 119 166 186 189 247 368
50 107 147 160 239 272 324 243
98 113 115 189 223 243 272 289
22 47 48 81 127 189 272 97
119 127 166 174 186 247 346 304
50 67 160 239 243 272 331 211
40 68 98 120 150 197 272 173
9 85 98 142 222 272 349 89
9 98 127 189 272 292 349 197
59 120 189 209 324 356 374 350
105 129 237 253 291 304 350 189
89 127 146 160 281 308 317 11
24 41 81 128 129 147 324 172
48 166 206 247 276 329 382 174
48 107 147 160 166 243 324 2
2 76 81 147 164 234 243 349
48 52 55 65 164 234 349 185
32 96 110 130 189 211 230 312
41 59 81 128 147 274 296 92
38 48 59 124 247 315 329 312
110 119 127 266 293 308 379 47
19 52 81 128 297 339 356 336
92 119 166 186 230 247 301 189
19 107 111 126 160 243 368 274
15 48 55 61 243 259 356 219
19 209 210 238 268 339 374 35
7 75 105 242 269 315 350 189
7 20 110 127 160 189 207 47
7 19 24 47 81 97 272 211
9 50 110 119 247 276 286 227
19 128 160 272 277 331 369 210
19 82 96 128 154 185 330 187
76 113 133 161 227 237 338 122
19 81 128 265 272 274 324 354
10 92 110 119 186 189 247 166
50 107 160 211 243 272 324 368
113 115 189 223 243 272 379 98
50 98 111 175 189 237 272 349
47 64 81 127 232 257 301 189
166 174 186 232 247 301 346 119
50 67 160 239 243 272 331 211
40 68 98 111 150 186 272 120
7 98 125 154 297 349 359 48
32 89 110 250 292 304 349 272
41 81 92 127 128 296 324 297
92 119 174 186 247 346 347 15
26 48 50 61 107 160 324 243
55 98 123 149 243 259 339 324
19 81 127 217 296 297 324 212
110 127 196 230 247 274 315 119
19 160 219 220 277 311 336 295
19 61 82 91 96 257 311 175
20 32 110 160 189 250 346 78
110 189 247 264 276 286 301 104
76 98 118 145 205 234 349 228
76 97 105 110 226 239 306 293
0 19 46 114 159 210 326 168
40 73 150 173 215 226 349 46
52 110 250 267 349 358 382 76
59 76 78 98 104 241 332 72
32 110 230 250 291 293 355 267
7 20 32 89 110 127 160 250
9 38 110 131 274 276 287 151
19 39 159 168 205 243 309 46
39 40 142 150 173 186 349 73
52 110 125 250 297 349 354 358
110 217 226 250 293 297 349 200
15 48 52 55 98 227 349 320
22 59 86 303 330 332 350 52
110 119 127 293 301 308 315 47
119 124 127 230 247 289 356 74
15 72 98 205 243 259 339 22
64 74 214 247 286 293 319 119
17 19 91 99 159 168 380 252
0 52 133 173 237 344 349 48
10 48 106 119 182 189 247 110
72 115 189 223 243 272 339 264
47 81 127 189 265 272 301 146
92 119 127 166 174 186 304 346
50 67 69 160 243 272 331 244
68 98 111 120 150 186 272 40
9 98 110 222 250 272 349 85
9 98 189 200 272 293 349 110
48 127 131 172 247 274 334 189
59 76 173 209 241 326 374 102
9 10 11 45 75 105 270 281
10 11 77 219 255 257 270 9
10 22 59 86 267 330 350 222
9 45 119 127 212 291 295 330
7 9 13 95 127 187 267 317
23 98 115 152 223 227 339 281
11 15 49 98 219 331 349 112
11 49 50 98 133 177 349 176
9 35 48 119 134 178 247 88
19 99 159 168 210 295 380 90
46 62 90 207 295 306 349 92
19 99 138 210 242 309 331 17
59 62 209 240 241 344 374 46
7 10 105 110 293 339 371 46
10 71 72 179 349 350 382 15
58 115 132 223 284 349 382 359
59 78 125 202 224 284 382 144
2 78 232 284 304 327 349 68
132 144 175 232 330 349 382 80
19 99 128 168 169 234 295 122
40 73 91 150 186 223 372 356
36 52 110 175 280 293 349 329
32 76 95 110 111 239 301 158
68 98 116 133 237 284 370 312
35 59 76 209 296 339 374 72
7 10 104 110 127 289 334 45
9 32 42 110 122 229 272 326
18 98 115 223 272 284 320 339
16 36 49 128 300 339 345 304
9 38 119 176 218 303 330 265
67 72 113 168 169 331 339 268
39 55 115 243 256 259 349 219
76 80 110 293 304 314 346 225
32 57 110 225 249 260 304 13
19 52 76 90 159 210 295 46
19 40 62 113 286 290 295 349
52 57 110 202 217 250 349 19
46 59 120 209 225 339 374 71
10 105 120 132 226 298 307 20
19 52 87 168 210 271 295 90
19 34 62 206 267 344 349 257
52 67 104 206 246 295 331 267
35 52 64 76 113 161 202 295
9 11 105 160 250 315 346 317
9 11 13 70 194 225 346 227
19 52 76 128 210 215 295 168
9 11 110 127 190 269 371 315
18 19 36 41 76 128 364 55
1 76 110 113 128 252 326 185
76 175 176 206 252 326 368 0
17 67 231 245 268 293 331 113
19 76 138 210 238 265 336 252
2 9 76 119 189 218 356 88
17 35 45 76 193 231 245 381
45 109 210 238 281 300 370 336
0 9 45 119 218 274 326 175
76 123 167 170 231 245 252 35
35 45 109 238 300 309 370 210
9 14 45 88 119 218 380 170
19 32 107 175 182 326 340 335
19 76 81 164 221 250 293 322
46 133 164 234 293 344 349 355
9 127 296 299 339 346 371 110
7 74 76 105 132 308 311 146
8 19 52 97 128 142 207 210
9 110 127 299 315 346 371 339
19 36 67 76 128 222 239 97
1 19 47 110 128 185 326 234
9 176 196 218 222 305 311 35
17 67 76 231 268 328 354 297
19 99 138 200 210 265 336 295
9 14 45 119 176 206 326 214
17 45 76 193 231 245 370 260
35 45 109 238 281 300 370 195
9 14 45 119 175 218 326 240
19 46 67 228 231 326 340 240
9 90 119 175 244 247 328 267
16 36 64 231 240 290 307 314
19 45 210 238 293 300 370 219
0 119 149 218 283 293 326 16
19 90 125 168 210 268 295 120
19 61 82 206 210 214 270 120
19 22 82 146 206 210 309 15
19 121 171 200 210 265 300 294
19 81 82 128 211 265 293 260
32 76 110 166 189 237 340 270
9 32 61 76 110 272 301 222
9 73 110 111 127 284 371 293
32 76 107 110 193 272 293 252
16 36 42 49 231 272 283 111
45 146 166 238 265 271 296 309
9 119 218 265 272 326 330 242
32 107 110 128 160 271 272 166
4 19 128 160 181 239 272 125
59 113 144 239 241 272 364 140
10 77 98 219 255 265 272 22
19 76 81 82 97 127 128 9
9 54 110 127 247 371 380 73
31 97 107 160 211 228 324 252
98 115 223 244 272 293 320 97
2 36 49 98 281 288 349 257
36 45 77 98 293 312 349 317
60 98 108 146 151 232 303 262
36 49 113 232 270 303 344 34
36 123 142 149 238 293 365 109
19 21 76 185 210 238 300 206
9 119 127 218 330 334 368 176
19 159 168 173 295 309 380 234
46 62 133 185 215 237 311 314
10 118 189 196 272 306 349 46
0 1 67 74 238 272 331 335
40 73 150 186 272 284 356 215
36 52 110 175 280 349 370 293
19 32 95 110 111 177 185 76
19 38 104 277 284 294 311 210
45 133 173 237 289 344 380 38
59 209 241 272 293 339 374 34
9 10 105 110 272 281 327 75
18 80 98 115 223 272 339 4
2 36 49 98 272 281 349 306
36 74 98 149 272 312 349 267
19 99 138 185 210 238 336 20
104 119 218 257 265 330 334 9
6 67 112 169 272 331 339 46
40 73 114 150 186 272 356 334
74 110 125 266 297 349 354 101
85 98 110 217 293 297 349 180
23 40 150 173 186 272 334 372
7 36 52 149 211 272 349 293
19 32 76 95 110 111 239 177
118 128 134 169 224 234 284 28
4 68 148 234 237 272 349 46
83 99 149 200 295 331 335 19
6 40 73 83 150 334 356 46
36 52 149 222 293 349 373 280
32 35 41 68 110 175 281 95
19 76 99 159 210 295 380 271
48 62 154 241 295 344 349 311
59 62 209 265 339 344 374 140
68 75 118 182 291 350 383 265
7 105 132 239 308 311 370 146
19 74 81 128 207 308 323 110
9 74 95 119 189 218 289 222
9 61 67 76 231 245 331 35
19 76 99 138 210 293 336 265
9 14 45 119 154 189 218 326
17 45 76 168 231 245 252 301
35 45 109 238 281 300 370 195
9 14 45 93 119 190 218 326
76 123 167 170 231 252 301 324
19 35 45 219 281 300 370 336
9 14 93 170 218 244 326 175
76 170 231 245 285 301 331 252
35 45 109 268 281 300 370 219
14 35 119 207 218 224 326 93
7 19 103 107 244 301 326 125
46 86 98 151 207 221 239 272
9 119 178 244 247 270 286 267
36 76 128 189 231 244 345 219
43 55 68 77 115 259 349 200
59 200 209 252 268 308 374 102
75 76 133 182 291 349 350 197
7 76 105 132 239 308 311 48
19 128 147 210 228 271 277 84
19 81 82 92 128 147 271 326
9 110 127 244 315 339 371 346
36 110 128 166 231 252 293 76
32 47 110 128 168 234 326 267
9 74 119 176 218 305 311 214
9 17 67 76 231 294 354 360
19 99 138 147 210 252 336 238
9 45 119 154 189 218 326 274
9 17 22 45 76 231 245 35
35 45 109 147 238 300 370 281
9 14 93 119 190 218 326 45
76 149 167 170 231 252 301 123
35 99 147 252 300 323 334 268
9 14 46 93 175 218 326 119
123 170 231 245 252 301 326 149
35 45 99 147 281 300 370 326
14 35 93 119 218 224 326 154
32 107 110 147 271 326 340 166
19 84 147 160 161 271 277 175
19 81 82 92 147 224 257 274
9 119 178 185 244 247 286 110
36 110 146 231 239 290 307 293
2 21 55 147 219 293 300 43
0 119 121 218 293 297 326 265
84 147 160 161 233 271 277 175
47 81 92 147 233 241 257 224
95 119 184 200 247 281 285 15
19 40 62 210 286 290 295 293
52 76 197 200 217 250 349 57
46 59 71 225 242 339 374 120
7 12 75 105 211 227 371 230
43 77 98 154 215 227 255 142
59 176 177 209 335 339 374 140
7 12 75 105 132 350 370 291
19 81 82 97 128 207 210 222
9 11 110 111 198 323 371 222
7 36 110 128 166 231 293 76
32 47 110 128 250 252 293 76
9 176 206 214 311 323 355 35
17 32 35 76 231 245 268 293
19 76 99 138 200 210 336 293
9 76 119 175 176 214 218 290
17 45 76 109 231 238 245 381
35 45 109 238 281 300 370 76
9 35 45 175 198 218 326 119
76 167 170 175 231 252 380 381
19 76 210 238 293 300 334 219
9 14 45 119 170 175 218 213
32 107 166 244 271 340 380 326
19 125 160 200 210 271 295 90
19 76 82 200 206 210 214 270
15 19 82 146 206 210 309 59
19 121 171 200 210 294 300 82
19 24 81 128 211 260 293 82
9 110 119 178 222 247 380 11
32 36 110 166 231 239 293 252
11 13 32 110 176 177 326 9
9 11 110 111 127 214 371 32
8 41 107 111 160 202 301 271
36 46 110 132 221 271 364 76
3 7 32 110 250 288 375 20
19 76 93 110 264 271 339 276
35 45 115 214 252 271 339 244
3 25 105 110 198 343 351 311
36 39 110 222 231 255 311 297
32 37 49 96 110 177 200 2
32 37 111 119 206 264 334 198
32 48 125 183 260 271 277 379
24 173 177 241 242 244 275 337
48 74 110 154 250 288 340 173
76 92 110 119 214 247 250 35
15 25 61 76 238 250 309 173
13 32 180 198 241 250 306 301
0 8 13 119 185 265 288 284
9 110 127 214 259 319 371 315
16 76 112 125 260 271 272 22
16 35 74 79 214 252 311 8
33 48 110 154 167 259 340 320
0 9 119 134 174 247 311 76
15 61 109 110 231 238 243 219
13 32 45 180 241 250 306 301
41 119 134 198 247 286 328 86
31 32 50 96 110 119 149 198
42 119 146 198 206 218 266 173
0 32 38 110 119 284 379 198
54 127 259 267 284 308 319 371
16 125 180 260 271 272 284 19
16 24 35 214 224 311 315 252
33 76 110 158 177 294 340 3
32 49 76 110 198 250 272 177
0 11 32 110 120 267 272 212
36 46 110 132 221 271 364 76
3 7 32 110 250 288 375 368
19 76 110 132 264 271 339 93
35 45 115 200 214 252 271 339
3 25 105 110 198 311 351 343
36 39 110 222 231 255 311 198
32 49 96 110 128 177 200 2
32 111 119 198 206 264 334 9
32 125 260 271 277 354 379 297
24 173 191 199 244 248 275 242
0 9 11 110 178 322 337 267
25 36 110 146 168 231 320 198
11 32 110 185 198 250 334 382
32 80 110 168 227 284 293 301
32 125 222 260 271 277 382 303
173 191 199 244 252 275 337 311
48 74 110 154 288 313 340 76
9 110 119 137 301 311 368 76
15 32 61 110 173 240 250 355
9 110 124 127 150 180 319 315
19 22 76 125 271 272 297 326
0 16 35 74 252 311 337 240
9 110 126 195 247 334 337 25
25 32 49 110 168 198 250 124
32 110 185 212 250 284 303 139
13 32 110 124 189 194 233 158
0 11 32 54 110 250 304 47
76 119 120 137 234 247 368 10
32 72 107 158 263 324 382 267
32 73 110 217 299 339 340 198
32 38 76 110 172 198 264 24
76 119 137 247 301 343 368 354
62 113 133 237 311 344 349 290
111 113 241 248 272 288 349 285
144 232 257 272 291 350 368 9
9 11 74 127 244 327 330 232
9 90 98 113 256 272 297 251
67 113 169 186 272 290 331 68
6 40 150 186 272 334 372 178
6 36 52 149 211 272 349 147
11 49 96 128 177 287 345 76
31 96 177 206 239 334 356 48
19 87 90 168 210 271 295 197
19 40 62 210 286 290 295 82
52 57 197 202 217 250 349 22
46 59 71 225 230 339 374 209
10 105 120 132 200 298 307 12
43 77 98 154 215 255 259 68
59 177 200 209 211 339 374 301
7 75 80 105 110 250 350 361
9 19 81 128 207 252 308 222
1 9 180 206 207 222 323 289
19 76 219 231 245 268 323 35
19 76 99 138 210 265 336 52
9 119 180 214 218 289 356 219
45 53 76 109 231 238 245 35
11 45 109 238 281 300 370 35
9 14 175 198 207 218 326 45
76 170 231 245 252 285 301 175
19 35 219 238 300 334 370 45
9 14 35 170 175 218 285 180
19 46 72 122 125 210 295 200
19 76 82 206 210 214 270 46
15 19 76 82 206 210 309 146
7 19 31 104 107 221 339 76
55 98 221 276 293 339 349 250
13 32 110 141 250 303 346 76
19 159 173 210 252 295 339 168
48 154 173 259 311 344 349 72
22 52 59 113 189 344 349 240
9 119 122 127 131 174 247 301
9 15 36 110 122 189 243 185
9 58 110 127 306 319 371 150
67 79 115 169 326 331 339 98
40 73 76 98 150 186 372 120
35 52 98 110 250 280 349 263
9 11 32 49 105 110 293 131
32 49 74 110 128 312 345 51
17 32 48 49 110 250 359 120
93 110 132 134 178 247 327 193
32 38 72 76 107 193 227 110
32 144 154 221 231 259 324 13
76 119 133 154 247 297 365 332
15 32 36 72 76 110 379 140
0 11 32 54 110 306 339 293
0 9 64 76 120 174 247 296
107 122 146 221 308 324 340 193
15 92 119 133 186 221 234 131
16 19 98 168 221 234 349 186
0 67 168 227 234 331 380 344
46 59 98 209 241 366 374 311
9 10 11 49 105 110 315 161
9 11 80 105 119 120 127 368
11 15 55 77 98 105 255 265
102 209 238 265 293 339 374 76
9 11 32 75 127 269 350 147
110 119 185 206 250 253 303 76
45 48 119 123 175 239 373 253
9 119 134 189 247 301 303 334
96 119 256 345 348 379 380 2
0 9 42 119 200 206 303 133
0 67 79 98 244 252 331 224
9 119 174 247 252 257 317 64
36 41 55 222 243 259 349 219
92 119 134 137 186 247 303 76
48 96 119 149 175 312 345 76
38 76 119 198 206 218 266 286
45 74 98 123 189 259 379 142
41 119 218 247 303 379 383 328
19 45 96 109 119 210 238 99
0 16 119 175 200 206 303 146
19 79 159 168 183 210 268 46
48 52 61 154 259 314 349 202
22 52 59 86 173 189 349 306
9 127 244 281 308 327 330 45
76 81 95 110 164 256 330 19
74 76 119 134 186 234 247 317
119 168 174 244 247 304 330 67
67 102 168 169 193 221 331 144
40 98 150 186 221 246 290 331
45 52 98 167 217 301 349 110
16 98 133 161 227 237 326 113
59 72 209 257 301 339 374 98
9 11 49 105 110 127 293 172
9 11 105 120 127 309 348 230
11 77 98 105 219 255 265 293
9 11 50 127 150 247 371 76
76 83 119 128 186 234 247 368
52 132 210 217 301 342 349 298
59 146 172 209 246 264 374 257
7 12 75 104 105 132 268 211
19 79 132 159 210 261 339 90
40 93 150 186 241 344 368 7
52 98 147 150 167 226 349 296
11 32 110 123 186 346 368 222
13 32 110 227 264 330 346 131
1 7 11 32 110 131 227 212
19 76 81 98 131 164 176 113
11 20 29 32 89 110 346 186
29 32 110 227 330 346 383 89
1 11 15 20 32 110 250 104
9 11 29 32 110 176 306 250
7 67 132 134 164 231 245 268
32 110 123 173 186 229 346 312
29 32 110 227 330 346 383 229
1 32 141 178 265 301 303 173
32 76 110 229 301 373 380 346
32 110 209 227 265 346 383 13
1 32 92 110 120 229 303 13
19 159 221 265 299 308 326 284
35 59 113 221 241 268 311 173
7 10 32 52 110 173 280 250
55 132 141 180 226 264 349 113
78 110 120 264 265 339 348 270
32 61 104 110 176 177 327 293
43 86 98 172 219 255 330 339
9 32 110 239 293 339 375 250
9 11 110 127 131 189 299 371
76 98 151 205 226 244 330 83
59 78 226 239 240 270 341 34
19 99 102 209 210 265 339 76
7 32 110 250 253 327 375 75
60 67 98 99 169 222 331 147
7 125 154 202 234 349 359 312
32 110 250 273 292 329 349 285
59 76 209 324 339 350 374 214
9 10 105 173 227 267 350 281
94 127 293 301 308 315 379 84
15 77 98 105 219 230 255 22
22 33 59 267 330 332 350 222
9 22 45 127 177 253 308 214
43 55 98 115 123 259 339 93
9 93 110 174 217 247 347 64
19 93 99 168 210 295 380 159
62 83 86 133 306 349 358 350
19 67 222 308 309 331 349 146
40 73 150 186 289 290 314 15
45 52 110 167 217 260 335 304
98 133 161 189 227 237 326 22
64 74 104 177 247 257 334 7
32 36 98 110 193 217 349 272
64 119 174 189 247 286 379 270
19 51 168 210 246 271 295 290
19 48 62 154 311 344 380 349
59 62 189 209 339 344 374 140
68 75 182 207 291 350 383 3
7 132 146 222 239 308 311 269
19 85 128 207 210 271 277 290
19 82 96 128 154 207 219 326
9 110 127 194 239 270 308 285
19 36 52 67 128 239 382 293
32 47 72 83 110 128 134 70
22 51 59 197 330 332 350 86
9 45 127 175 194 301 308 370
9 15 22 77 98 259 382 55
9 70 127 190 306 346 371 110
19 99 159 168 210 234 295 17
15 48 62 240 241 278 349 311
10 62 239 264 306 350 383 323
7 148 168 306 330 349 368 90
19 76 99 110 210 331 355 383
9 127 175 177 270 346 370 285
19 36 96 128 231 252 382 114
22 32 47 72 110 128 347 113
48 59 151 166 186 252 347 47
38 67 152 160 231 311 347 17
47 81 146 189 347 355 359 134
35 127 152 174 268 327 347 209
19 22 67 107 160 231 340 83
9 94 104 189 247 286 315 64
36 114 125 149 231 240 297 110
47 79 114 125 129 222 359 22
68 166 174 186 329 334 347 247
19 159 160 272 299 326 380 7
59 62 113 164 241 311 380 344
10 105 206 262 267 330 350 86
45 94 101 167 308 347 379 131
33 58 98 115 311 330 349 320
47 70 81 168 189 265 347 222
166 174 186 206 247 329 347 224
74 78 107 160 243 252 326 72
98 151 189 243 244 330 339 86
7 19 47 81 210 238 336 99
14 166 174 224 281 329 347 76
19 76 99 102 209 210 339 374
7 32 110 250 253 327 375 64
60 67 98 99 169 222 331 147
7 125 154 202 234 349 359 176
32 110 250 285 292 329 349 273
59 76 189 209 339 350 374 324
9 10 105 173 227 267 350 257
47 84 94 293 301 308 379 110
15 77 98 105 219 230 255 356
22 33 59 267 330 332 350 222
9 22 45 127 177 308 370 133
43 55 98 115 123 259 339 93
9 64 110 119 174 217 247 287
19 99 159 168 210 295 380 17
62 83 86 88 173 349 358 133
19 67 242 309 331 335 349 222
40 73 150 186 223 290 314 91
45 52 110 167 217 260 335 280
98 133 161 189 227 237 326 149
61 64 174 189 247 270 286 110
32 36 98 110 217 272 349 250
9 76 119 146 174 189 247 270
2 19 168 210 271 290 295 87
19 48 62 154 311 344 380 349
59 62 140 209 339 344 374 3
75 182 207 291 301 350 383 68
7 132 146 222 239 308 311 269
19 85 128 207 210 271 277 290
19 82 96 128 154 207 219 323
9 110 127 177 194 270 308 285
19 36 67 128 239 293 382 52
19 32 47 72 110 128 134 234
7 32 75 110 242 327 375 250
19 99 159 168 210 295 380 324
62 93 104 123 237 349 377 197
33 40 73 111 150 230 290 367
20 40 45 52 110 167 217 250
22 98 133 161 237 326 334 113
76 110 131 247 274 334 344 74
36 68 98 110 193 217 349 272
64 111 119 247 270 286 379 189
19 51 72 168 210 271 295 90
19 62 82 83 182 196 349 295
9 45 127 194 308 315 346 370
19 36 67 97 128 239 382 272
19 47 72 128 134 234 267 67
48 59 151 166 186 252 347 53
38 67 152 160 231 311 347 127
47 76 127 134 146 189 347 355
35 127 174 209 268 327 347 152
19 22 67 160 231 272 340 46
9 94 168 189 247 286 347 270
36 114 125 198 231 239 371 240
47 81 114 125 222 283 359 79
68 114 166 174 186 329 347 168
19 83 128 210 271 272 277 160
19 82 96 128 154 210 260 219
76 105 206 267 349 350 366 257
9 127 175 266 267 293 308 86
47 48 70 81 92 347 382 127
14 48 59 166 186 247 347 252
107 114 127 160 286 311 347 151
36 96 128 154 274 290 297 123
20 22 105 267 303 347 350 86
15 22 48 55 70 243 259 205
9 110 119 127 190 269 306 102
67 104 113 169 264 326 331 99
7 110 154 202 234 312 349 359
32 110 131 189 250 304 349 285
59 189 209 214 339 350 374 76
9 10 105 173 267 312 350 257
9 127 293 301 308 315 379 94
77 98 105 219 230 255 356 15
22 33 59 267 330 332 350 222
9 22 45 127 177 253 308 124
33 76 81 98 134 164 234 115
48 119 127 174 234 247 339 70
32 47 70 110 128 312 345 119
32 47 87 111 119 206 334 252
19 60 107 169 221 312 324 86
43 98 115 123 221 259 339 55
9 110 127 172 174 217 247 188
19 33 99 159 210 295 380 17
62 83 86 133 173 349 358 76
19 67 222 242 331 335 349 22
40 73 150 186 290 314 356 185
45 52 110 167 217 260 335 280
98 133 149 161 227 237 326 189
59 72 209 241 278 339 374 301
10 105 110 123 257 270 301 126
9 53 182 196 291 292 350 301
7 10 32 110 160 227 269 127
10 77 86 98 219 255 292 9
9 22 86 98 330 332 350 72
45 127 267 291 347 350 358 9
45 94 127 267 285 293 379 101
9 48 119 127 242 306 346 208
19 99 159 168 210 295 380 33
62 123 197 237 306 349 377 83
40 73 111 123 150 186 222 290
40 45 52 110 167 217 292 20
22 98 133 161 227 237 326 197
7 48 54 104 110 247 334 93
32 36 77 98 110 217 349 193
119 174 177 189 247 286 293 379
19 51 72 168 210 271 295 2
19 40 61 210 286 290 295 168
32 52 110 217 250 269 349 76
59 71 120 193 225 339 374 180
10 105 120 132 200 269 307 227
19 76 93 128 210 277 295 268
9 110 127 189 209 346 370 177
19 36 128 177 198 239 382 222
32 47 83 110 128 134 347 1
48 59 151 166 186 252 347 301
38 67 152 160 231 311 347 127
13 47 134 146 189 270 347 355
35 127 152 166 174 268 347 72
19 32 83 84 260 271 277 253
79 110 178 198 247 286 328 297
36 110 125 189 231 255 371 297
32 47 110 125 177 222 347 276
47 68 166 174 186 329 347 188
19 32 160 210 233 271 295 72
19 52 104 110 257 267 298 133
9 104 110 178 215 247 317 347
36 93 110 128 168 219 345 48
19 47 84 128 160 271 277 293
9 64 119 176 247 287 328 356
0 76 96 154 231 345 354 297
9 96 119 237 243 247 358 74
107 111 169 185 221 222 266 293
39 98 111 131 221 237 243 358
15 98 189 221 232 257 259 301
9 110 127 257 293 306 331 232
76 98 115 229 257 297 349 293
19 76 159 168 210 295 380 222
9 32 73 110 293 314 334 239
12 40 93 115 223 243 265 380
78 189 222 243 264 265 293 304
32 110 241 293 314 327 346 0
0 14 22 98 314 326 349 323
9 154 200 217 229 249 349 326
9 12 127 200 257 327 371 227
98 127 144 200 237 349 358 288
9 11 127 182 281 293 301 222
19 76 140 159 210 295 321 265
59 61 62 102 241 311 383 12
7 10 32 105 110 293 340 200
52 130 154 202 217 312 349 200
9 64 127 172 237 288 358 299
98 123 133 154 167 230 349 177
61 110 127 164 247 264 285 317
98 101 223 286 349 355 358 227
0 9 119 222 247 293 307 317
9 101 127 243 317 379 380 56
19 76 87 168 210 271 295 299
19 82 87 105 161 274 349 257
19 82 85 128 200 210 364 251
52 57 146 161 202 249 364 200
25 76 110 128 250 264 293 32
3 23 32 110 146 180 250 168
76 110 193 231 252 281 354 355
9 11 28 119 176 247 285 134
109 110 128 226 238 293 360 243
3 32 110 180 293 328 375 187
8 32 107 110 221 301 355 226
36 74 76 110 221 226 293 8
3 110 140 201 288 308 375 265
19 25 76 84 128 210 271 110
19 20 82 87 105 110 274 226
0 19 85 110 128 210 364 290
23 36 52 97 217 349 364 110
9 11 32 105 110 189 270 120
9 11 110 247 286 293 326 214
76 98 219 243 255 259 293 48
68 76 78 189 285 293 350 51
32 76 110 184 250 293 327 177
9 76 110 214 234 274 293 229
9 39 48 219 255 259 315 243
9 20 110 127 229 250 326 175
8 9 111 119 230 247 379 328
0 67 76 293 296 331 334 252
9 20 52 182 202 250 349 110
8 9 77 98 149 150 349 200
9 20 52 127 229 260 349 110
9 20 127 196 308 371 381 184
11 119 127 234 297 312 349 77
55 77 95 98 166 189 349 127
9 11 20 48 119 247 368 303
19 36 76 127 128 131 345 96
31 119 127 176 206 304 326 334
9 11 119 127 206 293 334 304
19 118 123 159 210 309 380 110
0 52 123 237 311 349 377 312
110 154 217 293 306 340 349 215
59 76 131 209 301 350 374 293
10 32 110 229 250 293 327 257
10 22 77 98 202 219 255 314
9 119 124 127 131 182 291 110
98 111 115 131 173 215 223 0
2 36 49 77 98 119 349 89
29 36 77 98 293 312 349 230
74 119 146 180 189 247 257 346
76 81 98 164 240 272 293 8
19 110 168 186 234 306 336 48
16 98 168 169 234 326 349 28
0 168 234 331 344 356 380 151
0 40 73 272 296 349 361 219
46 50 197 272 274 290 349 311
102 109 111 123 238 290 339 224
11 52 110 127 301 349 361 118
76 86 119 177 196 247 293 9
9 127 144 250 291 330 379 243
0 9 45 127 251 308 327 238
67 118 169 221 272 326 331 98
33 40 73 221 240 260 311 246
45 101 110 175 217 312 349 315
9 119 137 247 288 293 315 368
98 149 150 205 259 312 349 43
19 21 210 230 238 266 336 300
0 119 150 206 215 312 354 11
22 43 59 147 173 284 376 98
48 131 133 146 173 263 379 317
127 144 168 243 291 330 379 85
9 110 127 194 200 308 375 104
19 38 147 168 271 277 326 17
19 59 241 257 311 326 380 357
10 90 105 110 175 293 349 177
10 19 59 81 128 147 284 213
10 32 76 110 166 237 293 340
9 11 119 247 272 293 346 61
76 96 166 229 231 272 293 36
9 11 119 243 247 350 379 381
32 110 131 146 229 237 272 293
15 36 189 232 259 272 301 257
9 127 247 257 286 293 306 189
32 107 110 128 160 271 272 147
83 98 115 152 223 311 326 39
105 229 274 304 332 337 349 2
19 122 131 147 183 271 277 326
19 20 40 73 210 286 290 3
32 52 110 197 217 250 349 19
59 71 120 209 225 339 374 242
10 20 105 120 200 293 307 132
43 68 77 98 154 255 259 215
19 81 97 128 147 265 383 41
64 110 119 247 270 301 346 76
36 97 110 128 166 231 250 32
19 97 138 147 210 250 293 20
45 79 119 189 218 256 330 339
67 166 231 245 268 328 331 79
9 85 119 184 247 304 346 108
36 41 166 222 231 293 301 184
45 109 147 238 281 293 370 339
45 79 119 218 222 283 293 238
92 119 127 131 186 247 293 295
0 67 69 79 331 334 339 251
16 33 40 73 150 186 197 314
45 52 98 167 197 217 349 110
133 161 197 227 237 326 334 98
9 76 92 119 186 247 368 15
50 96 217 231 252 266 345 301
9 38 119 127 174 247 380 186
36 95 128 193 217 345 354 229
9 38 119 127 174 247 301 244
98 154 175 246 259 272 334 3
22 49 98 185 197 332 350 272
48 119 127 174 247 301 327 312
98 127 175 200 237 349 358 36
15 98 127 222 259 301 349 36
9 78 127 174 247 306 329 0
19 78 159 210 243 295 380 168
0 61 62 133 237 314 344 39
10 197 207 237 264 272 306 196
0 46 113 232 257 272 331 79
40 61 73 150 272 284 314 356
7 125 131 154 297 349 359 176
32 110 250 293 304 314 349 211
15 76 92 111 119 186 247 37
55 98 123 149 243 259 349 0
0 78 174 217 247 329 379 76
69 78 159 206 243 309 380 326
46 123 237 272 290 311 349 93
40 73 98 150 230 314 356 142
36 52 110 175 211 349 373 280
59 68 120 209 293 303 374 308
9 11 105 110 270 281 293 229
9 25 76 110 229 274 287 371
39 219 229 243 255 259 315 349
127 146 179 229 244 250 262 197
68 74 111 119 247 379 381 146
0 67 69 76 200 331 377 19
48 52 150 197 234 259 349 98
110 230 250 266 297 304 349 293
92 110 119 186 234 247 293 76
43 50 55 98 243 259 349 230
11 19 21 76 127 210 303 219
76 110 119 127 206 293 303 0
11 48 119 127 273 312 349 243
0 43 67 98 169 266 331 365
52 127 173 229 293 304 349 250
11 92 119 127 174 186 247 76
55 98 123 149 243 259 349 43
109 127 209 238 293 350 374 334
0 32 75 110 241 293 375 127
43 76 98 133 212 237 349 334
32 76 81 110 164 293 326 278
9 119 127 198 227 247 272 124
0 76 96 189 231 272 345 90
9 74 76 96 119 186 247 124
50 69 107 221 252 272 297 193
79 98 115 221 223 272 379 113
0 50 98 227 237 272 369 88
98 232 237 257 272 348 358 349
8 9 15 98 229 257 301 55
19 74 76 127 209 252 374 238
37 75 110 127 241 293 303 76
19 33 159 210 268 295 365 197
0 123 197 237 272 290 349 46
114 119 154 191 218 268 354 383
35 154 167 220 231 245 381 310
9 14 88 198 211 218 320 191
19 22 107 244 261 310 340 193
19 52 161 210 271 295 326 268
19 140 189 206 210 267 349 200
67 104 118 200 206 267 331 244
34 40 73 142 246 290 311 244
50 52 72 197 244 274 290 210
110 123 149 214 238 290 334 355
52 132 210 217 244 342 349 295
59 146 172 209 257 278 374 264
7 19 104 105 110 268 298 132
19 130 132 210 217 295 334 326
52 59 62 93 241 311 344 0
7 10 95 110 244 250 280 32
10 105 130 132 226 250 353 110
10 19 97 128 132 222 372 308
19 32 97 110 226 250 280 214
9 49 52 105 127 154 280 212
9 48 49 59 105 173 241 270
9 65 75 105 127 186 328 268
25 110 178 247 301 317 331 119
25 32 110 128 250 264 336 76
32 110 134 146 168 180 250 23
67 93 110 231 252 268 281 222
9 48 65 110 127 269 371 224
32 36 110 175 176 226 293 73
32 76 110 177 180 250 293 176
2 76 110 190 222 250 375 32
31 110 244 281 328 375 380 263
22 76 107 110 221 266 271 214
47 76 131 147 193 260 326 120
10 70 114 206 214 323 380 0
17 76 88 114 231 245 268 252
114 119 154 191 218 268 354 383
35 167 220 231 245 310 381 45
9 14 88 191 218 244 320 235
19 32 107 244 304 322 340 301
19 52 118 210 271 295 326 87
40 73 104 118 140 241 290 274
37 50 140 274 290 311 349 359
111 123 177 214 242 290 334 0
52 210 217 244 342 349 382 249
59 97 146 172 209 264 374 134
7 19 75 105 110 211 268 104
19 85 97 159 183 210 339 71
37 59 61 62 97 241 344 79
7 10 32 110 244 261 280 250
10 105 130 132 226 280 353 250
10 19 97 128 132 222 308 280
7 19 32 97 110 250 280 214
9 49 52 105 110 127 154 11
48 52 59 105 173 241 327 9
9 65 75 105 127 186 328 10
25 110 178 244 247 288 301 317
19 25 76 110 128 264 336 250
23 32 76 110 168 180 250 146
67 110 132 231 252 281 336 268
9 48 65 110 127 269 371 119
36 110 128 175 176 226 368 288
32 76 110 177 180 250 293 13
2 32 76 110 190 250 375 325
31 110 244 263 281 375 380 177
119 133 149 189 191 207 218 268
17 35 134 231 245 297 379 123
14 21 84 119 127 304 380 0
47 76 88 106 131 147 260 193
0 10 70 114 206 323 380 222
17 35 88 231 245 268 310 76
114 119 154 191 218 268 354 232
35 154 167 220 231 245 310 381
9 14 88 191 198 211 218 320
19 107 193 244 261 310 340 22
19 52 87 90 210 295 326 290
19 61 140 206 210 267 349 97
67 104 118 175 206 246 331 79
34 40 73 142 246 290 311 260
50 52 72 197 274 290 349 359
123 149 214 238 242 290 334 355
32 52 110 141 217 236 349 293
32 76 95 110 141 176 293 31
20 32 55 98 130 293 349 110
20 32 141 217 226 303 336 76
20 32 128 131 159 161 210 19
59 61 118 142 164 241 339 256
7 10 20 37 75 211 298 175
40 98 111 223 237 286 349 227
20 32 110 141 217 226 257 232
20 32 95 110 141 293 346 76
33 98 159 167 183 334 339 19
98 151 223 230 344 349 356 62
31 40 73 142 180 290 366 333
34 50 73 91 197 290 372 274
45 118 180 217 344 349 359 301
40 98 117 150 176 223 372 368
33 62 98 151 223 344 349 111
40 73 142 256 344 366 376 104
50 58 145 257 274 290 356 142
50 150 175 217 303 333 349 301
32 37 52 110 154 250 349 134
20 142 144 150 226 267 292 196
19 20 52 84 210 217 295 142
19 62 182 196 344 349 376 140
74 86 119 189 222 244 247 328
19 20 36 41 67 97 168 38
9 76 119 176 189 218 330 127
67 76 79 244 246 272 331 268
9 31 65 127 223 224 319 265
19 36 41 110 128 231 382 0
0 19 32 47 110 128 222 293
120 163 176 189 206 252 380 244
67 103 166 231 245 326 331 351
114 119 127 174 190 206 244 293
19 99 106 138 205 210 238 293
0 14 45 143 198 206 283 114
26 47 76 131 147 244 292 10
16 119 175 206 252 268 323 92
76 149 231 238 268 293 381 17
88 119 149 189 218 268 354 133
17 35 231 245 299 379 381 193
14 21 119 127 304 326 380 244
47 76 120 125 131 193 260 326
0 10 70 114 206 244 328 62
17 149 231 245 268 379 381 114
119 191 218 244 268 354 383 154
17 35 154 167 231 245 381 297
9 14 198 211 218 244 361 88
9 17 65 119 127 268 269 110
19 34 159 221 299 351 380 87
59 62 79 241 311 377 380 35
9 10 87 105 127 274 349 110
10 115 223 240 274 339 349 140
109 123 238 257 290 365 370 341
9 49 52 127 154 172 249 112
59 104 120 173 209 283 374 198
38 49 65 127 173 291 350 45
9 17 18 65 127 268 356 269
34 77 98 150 259 312 326 331
9 20 52 127 274 304 349 179
9 119 127 212 215 291 332 308
48 127 189 232 257 312 330 9
9 65 127 189 257 291 301 304
9 119 127 232 257 291 330 292
9 65 127 160 269 339 348 66
17 19 99 159 210 268 295 165
59 62 79 102 140 240 241 114
10 76 110 127 194 249 381 105
7 10 105 132 243 256 349 80
115 132 223 270 320 339 359 37
12 52 132 182 274 296 349 257
19 149 168 210 222 271 295 252
19 40 62 82 97 286 290 93
52 65 154 222 249 250 349 19
59 71 180 209 333 339 374 242
7 12 75 110 152 211 371 339
7 48 96 105 121 132 297 298
19 99 140 150 238 295 303 51
45 70 131 132 146 306 366 379
19 76 90 140 210 250 295 197
119 154 191 218 232 354 383 370
35 45 167 220 231 245 381 17
14 88 119 176 198 211 218 9
19 22 32 107 244 310 340 261
19 52 210 271 295 299 326 290
19 140 200 206 210 267 349 244
67 104 118 200 244 267 331 206
34 40 73 142 246 290 311 268
46 50 52 197 274 290 349 244
123 149 214 238 244 290 334 35
32 52 110 141 217 236 293 349
13 32 108 110 141 293 346 120
19 61 130 159 210 309 339 98
52 59 61 62 140 241 339 311
7 10 12 75 211 339 371 177
52 98 296 298 349 361 382 200
32 76 95 110 214 293 346 177
32 55 110 130 226 259 349 9
32 52 110 141 217 226 303 75
19 20 32 110 128 159 293 250
40 53 142 234 237 329 349 176
20 32 110 182 232 257 293 226
98 151 223 232 268 303 349 123
34 40 73 76 142 180 284 290
50 58 73 142 197 274 290 76
20 142 180 217 301 349 359 118
40 46 98 117 150 223 286 372
32 110 144 182 226 250 304 149
19 33 142 159 183 210 298 295
62 113 151 223 230 344 349 190
40 73 113 142 172 344 366 333
34 50 73 142 290 298 372 140
1 124 127 250 293 371 382 339
51 55 98 123 259 266 339 43
98 150 173 176 186 286 339 304
9 105 110 119 149 250 293 304
19 46 99 159 168 210 295 284
48 62 154 173 311 344 349 0
22 52 59 86 113 116 197 189
32 48 110 293 295 327 339 168
9 136 219 239 255 339 361 330
9 51 110 119 127 285 381 175
9 59 78 241 247 329 339 297
67 76 78 189 205 243 331 79
7 15 40 76 150 186 331 111
52 55 98 149 150 240 349 51
78 134 174 224 247 268 303 86
9 110 119 291 299 302 381 57
9 13 26 110 119 249 304 158
39 42 43 77 123 225 259 51
12 52 146 217 225 227 276 281
35 59 76 168 209 334 374 268
9 49 105 134 161 315 350 0
9 72 105 161 241 327 370 244
19 99 148 168 219 255 293 240
9 37 90 127 197 306 327 112
60 72 77 103 127 219 255 126
22 35 116 150 164 326 350 227
9 127 227 301 308 317 326 281
46 123 144 234 266 326 349 34
22 77 113 168 173 326 349 224
59 102 209 241 326 374 383 370
10 75 127 225 263 281 327 45
10 51 76 168 219 255 293 23
9 75 110 127 175 327 348 105
4 77 98 219 225 255 257 22
19 23 99 173 209 210 238 293
9 16 85 105 176 212 350 76
7 9 95 127 194 215 303 212
9 96 146 151 154 234 349 200
59 140 167 209 374 379 383 200
9 26 49 74 75 83 285 301
9 22 51 77 98 219 255 72
22 76 177 266 326 332 350 150
9 127 177 293 308 315 326 95
19 46 52 197 210 295 380 168
19 40 62 286 290 295 349 189
8 37 52 152 202 217 349 222
70 132 189 295 312 334 349 8
59 209 225 241 295 339 374 215
7 10 75 105 132 268 371 12
19 52 125 128 210 295 339 76
19 76 82 121 206 210 295 31
15 19 48 206 210 295 309 150
19 81 82 92 128 223 269 202
7 9 110 119 178 222 247 293
32 36 110 166 231 239 293 128
0 11 13 32 110 131 176 177
9 80 110 111 127 323 371 293
8 32 107 110 166 271 293 326
19 83 128 160 221 239 295 230
52 55 110 223 349 358 364 250
22 59 209 239 364 374 377 76
1 9 105 110 176 326 327 304
22 77 98 219 255 288 339 361
35 99 209 238 293 334 374 7
59 62 114 241 295 339 380 311
7 10 19 105 110 132 293 267
10 132 150 154 284 349 382 68
9 26 110 176 202 330 349 45
9 51 76 110 119 285 293 298
77 98 219 255 264 339 379 382
22 59 176 177 330 350 369 72
1 9 122 127 263 295 308 177
0 67 98 169 331 334 339 122
28 123 142 234 237 349 358 0
52 55 72 112 146 222 349 289
78 241 268 285 303 334 337 264
9 57 110 119 291 299 302 230
9 13 110 119 189 249 304 368
42 43 48 55 77 225 255 289
73 144 150 289 330 332 350 49
9 76 119 127 225 250 285 336
43 65 115 123 259 284 290 383
12 52 112 146 217 281 339 227
59 76 168 209 334 374 383 289
49 105 134 176 281 288 350 368
9 105 110 120 127 237 327 326
4 48 51 77 219 237 255 257
9 36 49 127 144 291 330 176
9 127 131 146 177 263 370 301
22 40 77 98 123 326 369 93
72 98 246 274 290 293 326 50
2 19 23 115 126 326 358 99
52 76 126 127 274 339 349 9
77 126 149 150 255 259 368 48
9 119 127 154 285 349 381 118
9 15 112 238 289 307 331 48
0 9 13 19 32 177 326 176
9 110 111 127 214 281 371 175
8 32 107 111 271 293 326 110
8 36 128 168 221 259 326 231
7 19 210 238 300 309 339 55
9 119 175 176 218 326 330 339
19 118 210 233 271 295 309 293
9 19 82 95 127 161 290 110
32 36 110 202 217 231 293 52
9 32 110 119 178 247 319 146
32 76 96 198 231 312 345 293
9 96 119 184 198 247 346 379
32 36 189 231 252 260 293 146
19 76 210 265 293 300 336 309
0 37 119 218 222 293 330 334
24 96 118 119 202 219 231 360
19 74 210 238 293 300 370 252
0 9 119 218 267 274 330 257
36 87 128 231 234 259 326 296
35 64 134 219 260 300 370 45
93 119 190 218 222 304 330 37
19 210 233 271 293 295 309 125
9 82 110 326 330 334 337 12
19 32 36 110 128 276 326 146
13 32 64 110 250 304 326 314
32 80 110 185 227 293 301 168
31 32 76 159 202 221 299 326
0 48 154 185 222 293 344 311
22 32 59 110 189 222 306 374
9 51 119 127 197 295 339 298
9 119 133 174 247 296 297 266
15 36 55 61 76 259 265 113
19 52 84 97 142 210 271 290
62 83 182 214 293 344 349 257
9 13 50 189 299 346 371 127
19 36 97 128 182 239 252 67
13 47 80 81 110 128 293 64
9 74 121 176 206 214 311 175
67 76 214 231 245 326 331 146
7 19 138 210 238 265 300 294
9 119 214 218 240 289 326 45
17 35 76 231 245 326 381 260
35 45 109 238 293 300 370 210
9 14 46 170 214 218 326 93
35 76 170 214 231 301 326 381
35 76 238 293 300 326 336 309
14 35 119 175 218 293 326 9
76 170 220 231 252 313 326 35
35 238 293 300 323 326 370 19
9 14 170 175 206 214 326 285
50 123 214 231 245 313 331 326
35 214 219 293 300 312 370 45
119 214 218 224 268 326 383 35
61 67 169 272 326 340 359 125
9 119 247 267 285 289 346 222
36 222 231 260 293 322 326 154
19 23 210 219 293 300 370 43
9 37 119 198 218 222 293 220
19 125 210 271 272 293 295 142
20 82 105 161 210 274 349 87
19 46 128 200 210 274 290 0
52 62 146 249 293 303 364 379
52 59 209 262 265 374 377 214
49 85 105 120 237 373 381 9
19 47 81 127 210 252 268 336
51 119 127 174 247 267 329 206
76 107 148 160 243 266 362 220
76 81 164 197 234 243 259 333
48 154 164 185 259 349 355 366
47 110 119 127 200 304 339 160
0 24 59 67 83 331 339 365
123 151 161 234 326 339 349 224
11 58 98 131 234 330 349 34
119 127 131 297 304 339 381 355
22 35 77 98 225 326 349 172
58 172 179 274 290 326 333 98
2 19 115 301 326 336 358 265
2 22 127 150 197 330 349 333
17 92 127 182 245 304 348 176
108 151 270 289 330 339 367 136
92 119 127 174 304 307 348 322
19 38 210 221 277 295 326 197
40 62 76 150 314 349 356 285
52 101 110 125 297 349 380 274
7 32 76 110 293 297 349 45
7 15 52 55 98 239 349 293
22 52 59 147 330 332 350 86
47 89 119 127 177 292 308 301
19 81 127 128 311 336 339 230
119 127 178 230 247 301 339 336
24 107 126 160 243 265 339 252
15 55 98 243 259 339 356 227
19 209 226 265 336 339 374 242
7 19 75 81 97 129 350 79
3 95 127 178 228 247 301 238
9 119 127 208 301 315 371 95
19 21 171 210 217 301 336 300
110 119 179 206 217 221 304 189
98 122 151 173 185 197 330 253
19 74 81 127 174 185 238 175
76 110 119 127 304 327 336 274
107 160 185 214 252 293 324 238
38 81 164 175 238 259 370 239
38 119 127 211 304 327 381 86
77 98 120 219 225 255 349 22
47 110 119 127 200 304 339 366
38 107 169 185 221 337 339 174
36 98 123 221 259 326 349 130
19 110 127 210 217 250 336 73
110 119 206 217 278 304 339 257
19 38 197 210 277 293 295 61
40 150 173 223 314 349 356 154
52 101 110 125 147 297 349 269
32 45 56 110 293 297 349 76
7 15 52 55 77 98 349 293
22 52 59 98 330 332 350 303
47 89 110 119 127 177 308 301
19 59 81 127 128 230 311 185
74 119 127 174 230 247 339 178
19 107 126 160 243 252 368 253
15 55 98 243 259 339 356 175
19 209 242 265 336 339 374 180
7 32 75 110 127 160 215 243
7 19 81 97 129 158 167 24
95 127 167 178 238 247 336 228
9 119 127 208 293 339 381 287
19 38 152 160 210 233 277 306
19 20 82 96 128 210 257 187
19 81 97 109 127 210 238 354
9 18 119 127 148 326 336 25
36 110 128 166 231 252 326 185
19 99 127 173 210 300 336 148
49 119 206 252 293 326 334 45
19 38 160 210 277 294 295 197
52 62 123 197 237 290 349 173
40 73 150 179 186 230 356 290
52 101 110 147 266 297 349 125
110 211 293 297 303 304 349 230
15 48 55 77 98 293 349 7
22 59 98 175 330 332 350 303
22 47 119 127 177 301 308 266
19 59 81 127 128 230 296 336
92 119 127 166 186 247 301 230
24 107 126 160 243 253 259 61
15 48 55 98 243 259 339 356
19 173 209 238 252 339 374 242
7 75 110 127 140 160 215 32
7 19 38 81 97 129 158 24
9 95 127 167 178 238 247 319
9 76 119 127 154 166 184 381
17 19 38 160 187 233 277 173
19 20 82 96 128 187 210 257
122 133 161 237 264 290 344 289
19 81 97 128 239 265 272 61
10 74 92 119 186 247 380 381
50 61 107 160 239 243 272 368
113 115 189 223 243 272 379 366
2 22 47 81 127 189 272 15
127 166 174 189 272 304 329 119
4 67 160 239 243 272 331 205
11 31 32 47 61 110 128 14
31 119 127 166 174 247 351 206
4 19 107 238 243 336 354 160
36 61 96 231 252 345 354 76
25 96 110 119 247 287 319 380
19 22 47 114 238 283 336 25
13 100 119 127 166 174 329 265
19 22 107 111 221 270 308 301
11 96 189 221 231 301 345 36
67 110 111 247 287 319 327 25
32 45 47 96 128 174 267 0
19 83 107 160 166 286 351 315
19 22 61 168 210 271 295 261
46 133 140 168 339 344 349 200
40 92 109 150 330 349 366 241
16 58 98 140 167 332 366 355
50 98 111 142 214 248 332 349
47 81 92 127 257 291 307 15
127 166 174 247 286 329 346 92
4 67 107 160 166 243 286 95
98 108 131 151 243 270 339 257
19 47 81 99 138 210 336 127
119 127 166 174 329 346 380 257
67 160 169 243 244 272 331 31
50 61 76 98 150 234 349 330
11 32 47 110 127 130 304 301
19 159 210 246 272 321 339 46
46 118 167 230 234 272 284 151
16 25 41 110 127 287 319 19
14 19 41 47 84 128 219 317
119 127 166 174 177 247 329 10
4 19 107 111 160 243 286 80
19 38 61 83 160 277 326 210
59 97 173 241 268 344 380 52
7 10 110 250 280 356 380 97
52 280 335 339 344 349 355 108
59 209 242 252 268 354 374 265
9 11 105 127 186 268 350 131
2 9 49 105 127 133 350 91
9 104 105 120 127 133 327 93
55 77 80 120 158 255 349 173
19 76 102 209 265 336 374 252
9 75 91 116 120 127 334 299
15 77 83 154 349 362 366 230
52 74 110 127 250 297 355 76
73 78 178 189 215 289 348 268
11 127 215 241 327 332 336 309
86 219 241 255 291 330 332 148
9 122 127 215 295 348 373 199
19 38 114 210 271 277 295 173
19 47 81 82 92 110 177 239
104 127 166 174 247 329 346 189
4 74 80 107 160 166 243 286
28 74 127 181 243 349 359 230
41 127 131 297 304 346 381 252
37 92 120 127 134 287 317 2
19 114 165 168 210 233 277 271
19 21 47 81 92 113 383 174
119 127 154 166 174 252 329 175
107 160 239 298 326 346 380 256
127 233 239 243 289 349 359 230
41 127 131 175 286 297 304 146
92 119 120 127 134 252 348 37
19 165 170 233 271 277 383 168
35 59 200 209 210 265 374 238
7 10 12 19 268 317 371 250
19 96 105 121 130 132 297 299
19 25 48 150 189 210 225 357
19 71 118 132 144 306 326 267
19 23 84 210 271 295 321 128
19 76 82 88 200 206 210 52
15 19 52 200 206 210 309 121
48 52 59 200 217 241 311 309
7 10 19 110 145 250 280 32
10 19 81 82 128 271 280 57
9 11 110 127 186 268 315 283
2 9 105 127 133 152 350 11
9 11 12 26 104 120 127 227
9 48 55 127 154 193 368 349
9 11 76 127 283 302 357 228
19 107 160 226 260 267 280 293
55 175 226 227 297 303 349 250
76 78 120 140 189 285 348 93
32 61 110 160 176 177 250 222
19 81 97 128 158 239 324 339
9 110 111 127 178 189 247 336
9 110 127 287 297 336 371 76
107 126 160 239 242 293 339 166
46 89 98 226 234 251 349 145
105 124 173 226 239 293 306 110
19 56 210 240 246 277 295 52
19 56 74 88 114 218 257 322
19 107 114 238 257 309 322 226
19 52 81 82 92 128 241 332
76 110 127 200 250 317 336 276
36 110 128 166 189 231 255 32
11 32 76 110 250 261 345 49
11 87 127 196 247 274 359 286
11 32 76 108 119 149 345 110
11 76 108 119 218 252 312 37
18 19 76 107 146 221 252 339
2 98 115 221 234 259 315 312
2 11 113 315 327 330 332 45
167 219 234 293 312 330 331 123
98 111 126 221 274 306 362 338
0 39 76 81 131 151 164 293
133 164 207 234 293 311 349 224
0 22 241 303 332 350 366 18
11 86 127 191 291 308 330 218
11 37 127 191 281 308 346 9
11 15 34 55 77 136 259 48
71 72 193 289 306 330 350 145
7 11 241 298 306 326 380 219
9 11 95 127 189 217 297 38
11 18 36 49 104 128 345 196
9 11 87 119 213 247 303 319
19 76 96 104 119 252 345 48
96 119 133 206 257 293 312 0
67 72 169 231 244 331 339 0
118 151 173 232 234 272 349 257
40 73 76 98 150 222 330 290
50 58 98 115 149 223 330 73
9 11 12 127 149 173 349 0
19 76 159 210 221 295 321 52
83 133 221 237 311 344 349 76
58 118 131 272 274 290 306 366
2 49 111 272 301 332 350 39
9 11 127 244 308 327 371 85
9 127 144 241 291 330 379 197
9 11 45 49 127 144 176 96
9 110 127 177 189 194 375 285
3 144 197 234 256 335 349 133
22 113 173 257 326 349 370 224
59 76 136 209 241 293 374 370
9 10 11 75 105 127 270 96
10 11 18 77 177 219 255 173
9 22 86 266 332 338 350 185
9 11 86 281 291 308 330 152
9 11 60 127 144 291 330 168
9 11 12 105 127 152 304 263
9 15 55 77 152 259 285 173
19 76 81 82 210 306 377 128
9 54 247 301 306 334 368 106
5 19 107 115 160 326 369 238
76 115 152 223 242 320 369 333
40 50 111 176 200 227 237 177
36 76 229 232 257 330 380 349
36 98 123 136 149 177 232 173
19 24 38 81 197 238 354 377
9 11 87 95 119 247 346 380
19 159 160 163 173 210 380 295
59 62 185 241 295 311 380 102
10 20 105 197 226 274 306 359
10 115 132 223 274 349 359 200
123 177 200 238 257 290 365 262
3 52 112 197 249 262 377 341
59 102 209 265 293 308 374 268
49 64 105 172 281 288 381 9
80 105 113 274 288 290 291 162
9 11 95 105 127 270 281 96
11 110 177 178 247 286 344 370
19 36 76 132 177 202 231 239
19 21 76 210 300 309 357 331
76 119 176 218 326 330 346 9
67 74 76 181 245 331 339 360
9 11 87 119 127 143 247 281
36 41 104 146 222 231 288 0
19 76 210 238 250 300 339 357
119 121 176 218 222 265 283 189
19 83 84 168 210 271 295 87
61 197 206 257 267 339 349 230
80 90 105 217 295 308 379 112
19 128 222 284 295 297 349 52
9 11 38 87 119 127 175 247
15 36 98 131 146 259 265 55
11 19 81 128 132 265 306 118
11 74 119 176 177 206 306 61
76 146 231 245 261 268 331 324
19 76 210 219 265 300 336 309
9 119 175 180 218 289 330 252
128 159 168 210 293 296 382 72
74 92 111 207 241 248 349 114
77 92 144 207 245 307 331 289
9 11 35 87 127 281 346 175
98 113 115 131 207 223 252 186
2 21 38 207 222 252 300 171
63 74 189 214 218 222 346 330
19 83 167 168 210 295 324 56
56 86 105 184 218 257 350 364
80 90 105 132 295 301 379 162
85 128 161 175 222 284 364 123
11 64 121 146 247 328 356 88
9 11 76 110 119 178 247 62
76 83 110 128 210 250 264 336
32 110 168 180 250 293 362 176
110 193 231 252 268 281 336 222
9 11 28 87 119 176 213 285
45 83 109 110 238 265 308 176
32 110 146 168 180 373 375 148
32 107 110 167 221 271 336 301
36 74 76 110 132 221 271 118
3 7 110 140 288 308 375 74
19 76 110 264 271 277 377 132
19 35 115 252 271 337 357 73
11 74 92 110 119 186 351 234
36 50 110 140 231 260 266 357
19 21 210 238 300 309 357 76
0 2 32 110 119 189 206 219
32 182 260 271 351 354 379 382
173 177 191 241 244 288 337 214
11 24 37 43 110 127 311 32
25 36 83 110 231 276 308 217
0 3 32 47 110 128 250 189
0 55 119 206 240 265 351 189
32 69 271 277 294 332 351 34
79 191 246 248 275 294 337 16
76 110 154 180 293 306 340 74
11 24 32 76 110 294 301 187
0 10 25 76 110 164 274 112
22 90 107 193 278 339 358 252
0 13 36 76 219 231 283 180
9 74 119 146 247 301 319 315
16 19 125 167 271 272 339 277
0 16 35 74 167 252 313 76
9 86 119 247 285 301 355 336
24 42 107 147 160 228 243 148
9 127 144 168 241 291 330 85
9 11 49 96 127 144 176 131
9 127 176 177 189 285 375 175
37 113 144 197 234 256 349 147
22 113 173 176 285 326 349 370
22 50 111 241 248 263 266 227
9 86 127 191 232 257 330 296
9 12 105 127 179 257 310 76
9 15 48 55 77 98 259 246
19 28 99 147 148 209 293 374
7 45 75 127 152 281 293 262
9 11 40 127 217 281 354 95
9 43 98 123 176 177 259 290
19 38 81 147 217 354 377 128
9 11 87 95 119 217 346 380
19 38 147 160 168 271 277 171
19 40 73 82 271 286 290 210
52 57 197 200 217 250 349 293
59 142 225 240 339 344 374 230
10 105 120 132 200 295 307 108
43 68 77 154 225 255 259 215
19 81 97 128 140 147 332 92
119 121 198 247 270 301 346 76
36 97 110 128 166 231 289 239
19 28 97 99 147 210 293 309
9 45 119 176 218 326 346 177
24 97 107 147 160 211 265 253
22 79 112 151 256 326 330 360
81 97 109 147 238 328 354 293
9 11 87 119 127 247 346 270
110 119 176 178 189 239 247 70
76 81 164 239 243 259 326 240
7 17 48 110 239 250 296 11
107 110 221 226 239 264 324 296
33 98 112 151 221 239 330 326
0 9 11 87 119 176 289 264
81 110 113 164 238 250 259 76
7 38 110 239 250 293 375 359
19 46 118 159 210 295 380 97
40 150 173 226 295 311 349 293
36 52 110 149 167 250 349 280
59 68 78 104 288 293 383 120
32 48 110 168 250 293 375 67
19 142 168 173 210 252 295 87
52 59 62 97 241 311 344 142
7 10 12 97 104 110 371 19
10 19 85 128 132 210 222 142
19 32 82 110 250 280 311 271
9 49 105 144 182 274 280 38
9 49 144 274 291 330 359 80
9 11 127 186 213 256 285 297
9 11 76 110 119 178 247 168
83 110 128 250 264 288 336 216
3 7 32 110 168 180 250 362
110 193 231 252 268 281 336 167
0 9 11 87 119 213 270 274
83 110 176 186 226 265 308 288
32 110 148 168 180 313 375 288
32 107 110 167 169 260 336 172
36 52 74 110 221 271 293 132
3 7 110 265 288 308 375 74
19 76 84 93 110 264 271 32
19 52 87 168 189 210 295 217
19 33 62 206 210 267 349 76
67 104 118 175 246 267 331 52
52 64 76 211 217 246 260 134
11 70 110 131 189 281 346 286
9 54 110 127 146 284 371 269
31 69 107 221 293 312 326 297
36 128 168 177 221 286 326 19
21 97 210 219 300 339 348 19
9 64 168 206 221 304 326 49
9 11 96 146 175 177 345 2
9 21 45 106 119 210 348 380
11 96 190 230 257 293 345 251
9 119 176 206 230 273 293 214
36 76 106 128 167 231 326 186
19 106 210 265 294 300 336 357
21 48 119 137 200 210 318 207
19 118 159 210 268 309 380 52
46 52 122 133 140 344 349 61
11 21 61 140 265 300 366 211
21 119 137 210 257 318 346 48
11 36 128 219 231 257 345 320
9 11 74 87 119 273 281 23
21 131 171 265 272 300 336 252
21 119 137 265 315 318 346 313
67 98 113 169 272 331 339 79
36 52 92 97 161 257 349 175
49 68 96 120 128 301 345 177
92 111 189 206 281 334 356 121
19 159 210 219 309 339 380 22
46 118 230 234 333 355 362 294
41 68 105 123 161 210 217 110
9 11 96 127 269 315 355 149
18 52 55 77 150 176 349 11
59 61 134 209 215 293 374 35
11 75 110 127 286 293 371 327
9 11 15 55 77 286 293 185
11 110 127 247 299 306 371 339
17 67 83 99 239 278 294 186
16 34 161 179 234 326 349 11
10 22 59 86 241 266 330 173
9 11 76 90 127 173 308 244
16 58 63 237 266 290 349 112
11 110 127 301 315 330 349 293
59 76 78 186 196 332 365 339
11 45 127 241 308 327 332 188
11 15 33 43 55 123 339 379
11 33 86 136 218 308 330 263
9 11 119 173 312 327 330 127
76 81 164 234 240 265 313 270
11 48 168 186 234 306 380 239
30 150 168 234 246 306 349 28
0 143 168 234 331 344 380 356
11 80 127 131 304 320 349 336
76 78 86 106 196 247 339 120
11 45 127 233 278 308 327 334
2 9 11 59 167 190 247 54
55 76 78 115 173 243 349 379
11 76 86 218 246 330 332 33
11 127 269 281 293 308 379 315
11 59 174 206 247 301 329 244
11 78 108 128 168 330 345 48
9 11 76 108 119 252 337 354
107 169 205 221 240 246 383 211
37 200 226 234 349 358 359 220
2 11 212 237 304 332 355 368
11 49 189 207 232 304 380 291
1 11 110 176 207 346 375 339
19 125 142 159 168 210 221 76
33 40 142 150 226 242 344 356
36 52 91 149 167 226 349 0
59 68 78 104 120 196 383 76
32 68 110 176 262 281 375 293
11 98 158 239 292 349 375 167
35 59 76 209 265 335 374 336
9 11 49 64 105 145 176 172
11 105 127 161 241 244 327 12
19 102 148 219 252 255 335 210
9 11 76 90 127 175 380 285
9 176 182 227 274 293 349 127
77 123 173 176 255 284 293 177
11 52 127 176 202 220 286 285
22 35 59 209 293 350 374 102
7 11 45 127 327 333 370 26
9 11 38 119 127 144 262 348
11 55 77 98 150 176 301 122
11 19 21 76 206 210 300 207
9 11 21 48 119 127 268 334
19 61 128 159 161 210 295 284
28 40 144 210 298 349 358 164
49 93 144 217 241 332 349 230
7 87 90 104 121 131 361 37
19 71 128 131 169 222 298 0
19 37 81 92 175 227 284 140
11 26 45 49 101 105 166 213
9 90 95 127 198 224 371 280
10 19 128 210 222 233 364 75
0 10 19 82 122 210 271 40
9 11 110 127 256 297 357 269
19 32 36 110 177 189 231 23
32 47 83 110 128 177 267 134
11 21 48 127 166 206 252 297
67 160 231 244 260 273 381 40
47 76 154 189 252 270 382 308
14 21 48 76 88 166 305 119
19 25 56 99 149 210 231 336
47 81 189 211 233 252 273 359
14 21 137 166 305 328 380 108
17 35 149 170 231 260 381 233
47 81 170 189 233 252 273 369
21 70 88 137 166 170 207 305
19 32 83 125 260 271 277 340
19 125 146 210 271 277 376 156
19 76 125 171 214 224 260 111
9 61 110 127 247 315 327 189
22 36 110 167 231 260 293 290
2 11 47 110 177 326 379 32
11 48 74 127 166 206 252 207
32 96 160 166 260 296 345 214
119 176 190 247 273 319 380 219
46 84 146 167 271 277 306 196
76 214 233 244 260 288 324 337
3 105 110 201 274 311 343 25
18 36 39 110 231 255 311 356
0 11 13 32 104 187 285 175
9 25 58 80 172 200 265 284
32 76 96 119 260 285 330 118
0 119 189 218 221 260 330 265
52 97 110 175 293 297 349 34
64 110 119 177 189 247 286 293
36 64 76 110 128 189 231 125
13 47 81 110 129 177 189 211
21 68 76 114 166 189 346 151
19 46 160 196 210 233 295 246
40 73 161 210 265 286 290 293
12 97 202 217 260 297 349 372
15 48 52 55 161 217 349 330
209 242 252 295 303 374 379 177
7 12 75 104 121 303 371 189
19 168 210 217 233 295 339 140
19 52 62 110 257 298 349 104
76 105 110 145 274 293 304 301
19 20 36 52 128 286 326 39
13 19 38 104 177 285 301 239
9 110 176 247 265 286 319 214
32 42 107 252 265 293 380 74
36 128 221 230 231 259 326 168
19 79 210 219 238 300 309 265
9 37 119 176 218 257 330 175
19 46 61 210 233 271 295 125
52 110 188 217 260 334 349 266
113 116 133 161 189 237 326 270
64 74 110 247 286 293 319 301
32 83 110 149 168 250 327 89
11 22 47 48 110 127 380 32
11 127 166 177 206 214 380 47
19 37 128 160 237 272 312 265
110 247 265 270 286 315 319 293
36 55 76 110 125 149 231 242
11 32 47 81 110 222 293 76
9 11 47 127 168 257 308 304
107 136 169 176 221 246 339 382
77 123 176 221 259 290 339 42
11 52 64 127 202 220 221 176
59 76 102 209 265 350 374 72
7 11 45 75 194 327 368 177
9 11 38 98 119 144 262 317
11 55 77 98 122 150 301 189
11 19 76 99 148 207 210 206
11 21 48 76 119 268 328 381
19 46 159 197 210 268 295 380
59 62 114 240 241 295 311 268
10 11 76 90 127 339 381 9
11 132 154 182 242 274 349 359
58 115 207 281 298 336 349 64
11 52 127 131 154 304 315 355
22 176 257 266 332 339 350 315
11 40 85 127 152 168 380 263
11 55 98 136 176 265 339 141
35 76 102 209 242 339 374 268
7 11 45 75 242 265 327 64
19 28 113 159 210 240 295 52
59 62 241 262 278 339 365 31
10 11 105 242 257 298 350 134
10 28 46 68 115 223 240 6
8 59 209 222 339 374 377 189
7 10 11 75 161 323 327 381
173 176 177 219 255 301 335 136
9 11 127 168 301 308 379 161
11 77 98 123 255 259 290 274
2 28 33 115 293 355 358 356
9 11 80 127 154 207 339 126
55 77 98 127 255 304 349 34
19 32 109 110 209 238 374 127
32 75 110 127 147 160 303 189
19 47 76 81 127 189 286 70
11 21 48 127 166 206 252 297
13 61 67 160 214 244 273 122
47 76 81 111 127 270 273 300
11 14 21 76 137 166 174 80
19 99 106 170 210 238 336 323
47 81 170 233 257 273 326 189
14 21 137 154 166 252 305 328
45 109 111 170 231 238 252 233
47 81 170 189 233 257 273 211
21 70 88 137 166 170 305 119
19 159 160 170 183 210 380 326
46 62 118 234 240 311 349 377
9 32 110 174 247 257 334 7
4 19 36 128 231 274 345 202
3 9 19 32 47 110 128 267
32 82 110 250 334 380 382 19
9 32 47 76 110 186 252 331
11 48 127 166 206 252 305 21
2 67 76 142 231 323 326 285
32 72 76 110 212 229 361 334
32 47 110 127 138 160 210 99
14 21 76 137 166 200 343 80
22 76 96 142 170 231 326 324
32 41 72 76 110 212 229 361
17 23 45 47 109 252 281 267
14 21 23 137 166 281 378 108
76 96 142 170 231 313 326 311
32 41 72 76 110 212 229 270
19 35 72 115 200 252 271 224
9 11 49 105 110 189 351 31
9 11 110 127 259 274 336 306
36 76 110 231 260 336 339 265
1 13 32 176 198 207 285 37
9 25 58 200 286 296 319 265
32 167 260 271 277 331 351 267
173 177 214 244 275 311 337 87
48 74 76 110 154 173 340 22
9 11 76 110 119 127 379 189
15 32 36 43 110 231 336 173
32 64 74 110 250 303 306 300
22 32 110 146 158 324 382 37
32 67 76 222 231 260 331 330
32 47 76 110 146 150 382 336
11 21 47 48 127 166 206 252
5 107 160 214 231 273 339 200
47 189 256 260 273 369 382 290
11 21 76 119 137 166 252 380
56 149 160 170 231 260 336 99
22 47 233 252 256 273 359 222
14 21 119 137 166 252 380 108
17 149 160 170 231 336 381 252
47 170 233 252 273 359 369 189
21 70 119 137 166 170 207 149
32 58 76 107 272 306 340 24
19 61 110 125 271 272 277 284
74 163 214 252 337 378 383 113
9 11 32 110 172 189 327 177
36 40 110 186 196 225 231 198
32 37 76 110 120 180 315 319
0 9 25 58 319 327 379 209
16 23 36 222 231 293 326 64
19 210 238 293 300 336 371 339
206 222 283 293 297 320 336 119
19 52 97 200 210 271 295 84
19 46 62 206 210 267 349 244
67 104 118 206 246 267 331 59
40 73 142 246 260 290 311 52
46 50 52 246 274 290 349 359
111 123 149 214 238 290 334 242
52 132 210 217 301 342 349 361
59 146 209 246 257 264 374 72
7 12 75 104 105 110 132 211
19 132 159 210 217 222 339 261
59 62 93 214 241 311 344 113
7 10 12 110 244 250 280 293
55 64 175 226 264 303 349 110
59 78 172 189 240 244 339 64
32 76 110 177 222 250 327 61
43 86 98 219 255 330 339 240
9 110 239 250 308 339 375 293
9 11 110 127 299 339 371 189
67 76 186 205 226 331 339 326
98 151 234 240 242 311 326 113
86 176 218 241 293 314 330 332
9 110 173 239 301 308 375 250
9 11 48 110 119 208 349 267
69 151 185 186 223 240 303 22
9 11 119 178 187 247 293 213
19 51 52 168 210 217 295 321
15 40 150 186 295 344 349 226
9 52 110 202 250 314 349 124
9 11 119 178 189 196 247 293
9 32 48 110 119 182 304 257
9 11 48 96 110 119 312 336
48 67 148 160 169 170 331 259
74 98 148 151 170 215 308 176
34 59 74 78 226 239 240 270
32 110 118 140 170 301 375 222
19 24 81 138 158 238 328 274
1 9 119 178 222 247 346 285
19 99 159 160 173 210 380 46
15 40 150 173 226 311 349 303
150 167 226 257 274 349 359 20
64 123 189 238 290 344 349 339
11 52 113 154 200 217 373 315
59 120 167 209 225 339 374 173
45 72 75 161 286 315 327 140
35 51 60 173 219 255 301 238
9 64 81 92 127 140 291 47
9 11 17 127 144 166 186 274
107 144 160 169 291 355 369 339
9 105 127 177 212 245 368 284
9 127 164 175 194 221 346 186
19 99 159 197 210 268 295 112
62 78 86 241 329 344 349 224
9 10 105 177 212 346 355 315
9 10 95 110 127 212 346 194
31 91 115 173 187 223 339 377
145 180 182 280 349 358 359 239
9 11 17 127 144 187 274 197
74 123 133 172 237 312 355 91
35 59 72 76 209 241 374 173
10 26 45 75 241 272 327 383
10 51 177 219 255 272 374 330
1 9 10 11 49 96 105 227
10 11 177 219 255 257 270 289
9 45 85 105 222 227 263 175
48 76 81 164 222 311 336 308
9 15 154 164 175 234 349 212
9 76 127 257 302 349 356 131
98 107 169 221 246 331 339 277
48 77 119 221 284 312 349 9
9 11 21 76 119 134 247 257
9 11 36 76 77 115 349 280
9 76 119 146 222 247 346 285
19 72 79 159 210 295 321 76
40 46 62 161 286 290 295 3
52 110 197 200 217 250 349 293
59 120 142 225 240 339 374 382
7 12 75 211 230 339 371 105
7 19 105 121 132 225 297 130
19 51 99 150 238 295 309 230
71 86 232 269 285 306 366 132
19 45 52 87 197 210 295 2
19 33 210 257 267 338 349 344
15 67 104 175 246 267 331 113
52 59 217 241 246 311 374 224
7 10 19 75 104 110 371 76
9 12 110 175 250 315 349 286
59 63 73 93 188 209 374 64
7 75 76 105 110 293 350 104
7 32 76 110 207 222 355 74
19 76 128 142 145 222 234 14
32 48 76 110 154 259 344 311
9 22 59 86 197 306 336 147
9 72 110 127 263 315 339 381
16 36 222 231 260 293 326 219
19 210 238 293 300 336 371 370
119 206 222 283 293 297 320 219
19 52 97 210 271 284 295 200
40 52 62 73 241 274 290 140
46 50 274 290 311 349 359 122
111 123 242 265 290 320 334 177
52 76 97 166 202 217 280 140
59 186 209 246 268 339 374 35
11 105 146 176 226 269 350 326
19 142 210 233 246 295 321 265
19 62 206 210 244 267 349 140
67 104 206 244 246 267 331 59
40 73 142 246 260 268 290 311
46 50 52 197 246 274 290 333
111 123 149 177 238 290 334 214
52 210 217 244 342 349 361 39
59 64 146 209 246 264 374 134
7 12 97 110 132 146 280 334
19 90 132 159 210 295 339 142
15 40 150 173 241 344 368 226
11 52 98 187 217 349 381 314
47 81 92 127 210 265 293 244
9 11 17 127 144 166 186 274
9 11 127 166 212 284 380 146
9 11 127 164 166 194 346 186
46 65 159 160 173 210 339 19
35 59 113 241 246 256 311 62
7 10 52 87 90 104 105 145
210 257 284 290 349 358 359 68
58 115 186 222 223 297 359 349
19 97 128 169 222 303 344 304
32 110 174 190 239 334 375 188
9 119 174 247 267 274 285 188
3 19 79 159 168 240 380 265
74 150 186 226 349 377 380 311
36 52 97 110 226 293 349 149
59 68 78 110 120 293 383 104
7 32 48 110 168 293 375 296
19 97 168 210 252 265 295 275
52 59 79 113 241 311 344 62
7 10 12 97 104 189 371 75
10 19 85 128 210 222 233 132
19 32 82 110 168 280 311 177
2 9 52 154 217 280 327 85
9 11 92 127 144 193 274 17
9 105 127 173 212 253 355 11
9 127 164 186 194 227 285 189
9 13 50 110 127 285 371 83
32 83 110 128 198 250 336 180
13 32 76 95 110 250 364 180
32 110 175 244 250 355 375 308
60 67 231 261 336 354 364 35
9 119 150 168 178 247 326 219
110 113 238 243 244 290 293 260
7 16 32 110 168 334 375 313
110 167 222 231 260 336 354 290
9 119 184 247 267 380 383 285
45 109 110 113 238 260 360 336
3 16 32 110 180 243 375 293
107 110 167 221 260 271 336 217
36 52 74 110 221 293 364 264
3 7 110 140 281 288 375 308
19 84 110 132 264 271 357 76
32 76 110 178 189 247 293 214
67 72 76 173 226 243 331 334
61 151 173 234 243 276 334 38
59 78 209 226 241 293 314 339
7 32 76 110 266 298 336 12
9 110 167 168 189 327 336 304
19 46 76 93 159 243 295 309
40 61 73 150 215 223 314 186
110 125 200 250 297 349 354 74
76 110 250 293 297 320 349 200
48 55 77 98 293 312 349 167
22 52 59 86 330 332 350 374
9 119 131 137 247 291 296 293
9 15 61 205 243 259 339 168
9 110 127 247 264 306 371 74
17 19 99 159 252 295 321 168
62 133 237 311 314 344 349 0
9 10 119 137 247 272 293 380
11 119 128 198 272 312 345 299
9 11 18 80 119 247 272 244
36 128 193 217 272 297 320 231
9 119 174 213 247 272 285 304
67 72 79 243 272 331 339 169
0 16 123 173 187 237 272 326
11 168 222 223 247 257 327 74
98 115 185 223 225 239 293 251
11 98 182 272 304 312 349 175
17 19 46 159 268 295 321 252
93 104 123 237 272 334 349 0
10 105 110 247 274 293 334 131
39 58 98 115 185 223 240 187
11 16 182 304 312 333 349 45
70 107 160 239 312 336 339 314
7 70 110 221 243 250 382 194
7 22 98 219 221 226 255 292
9 110 196 227 250 267 289 285
19 76 119 210 296 300 336 73
9 21 110 119 127 288 293 177
81 164 185 234 259 293 349 76
12 89 177 234 237 349 359 154
37 45 200 234 349 358 359 293
0 123 164 259 290 304 349 154
80 127 154 244 260 315 349 361
9 37 120 127 296 302 312 355
48 55 77 98 293 349 382 339
9 21 104 127 296 300 303 76
48 119 127 185 206 303 334 197
48 76 123 153 205 253 312 175
19 76 138 148 210 271 336 173
9 21 119 127 137 296 305 210
19 159 210 221 268 295 321 17
0 48 62 154 311 344 349 76
22 59 76 86 189 344 349 186
9 37 72 127 244 302 370 0
19 48 81 86 128 252 345 301
119 127 178 227 247 286 297 312
67 119 166 231 293 331 351 205
9 93 119 127 170 174 247 168
19 61 67 93 169 251 331 242
40 42 73 76 150 186 331 290
9 127 154 202 217 260 349 149
22 51 83 264 289 332 382 127
9 15 22 37 120 127 244 51
48 55 77 98 127 259 349 15
19 83 138 210 230 284 336 238
9 21 110 119 127 206 210 168
76 81 111 164 214 234 259 252
9 105 110 119 304 349 371 296
21 59 119 171 252 266 300 19
9 110 119 185 189 206 250 32
76 95 110 119 168 250 345 349
9 21 76 119 127 154 185 168
19 76 125 159 221 326 380 321
93 123 133 221 237 311 349 377
48 52 147 154 215 259 311 349
20 22 59 86 189 267 314 9
9 119 127 293 301 302 330 295
19 81 110 128 189 252 293 345
110 119 178 206 247 301 328 74
4 67 119 231 293 331 351 61
9 119 174 225 247 296 303 368
19 67 169 214 251 326 331 60
40 42 73 150 186 226 314 52
52 110 154 217 260 293 349 298
9 119 131 174 247 301 303 20
55 98 167 243 259 349 379 250
119 127 189 206 247 297 303 219
4 48 98 123 173 243 259 113
9 119 127 174 175 247 303 218
96 144 234 243 273 348 349 298
0 67 98 106 169 222 331 339
79 98 151 168 224 234 311 197
52 110 202 217 260 314 349 252
9 76 172 185 247 257 327 37
9 110 119 174 185 247 301 76
19 61 107 238 266 287 354 324
9 98 105 161 241 281 327 112
19 20 99 210 219 255 336 323
9 127 144 168 291 302 330 173
9 110 127 131 175 200 339 152
9 11 119 120 127 301 375 297
9 11 127 182 281 349 382 339
77 98 150 173 255 293 349 326
35 76 209 242 252 268 374 23
9 18 76 105 110 127 257 293
43 77 98 197 219 255 257 285
34 73 185 197 330 332 350 227
9 127 186 281 295 301 375 317
19 168 197 210 275 290 295 252
19 40 62 82 210 286 290 295
52 57 76 202 217 250 349 197
31 59 71 120 225 339 374 209
10 105 120 132 200 298 307 12
43 68 77 98 154 255 259 215
59 76 140 172 209 339 374 211
7 75 104 105 250 296 350 361
19 81 82 97 128 207 222 7
110 111 127 150 200 244 323 9
36 110 128 166 231 265 293 20
19 32 47 110 128 222 293 45
9 45 176 218 244 323 326 196
17 67 231 245 268 328 365 76
19 99 138 200 210 252 295 293
14 45 52 88 119 218 380 200
67 72 123 231 251 340 361 26
10 47 76 81 219 326 380 45
10 121 206 222 311 326 380 214
35 45 109 231 245 309 370 123
33 52 76 110 202 286 349 299
8 59 78 146 196 202 355 72
0 7 32 110 152 244 250 175
9 76 110 127 168 302 314 126
173 219 243 255 256 259 349 303
9 110 197 222 250 289 311 28
19 99 210 284 300 318 336 110
0 9 21 84 119 127 210 293
76 81 164 234 259 293 349 147
41 105 110 119 131 273 304 164
19 127 210 252 266 300 382 104
110 119 130 189 206 225 266 296
48 119 123 189 250 259 349 312
19 45 173 210 252 336 370 271
9 21 119 127 137 217 318 31
17 19 67 169 221 227 326 72
123 173 197 234 237 349 358 221
0 48 52 154 202 217 259 293
22 59 147 197 306 314 350 189
9 37 127 141 244 295 330 45
19 81 95 128 252 289 293 76
119 127 178 206 247 297 328 110
4 67 119 231 293 331 351 225
9 119 174 225 247 296 368 127
19 22 61 67 169 251 331 46
40 42 98 150 186 311 331 73
9 98 154 202 217 260 349 302
22 49 51 98 264 332 382 83
9 85 119 120 127 244 339 302
51 55 77 98 127 166 349 48
119 127 189 206 247 293 297 303
4 98 123 127 205 243 259 76
77 98 127 150 173 255 349 293
34 73 118 150 330 332 350 293
9 48 127 186 215 295 317 355
19 168 189 210 222 271 295 290
19 40 62 210 286 290 295 82
52 57 197 200 217 250 349 76
59 71 74 120 225 339 374 209
7 12 75 105 211 227 339 371
19 128 210 222 295 321 339 85
19 52 110 146 257 298 349 230
9 110 178 215 244 247 293 76
19 36 72 128 193 243 293 168
11 32 110 241 243 244 293 334
7 32 107 110 128 293 312 181
19 81 164 221 252 259 293 334
105 110 229 268 291 304 349 292
32 70 110 111 229 241 346 293
0 19 84 221 271 277 293 118
7 52 110 200 217 293 349 250
15 48 52 55 130 293 349 229
22 59 86 303 332 350 382 52
9 112 127 146 244 330 366 175
15 42 43 55 98 259 339 77
110 127 172 244 299 306 371 339
19 52 128 233 260 271 277 324
19 76 197 267 339 349 350 227
9 127 244 293 301 330 379 250
19 76 128 168 222 364 379 297
81 86 110 128 168 219 252 47
0 74 119 206 311 339 380 252
76 146 219 231 264 293 324 123
19 61 76 138 210 265 336 99
9 120 127 252 297 330 339 355
9 127 182 193 281 349 382 80
77 98 150 173 255 293 349 308
34 73 118 150 330 332 350 368
9 127 197 228 293 295 355 37
19 189 210 222 271 290 295 87
19 40 62 82 210 286 290 73
52 57 197 200 217 250 349 105
15 48 55 161 197 200 349 230
149 209 295 303 334 344 374 339
75 110 120 200 226 269 298 20
19 76 125 128 210 295 339 268
19 52 104 110 230 257 349 298
52 59 76 78 104 167 266 335
110 211 230 291 355 380 381 311
7 32 110 229 241 293 327 250
9 110 178 186 247 252 286 257
19 36 76 128 189 264 345 252
13 32 110 229 244 334 375 241
19 84 146 186 210 271 293 32
46 52 206 217 257 267 349 19
9 127 219 293 301 330 379 250
52 128 168 178 222 297 312 123
64 74 81 86 128 252 382 110
0 9 74 119 127 218 311 55
67 76 123 219 231 260 264 168
19 76 99 138 210 295 336 265
14 45 119 127 218 324 368 52
19 61 84 184 210 271 277 301
19 76 82 96 128 210 257 222
52 86 175 217 260 297 349 211
41 92 119 174 186 225 247 296
76 119 131 186 247 266 379 9
22 50 76 98 151 243 330 339
9 11 110 119 124 127 227 269
9 110 119 122 174 233 247 244
19 122 159 168 210 295 380 99
0 48 52 62 154 241 349 122
22 59 116 189 197 314 349 86
9 45 119 127 244 295 317 41
37 76 92 119 186 247 266 189
60 67 79 113 169 331 339 22
40 73 76 150 186 230 314 331
45 52 98 110 167 217 349 320
16 98 116 133 161 227 237 326
59 72 76 209 265 339 374 241
10 11 85 127 301 327 373 315
9 10 76 219 255 265 330 293
9 11 127 182 202 241 291 331
2 9 11 70 127 198 368 309
76 81 98 164 234 293 339 0
10 80 119 164 168 206 369 48
11 64 127 206 268 286 329 252
107 169 215 221 252 331 382 111
9 15 55 77 98 221 259 1
35 99 102 209 265 339 374 252
7 9 11 75 110 147 273 221
11 75 76 105 230 270 306 98
11 77 98 219 255 256 339 196
11 76 92 119 186 242 247 230
11 36 77 115 217 242 349 9
9 11 64 119 230 244 247 80
17 19 159 168 210 295 380 99
0 62 79 133 173 237 344 61
76 119 131 186 247 266 379 9
22 50 98 151 243 330 339 76
9 11 110 119 124 127 227 250
9 119 137 174 247 252 345 122
19 99 159 168 210 222 295 79
0 48 62 154 241 344 349 311
22 59 86 189 197 301 349 344
9 41 119 127 266 295 317 244
76 92 119 186 189 247 266 37
22 60 67 79 169 331 339 113
40 73 76 150 186 211 230 331
45 52 98 110 167 217 349 320
16 98 113 116 133 161 237 227
59 72 76 209 265 339 374 241
10 11 85 127 301 327 373 0
9 10 76 219 255 265 293 330
9 11 127 182 202 241 291 331
2 9 11 70 127 198 368 309
0 76 81 98 164 293 294 339
9 10 80 119 164 206 369 21
11 127 146 206 268 286 329 64
107 169 215 221 242 252 331 382
9 15 55 77 98 221 259 382
35 99 102 209 265 339 374 23
7 9 11 75 110 147 221 273
11 75 98 105 230 270 306 227
11 77 98 219 255 256 339 196
11 76 92 119 186 242 247 230
50 98 115 223 242 243 266 320
11 36 95 98 197 281 349 193
36 80 98 115 123 149 294 270
9 11 119 230 244 247 262 64
9 11 41 110 119 180 306 127
24 35 81 128 140 165 222 19
9 76 110 119 186 247 306 222
24 107 111 126 160 243 252 228
76 123 161 205 243 326 349 98
49 59 209 241 266 268 374 296
10 11 75 253 327 350 373 241
10 76 113 177 219 242 255 265
11 127 182 202 241 291 331 176
2 9 11 70 127 285 368 292
76 81 115 164 176 227 293 1
10 11 21 164 176 206 369 31
11 64 127 206 268 286 329 76
107 111 169 176 215 221 242 252
1 15 55 77 98 221 259 227
99 102 209 336 339 355 374 265
7 9 11 75 110 144 348 273
7 11 75 76 105 270 306 227
11 76 77 219 255 256 349 98
70 76 81 97 265 295 336 19
11 76 92 119 186 230 247 80
50 107 115 126 160 265 324 369
76 115 223 243 313 320 334 215
11 50 144 200 270 303 349 76
41 81 97 165 308 354 377 128
9 11 119 165 244 247 346 262
19 144 168 210 271 295 321 173
19 40 82 210 286 290 295 73
11 52 202 217 222 262 349 76
70 132 189 217 295 312 349 334
43 59 209 241 268 295 374 132
10 105 132 202 226 295 298 110
9 10 75 76 119 266 273 189
98 115 223 266 286 349 379 113
50 74 144 177 222 230 303 322
9 119 131 247 307 346 379 86
9 11 127 182 202 241 243 379
2 9 11 70 127 198 245 222
76 81 151 164 173 234 293 98
76 110 178 186 234 247 306 173
46 63 65 151 168 234 349 306
168 234 244 331 344 356 380 0
17 59 60 209 241 324 374 164
9 10 11 105 110 291 304 257
10 11 75 105 230 270 306 110
11 77 98 219 255 256 349 105
19 99 102 209 265 268 374 78
11 75 119 262 273 278 293 127
11 51 98 115 187 323 349 256
11 50 230 266 303 307 349 127
86 119 177 247 327 346 379 293
10 11 127 206 207 330 379 369
19 125 168 210 221 271 295 265
19 40 73 210 286 290 295 82
11 52 76 202 217 262 349 270
70 132 189 295 312 334 349 217
43 59 132 209 268 295 374 241
7 10 75 110 132 268 371 105
19 76 210 222 271 277 295 142
19 76 82 96 128 154 210 145
9 19 32 52 76 110 315 288
9 11 32 110 111 127 371 50
7 32 107 110 193 312 326 339
52 98 220 221 239 250 349 226
9 76 119 186 247 266 379 131
22 76 98 151 243 330 339 79
9 11 110 119 124 127 227 269
9 68 111 119 122 189 247 252
19 76 159 168 210 295 380 99
0 48 62 154 241 259 349 344
22 59 86 116 189 197 349 314
9 118 119 127 244 295 317 45
37 76 92 119 186 247 266 22
60 67 79 169 266 331 339 22
40 73 76 150 186 211 314 331
0 9 11 52 110 127 349 317
9 76 92 119 186 206 247 11
50 55 98 123 149 243 259 48
78 93 268 288 308 348 383 0
9 11 110 173 273 291 348 267
0 11 110 160 229 230 348 43
43 52 55 98 150 348 349 207
11 32 110 189 230 250 346 41
11 76 110 119 186 247 306 250
11 81 128 196 250 286 345 25
11 32 42 119 196 218 225 262
32 107 110 119 128 196 379 61
19 76 81 164 221 234 349 179
123 164 234 257 326 349 355 333
11 45 110 113 154 223 349 250
59 76 189 209 257 307 374 196
11 47 81 110 230 257 293 15
11 40 47 166 206 257 262 189
11 32 110 166 250 329 346 48
47 107 160 227 243 273 301 252
11 160 227 243 273 287 349 7
22 35 51 98 113 326 333 317
58 88 98 227 286 326 349 9
50 127 144 230 303 307 322 266
9 86 119 131 247 346 379 307
11 127 182 241 243 291 379 202
2 9 11 70 118 127 245 285
76 81 164 234 265 293 294 151
48 168 178 186 234 247 380 306
46 168 169 234 306 326 349 150
0 151 168 234 331 344 380 356
11 50 127 144 175 303 349 358
9 86 119 247 293 346 379 257
21 59 69 171 297 300 345 76
119 127 206 267 286 345 369 217
11 127 206 243 286 293 379 9
9 15 43 214 243 259 293 11
22 73 150 176 286 306 330 235
9 11 110 149 276 291 301 147
11 76 105 110 230 270 306 98
19 125 168 210 221 271 295 87
19 40 73 210 286 290 295 62
52 57 76 202 217 250 349 93
46 59 71 209 225 339 374 120
10 20 105 120 132 226 298 108
7 10 20 105 132 225 269 124
51 120 150 230 259 295 309 303
70 71 86 97 132 269 306 37
19 125 128 142 210 268 295 168
19 76 82 121 206 210 295 268
15 19 79 146 206 309 354 118
52 57 146 298 304 349 382 110
76 105 110 222 287 288 293 70
9 110 127 259 315 319 371 214
32 102 267 271 326 331 351 167
24 117 173 241 244 275 337 165
9 110 127 244 315 319 371 339
0 13 25 32 110 147 267 244
3 32 112 120 232 271 277 104
148 173 241 246 252 288 294 326
9 93 110 119 178 244 247 150
36 72 110 231 250 326 339 255
19 99 138 238 300 309 334 210
0 32 119 175 206 293 326 189
32 167 260 271 297 324 354 189
173 191 214 244 248 252 275 288
74 76 110 154 173 211 340 22
9 11 119 127 244 247 327 0
15 32 36 76 110 243 250 231
13 32 180 241 243 250 306 110
2 119 244 247 286 301 379 315
31 45 96 119 149 238 265 110
0 85 119 176 198 206 361 343
0 146 167 248 271 272 326 50
0 33 74 79 214 252 383 337
0 9 110 119 174 189 247 293
0 4 36 110 231 276 308 145
0 8 32 34 76 110 145 81
0 64 119 247 319 327 358 86
0 32 36 110 231 288 294 76
19 76 138 210 238 252 336 200
0 119 206 244 293 355 368 175
32 107 173 221 303 335 337 248
32 108 110 151 221 250 326 145
119 247 297 319 327 358 377 37
0 96 152 176 206 244 263 305
9 11 32 47 110 137 337 1
134 169 218 244 265 301 305 359
11 48 93 134 305 329 337 137
80 102 185 186 190 305 329 104
14 137 174 190 264 305 329 375
80 104 174 190 294 305 375 37
14 174 190 198 305 318 329 219
37 80 104 190 294 305 375 75
174 190 198 244 305 318 329 14
32 33 111 158 252 271 277 34
49 177 214 252 260 275 337 173
50 74 110 116 194 244 319 63
0 13 16 32 76 110 180 185
164 238 265 308 328 337 358 296
178 206 244 265 305 355 358 55
9 11 31 32 47 118 337 354
169 218 244 265 301 305 326 63
14 63 80 174 305 308 329 125
63 174 244 305 329 362 375 267
80 88 190 294 305 306 375 53
93 111 174 219 305 329 375 175
80 104 190 294 305 306 375 337
148 174 244 305 318 329 375 33
32 80 110 128 214 250 273 244
76 106 110 161 210 274 349 325
40 98 131 150 161 223 286 344
11 21 98 149 166 171 304 106
11 23 101 206 286 304 346 149
11 23 47 64 130 137 346 48
84 144 218 244 305 346 355 104
11 14 67 264 305 329 346 47
19 110 150 186 200 349 364 293
55 110 124 226 297 349 364 97
78 110 172 189 226 339 348 140
32 110 158 177 250 327 375 78
43 86 219 240 255 330 339 172
9 110 239 250 308 339 375 296
19 84 210 265 271 295 364 168
19 64 140 206 267 349 370 338
19 86 105 124 301 308 379 239
19 123 128 142 210 364 382 46
110 127 244 315 339 346 371 9
0 11 13 31 32 110 250 304
32 110 159 196 250 299 326 7
19 61 118 122 234 349 355 46
9 110 131 250 264 293 349 304
59 73 98 196 265 288 374 93
7 32 75 76 110 176 250 177
9 15 43 55 77 98 259 377
98 189 202 250 306 312 349 293
9 76 131 196 250 306 312 349
19 168 210 230 295 321 364 305
56 86 105 113 218 267 350 184
105 184 257 301 308 364 379 56
85 128 175 242 286 364 382 123
64 74 105 110 185 196 287 172
36 68 110 111 125 128 364 19
19 76 210 252 300 309 335 336
10 68 110 111 177 206 334 102
19 32 128 131 168 299 364 240
48 52 110 125 252 274 349 104
15 22 86 93 161 175 196 309
19 22 84 173 210 271 339 168
7 10 76 110 250 280 293 175
9 11 52 110 230 250 349 188
59 76 93 98 104 265 374 73
9 32 76 110 177 250 339 176
8 67 98 169 331 339 377 35
98 123 234 237 246 349 377 228
32 110 125 250 297 349 354 101
9 76 110 146 297 304 349 230
9 76 92 110 119 186 247 234
55 98 222 230 243 259 349 9
9 19 21 76 210 219 303 326
9 76 110 119 185 206 303 250
9 48 76 98 123 173 270 243
9 119 134 189 247 301 303 383
76 81 98 164 168 293 377 19
15 48 164 234 259 293 349 312
11 234 273 306 342 348 349 144
19 159 210 221 265 295 324 22
48 52 154 259 311 344 349 62
22 59 76 86 147 189 306 301
9 76 92 119 131 186 247 286
60 67 243 331 334 339 383 266
40 73 76 98 150 186 331 290
52 98 110 167 217 320 349 280
39 86 98 218 225 330 332 51
90 105 122 295 301 308 330 291
98 128 168 169 234 284 295 19
133 161 185 217 237 284 293 37
9 76 92 119 186 247 368 64
36 38 49 252 266 272 345 312
9 36 119 206 244 272 356 334
37 151 197 240 246 272 330 252
9 70 98 173 189 306 330 43
43 81 88 98 164 234 306 151
9 110 200 250 286 306 349 189
9 74 176 304 306 312 349 189
19 140 159 221 265 266 321 97
46 74 118 221 234 306 349 321
9 110 182 291 304 320 346 190
9 110 127 194 244 315 346 13
19 36 76 128 146 202 320 252
13 47 76 81 110 128 293 113
9 35 176 206 214 252 355 119
19 76 95 231 240 336 343 67
9 14 45 61 119 206 240 190
1 19 103 107 250 321 326 270
19 81 164 240 259 293 334 76
0 9 105 144 330 349 350 269
19 22 74 146 159 210 221 61
9 64 110 119 178 247 334 86
36 42 110 128 132 231 339 64
9 11 13 20 42 131 177 67
9 23 110 111 127 214 371 222
7 69 76 90 107 123 159 293
8 36 128 221 230 231 339 52
19 210 238 240 300 309 339 21
9 42 83 119 176 218 330 175
19 142 168 210 271 295 309 72
19 52 53 110 230 257 267 64
25 76 105 110 244 274 334 230
7 19 36 39 128 140 286 31
19 21 210 219 293 300 339 76
32 48 49 110 206 244 252 312
19 146 210 233 246 271 295 142
9 14 119 190 206 214 294 240
19 46 159 210 272 299 326 380
19 46 59 241 272 290 311 334
7 10 12 110 280 293 334 95
10 19 84 128 210 286 334 72
7 19 32 82 110 168 280 311
2 9 52 172 217 280 327 380
9 11 70 104 120 127 174 85
9 70 120 127 133 274 301 11
9 11 70 110 111 127 371 244
32 83 110 128 175 198 250 336
32 76 95 110 180 250 364 379
32 110 175 244 308 355 375 357
46 107 110 221 271 288 364 223
36 46 110 221 226 271 364 74
3 7 32 110 250 288 375 146
19 84 93 110 132 264 271 355
19 35 115 214 252 271 357 45
9 50 110 127 150 244 315 319
0 13 25 32 110 304 351 147
32 104 120 232 250 271 277 223
87 117 173 241 252 337 339 365
3 25 105 110 244 274 343 250
18 36 39 110 231 255 311 297
19 21 99 106 300 334 335 357
0 32 39 110 119 206 334 9
32 165 260 271 278 354 379 146
165 191 244 248 275 294 313 242
74 76 110 173 237 288 340 16
9 76 116 150 315 319 371 194
9 110 119 164 198 250 272 76
9 76 119 176 206 272 358 252
59 62 111 113 173 241 311 226
10 87 105 110 226 274 349 132
10 115 132 223 274 349 359 200
11 35 109 123 226 238 290 334
9 11 125 127 217 262 349 250
9 11 127 173 262 355 383 20
59 104 120 196 209 339 374 76
2 9 11 75 127 230 327 379
11 43 77 98 123 259 383 197
11 52 113 133 202 306 349 98
39 59 209 214 230 296 374 35
9 11 49 64 105 291 350 357
80 105 113 274 290 291 359 350
9 11 17 127 144 262 291 119
9 11 70 127 173 242 346 348
7 11 127 227 230 246 339 348
19 22 87 178 210 271 295 299
19 40 56 223 286 295 349 270
78 83 86 102 222 242 355 270
19 105 132 262 291 307 339 10
19 48 99 125 150 189 210 225
19 76 119 132 144 269 291 188
70 121 132 293 295 312 349 19
43 70 132 149 219 255 312 71
16 132 133 161 281 295 339 274
59 132 209 226 241 266 374 301
7 10 32 76 110 250 280 95
126 132 297 307 336 339 349 188
19 83 99 168 210 271 295 230
19 76 82 206 210 295 354 122
15 19 48 146 150 206 309 320
19 48 81 82 128 202 226 52
59 73 112 120 167 339 374 52
11 75 131 161 242 307 327 286
11 76 173 175 219 255 374 330
9 11 47 81 127 265 379 186
9 11 127 166 186 206 286 207
11 107 127 160 166 206 286 9
11 15 77 98 166 173 243 9
11 19 35 209 210 339 374 268
7 75 166 250 269 350 382 37
7 11 47 110 160 207 379 222
19 166 210 277 295 326 357 271
19 22 41 56 82 105 364 123
11 19 64 210 238 309 379 270
33 37 56 218 225 337 364 252
33 37 46 128 227 309 364 293
11 52 110 202 217 292 339 280
59 209 246 278 334 339 374 293
11 32 73 110 327 339 379 119
77 98 219 246 255 334 339 4
22 73 76 209 334 339 374 134
9 45 104 291 293 350 370 15
7 47 110 127 160 207 222 32
19 210 219 233 271 277 326 56
19 41 56 82 138 364 373 23
11 19 45 109 110 210 238 281
33 56 218 274 324 337 364 114
33 46 227 309 334 339 364 142
32 52 110 202 317 339 356 57
59 73 104 149 209 339 374 196
10 11 105 110 196 230 350 281
11 47 68 110 130 160 194 284
98 150 230 259 349 369 382 38
11 19 35 209 210 339 374 268
7 11 32 75 127 160 175 110
19 81 128 166 234 276 345 129
9 11 110 127 247 327 379 289
11 19 76 127 138 167 234 107
9 11 76 127 185 186 206 267
9 11 127 186 206 286 329 146
19 125 160 170 210 233 277 321
40 97 111 142 150 257 372 147
32 52 76 110 202 250 349 317
78 196 265 278 339 348 355 268
78 110 265 291 332 350 355 308
11 32 47 110 127 160 262 334
19 24 41 81 167 200 324 128
9 110 120 174 247 267 336 167
19 93 160 233 243 277 321 326
19 48 81 82 200 210 271 20
76 110 174 190 247 267 334 177
19 34 93 107 160 226 368 358
34 127 177 243 297 312 349 175
55 77 91 98 115 267 349 89
19 81 97 128 210 265 308 324
9 11 54 127 212 247 372 308
11 19 127 138 167 210 238 76
11 76 108 127 167 189 206 9
9 11 127 186 252 286 329 166
11 96 128 154 166 231 252 36
11 21 96 166 219 300 379 45
11 74 96 119 189 206 265 262
19 97 107 160 193 253 354 34
11 127 306 327 330 349 379 312
77 98 127 219 255 273 335 337
13 37 107 160 165 238 346 88
11 15 55 98 175 243 259 48
11 64 110 247 262 286 306 270
11 76 96 234 243 306 349 312
19 76 210 238 270 336 379 214
9 11 119 133 206 262 306 334
17 107 131 169 221 268 337 115
131 133 221 306 312 349 379 74
3 67 98 113 162 321 331 169
98 123 173 197 234 237 349 28
47 48 81 127 259 293 326 168
11 80 158 166 174 206 359 262
31 64 107 160 165 284 326 331
11 142 182 243 273 334 379 131
11 118 131 227 297 315 327 312
70 98 131 219 225 252 255 289
11 47 81 109 127 238 267 326
11 21 166 174 206 207 262 218
37 88 107 160 205 286 363 331
15 55 98 175 197 243 259 34
11 64 174 247 286 306 334 281
11 127 243 306 312 349 379 315
67 80 98 169 170 326 331 383
0 28 123 151 190 237 349 257
59 78 93 241 262 270 304 134
11 34 38 76 291 336 350 86
47 81 127 129 131 174 326 11
11 158 166 206 207 262 281 47
19 160 210 261 295 321 326 246
19 62 82 182 196 210 349 122
11 95 110 189 247 270 286 111
19 36 76 125 128 231 252 331
90 205 234 306 330 349 358 28
19 28 56 210 277 295 364 38
19 56 218 239 257 295 364 83
15 59 115 150 210 257 309 364
81 82 246 274 309 332 364 359
7 62 76 102 110 184 304 56
3 85 128 160 225 303 364 132
7 38 40 85 150 303 311 111
101 110 147 266 297 349 364 149
76 110 130 293 297 320 349 7
7 15 48 52 55 98 349 77
22 59 86 303 330 332 350 124
11 47 110 127 293 308 379 119
19 81 127 128 189 230 339 185
110 119 127 166 230 247 339 178
107 126 160 243 252 253 339 166
15 55 98 175 243 259 339 22
11 102 209 230 336 339 374 238
7 75 76 124 196 339 350 12
7 32 110 160 189 207 379 47
7 19 81 128 239 296 339 324
110 174 214 222 230 247 286 270
19 56 125 160 227 277 295 243
19 82 104 171 260 295 311 324
19 82 96 122 128 239 257 121
113 122 133 227 237 239 344 307
48 64 81 128 239 265 272 92
110 119 124 189 247 270 379 166
72 107 160 214 243 252 272 331
72 98 115 223 227 243 272 113
22 47 64 81 127 189 272 48
11 166 206 230 272 304 339 207
19 79 90 159 160 268 380 65
46 113 118 165 234 328 349 79
11 110 127 174 178 219 247 334
36 52 110 128 231 297 334 296
19 79 110 210 238 300 336 2
68 189 206 252 289 293 334 15
19 123 159 210 268 309 380 52
9 73 174 178 186 247 268 119
36 128 222 231 252 334 337 202
0 19 32 110 177 304 327 11
64 110 247 265 286 319 346 219
19 42 76 107 252 265 337 193
42 76 96 131 231 252 345 35
9 96 119 124 174 247 257 319
0 22 36 68 110 167 231 149
19 110 210 238 300 336 339 11
119 161 218 262 330 334 337 252
96 132 196 202 231 252 360 169
11 35 210 281 300 339 379 19
0 90 96 119 165 200 206 293
0 36 106 146 186 231 326 359
22 35 64 134 214 219 300 339
0 2 218 268 297 330 383 252
19 52 56 159 183 210 309 106
36 110 131 161 257 280 349 184
22 47 68 81 120 326 350 15
11 166 186 189 206 326 334 158
107 160 252 268 293 326 331 48
32 59 81 110 128 345 356 339
9 64 110 119 174 247 303 304
19 48 88 96 110 119 149 36
119 189 198 206 334 337 356 0
48 154 176 211 239 255 259 349
22 76 112 173 293 330 332 9
9 11 127 131 173 240 330 22
9 11 127 159 173 301 330 292
76 92 119 186 206 234 247 74
36 81 111 128 239 345 380 126
9 36 119 174 218 244 247 296
36 119 151 154 231 265 345 113
9 36 74 119 146 218 247 285
19 90 168 210 268 271 295 87
19 40 61 210 286 290 295 293
52 197 200 202 217 250 349 76
15 48 55 161 200 230 349 68
149 209 265 295 303 339 374 242
7 12 75 189 303 339 371 269
43 55 115 150 234 259 349 326
110 127 172 315 339 346 371 299
7 19 36 67 76 128 252 276
1 19 76 81 110 128 185 234
1 9 35 206 214 240 355 311
35 67 76 231 240 268 326 146
19 99 138 210 240 265 336 76
9 35 76 119 214 218 240 175
35 45 76 170 231 240 381 245
35 45 109 238 300 309 370 281
9 35 45 170 175 218 326 119
19 46 72 125 210 256 295 168
19 82 110 178 189 247 344 62
19 36 110 177 189 231 255 3
9 13 19 32 177 180 326 82
9 80 110 111 127 214 371 175
32 90 107 110 271 293 326 7
9 11 13 110 127 346 371 285
83 119 186 234 244 247 301 276
19 76 107 265 266 286 287 335
36 45 76 96 154 231 345 293
9 54 127 247 319 371 379 13
9 76 119 174 185 247 257 308
19 60 107 131 169 221 334 188
19 48 128 150 221 240 345 177
54 127 221 244 247 319 339 200
9 76 119 180 239 244 247 174
19 76 107 169 239 293 339 259
9 11 48 77 98 312 349 243
22 45 49 98 215 303 332 161
9 11 127 131 173 240 330 244
9 11 127 173 244 292 330 159
74 76 92 119 186 234 247 206
36 111 128 177 219 293 345 306
9 36 119 174 244 247 296 193
36 119 127 151 154 231 265 113
9 36 74 119 146 218 247 84
19 52 168 210 271 295 326 90
0 40 62 73 142 241 290 104
46 50 274 290 311 349 359 246
111 123 242 265 290 334 344 214
45 52 76 202 217 240 244 280
11 105 110 131 196 244 287 298
19 36 39 128 177 231 301 345
19 21 76 210 240 265 300 293
11 39 49 68 111 206 244 326
28 132 142 175 267 349 358 249
19 46 159 210 266 294 295 380
9 119 146 178 244 247 296 317
7 10 76 110 244 261 280 293
10 105 130 132 226 250 280 353
10 19 97 128 132 222 280 308
7 19 32 97 110 250 280 226
9 49 105 144 280 301 380 85
9 85 127 173 175 238 297 368
9 11 105 173 224 305 330 383
1 9 48 93 102 127 280 229
9 13 72 110 111 127 371 214
32 83 110 128 250 293 336 175
13 32 76 110 180 250 326 373
110 175 244 250 308 355 375 32
37 107 110 221 226 263 271 324
36 52 97 110 221 226 264 83
3 7 32 110 146 296 375 288
110 128 132 239 271 272 375 226
19 200 210 252 265 299 334 8
19 40 46 150 186 344 349 115
52 74 98 124 150 226 349 132
32 110 115 131 177 186 223 11
32 73 110 184 189 250 306 9
20 31 55 98 250 259 349 110
13 20 32 110 141 303 346 150
32 61 110 128 159 293 382 252
59 61 102 241 256 284 311 93
7 10 12 104 175 246 371 211
40 98 111 223 237 286 349 227
32 110 217 236 257 293 349 20
98 120 161 196 232 332 339 307
19 61 98 118 159 183 210 321
98 151 183 223 230 344 349 33
40 73 140 142 180 303 366 31
32 83 110 128 175 250 293 198
13 32 76 110 180 250 373 177
110 175 177 215 244 355 375 250
37 107 110 221 226 271 364 324
32 36 52 110 128 221 264 271
3 7 20 32 110 140 375 146
110 126 128 132 271 272 375 239
19 200 210 252 271 284 299 25
0 19 40 52 73 210 290 246
50 122 140 274 290 349 355 111
111 123 177 242 265 290 334 214
202 217 244 260 297 339 349 250
15 48 55 80 217 330 349 256
64 209 242 293 303 339 374 167
7 75 110 121 184 189 303 175
19 84 210 295 321 326 339 222
31 52 59 61 241 311 383 268
7 10 31 75 76 97 371 110
10 19 128 210 222 233 271 252
19 32 82 110 180 250 280 177
9 49 105 144 182 280 380 301
9 85 173 175 238 297 373 274
9 11 105 173 224 305 330 383
9 48 93 102 127 274 343 105
9 13 110 111 127 244 371 11
33 83 110 128 250 288 336 198
13 32 76 110 180 250 379 373
31 110 175 215 244 355 375 177
7 107 110 226 263 271 324 293
36 74 110 132 180 221 271 46
3 7 32 110 146 288 375 74
19 76 84 93 110 264 271 276
9 11 127 159 173 292 330 346
19 81 164 214 234 265 339 76
48 92 110 119 186 234 247 339
50 67 175 193 231 245 330 168
9 76 119 134 174 247 330 35
19 99 102 136 210 231 252 214
9 119 127 170 174 218 247 343
67 69 107 169 221 243 339 301
55 115 221 234 259 339 349 134
76 92 119 186 206 247 296 110
36 111 128 219 293 312 345 49
9 36 119 174 193 244 247 152
36 49 113 168 190 219 345 231
9 36 119 174 230 247 328 74
19 90 159 210 265 295 380 52
0 48 76 154 259 344 349 311
22 59 86 189 330 349 350 311
9 64 125 127 131 240 330 85
9 11 45 127 173 269 330 119
60 67 169 175 290 331 339 93
40 74 76 150 186 211 311 356
9 52 98 124 202 263 280 76
9 53 81 131 164 330 336 151
9 50 110 111 127 315 371 219
83 119 128 247 276 283 335 301
19 76 78 107 217 252 265 111
36 76 96 154 231 312 345 9
9 54 96 127 172 319 379 247
9 76 86 119 174 247 257 156
19 107 125 169 221 312 324 86
19 150 168 177 189 221 345 326
54 127 221 240 319 339 348 301
32 83 110 128 198 250 293 175
13 32 76 110 180 250 373 37
110 175 177 215 244 355 375 308
107 110 221 226 271 324 364 37
32 36 52 110 221 250 271 128
3 7 20 32 110 146 375 296
110 126 128 132 239 271 272 375
19 84 200 210 252 271 299 25
19 40 52 73 140 210 290 246
50 122 140 274 290 349 355 359
111 123 214 242 265 290 334 344
202 217 244 260 297 339 349 250
15 48 55 80 217 256 349 330
64 167 209 303 339 374 379 180
7 75 110 121 184 189 303 124
43 71 79 98 151 334 339 85
52 64 118 200 217 326 339 202
59 196 209 246 268 339 374 173
10 11 97 105 124 226 350 269
19 97 142 168 210 295 326 79
19 62 140 206 210 267 349 289
31 67 104 206 244 267 331 379
40 52 73 142 246 260 290 311
46 50 52 246 274 290 333 197
111 123 149 177 214 290 334 52
32 52 76 110 141 250 293 217
32 76 95 110 141 250 293 20
32 55 110 130 142 173 293 349
20 32 141 217 226 271 303 211
20 32 128 131 142 159 210 161
33 40 53 92 234 237 349 172
111 142 182 227 232 257 274 298
32 107 110 167 221 271 336 337
36 74 110 120 200 221 271 355
3 7 63 110 288 308 375 74
19 76 110 264 271 290 379 93
19 73 110 200 227 271 357 362
33 36 76 110 179 266 340 198
11 32 63 76 110 265 281 353
9 11 32 110 119 137 247 76
11 32 110 154 231 250 259 72
76 110 119 137 190 247 332 293
15 32 76 110 231 238 355 362
11 32 76 110 180 241 306 250
19 109 164 200 238 281 354 360
0 8 11 119 123 206 297 32
106 149 231 297 313 343 362 110
119 146 189 219 247 315 379 9
0 96 110 119 231 237 345 290
19 35 76 112 173 281 300 334
119 173 176 206 256 339 362 42
8 107 169 221 231 278 377 149
32 110 133 221 231 237 313 76
8 63 76 119 137 191 247 315
11 63 119 169 198 272 312 320
0 11 18 119 247 266 319 328
32 76 107 221 252 272 313 111
32 61 76 96 214 221 231 72
11 32 63 76 110 353 362 169
0 18 110 137 247 252 257 286
32 110 154 231 238 255 259 56
0 119 131 137 190 247 332 283
15 32 35 110 117 238 252 231
13 32 76 110 180 241 306 74
0 9 11 85 127 334 360 371
9 11 38 119 127 144 292 326
11 77 108 149 150 301 362 255
11 76 119 174 247 293 346 328
19 76 83 99 159 210 295 46
0 48 62 98 161 312 349 334
11 76 119 198 247 328 346 104
36 72 76 128 231 328 345 276
11 19 76 99 118 138 210 336
0 11 79 206 267 272 317 293
67 72 76 120 169 272 331 46
11 22 49 60 241 332 362 293
0 9 11 127 200 308 371 63
11 48 55 77 98 118 349 334
11 21 76 266 300 303 331 185
11 76 185 206 293 303 334 179
11 95 113 123 215 253 293 98
11 119 146 247 303 328 379 334
58 76 98 115 185 243 334 63
9 11 38 98 119 127 177 292
0 11 77 98 149 150 301 118
11 19 76 99 118 210 300 238
11 191 206 293 334 338 362 253
0 67 98 162 169 331 362 268
39 114 118 165 173 234 257 230
59 76 209 241 293 366 374 167
10 11 105 257 267 350 362 39
9 11 63 96 105 127 207 281
0 76 81 98 164 234 334 15
9 11 127 164 293 371 381 336
11 98 234 237 286 293 362 179
9 11 38 127 232 257 301 119
11 77 98 118 150 257 301 232
9 11 76 119 178 247 328 39
76 83 98 115 151 243 259 173
59 76 151 209 259 286 374 98
9 10 11 75 105 110 149 127
11 77 118 219 255 293 336 239
9 11 31 127 334 360 371 175
9 11 38 119 127 144 274 285
11 77 108 150 255 301 362 149
11 76 119 174 247 293 346 336
11 55 76 77 243 259 349 362
11 19 21 76 210 266 362 326
9 11 76 119 152 206 303 222
11 76 113 123 259 293 306 95
11 119 247 303 328 334 383 9
19 118 159 175 210 295 380 171
19 51 52 84 210 271 277 160
76 118 161 312 344 349 358 0
9 11 76 119 198 247 328 189
11 36 38 72 76 328 345 146
11 23 76 119 206 272 317 189
67 72 76 120 246 272 331 98
11 22 60 241 273 332 362 293
0 9 11 63 127 308 371 381
11 48 55 77 98 118 349 326
11 19 21 76 210 300 303 266
9 11 76 179 206 303 381 293
11 95 113 123 215 253 293 34
11 64 119 134 247 293 303 380
58 63 76 98 115 243 334 185
9 11 38 119 127 184 304 198
0 11 77 118 149 150 301 108
19 62 64 86 210 267 349 206
59 67 104 206 246 267 331 200
40 61 142 286 290 295 356 140
52 64 76 102 132 202 217 118
11 74 132 178 189 247 317 102
19 36 42 128 132 211 231 293
11 13 19 131 177 326 379 37
9 127 132 247 265 286 323 308
9 180 200 206 264 317 319 176
59 69 107 242 293 301 330 102
36 182 221 230 231 259 326 242
11 19 55 210 219 300 336 78
37 119 210 218 257 268 330 326
19 61 168 210 230 275 295 120
52 110 151 161 168 344 371 293
9 11 110 119 127 247 379 276
36 48 122 123 128 312 326 193
19 32 86 110 128 293 379 81
74 110 119 186 247 296 380 301
32 112 154 198 231 259 293 158
32 76 119 186 190 230 247 214
15 32 61 76 110 140 336 301
13 32 76 180 241 301 306 368
7 119 149 189 247 301 379 2
32 60 90 107 119 264 265 231
32 76 83 133 163 237 310 175
9 37 64 127 247 286 319 281
9 37 64 127 149 206 319 55
32 110 119 131 177 247 252 125
60 107 111 150 217 252 354 78
32 36 76 110 111 112 231 198
37 127 189 247 257 301 315 190
19 62 206 210 257 267 349 64
67 104 118 206 246 267 331 59
40 52 73 142 246 290 311 34
46 50 52 274 290 349 359 246
52 109 111 123 214 238 290 242
52 210 217 301 342 349 361 132
59 134 146 209 246 264 374 265
7 11 12 105 132 280 281 110
19 61 142 210 295 303 326 168
15 52 59 62 241 311 344 260
7 10 12 110 222 280 346 214
11 31 32 49 105 229 280 9
9 32 97 127 213 224 371 219
13 24 81 85 110 178 286 219
74 93 125 127 206 264 296 176
19 32 36 110 128 250 293 97
13 110 125 160 168 177 364 140
67 74 76 231 265 324 336 330
7 127 189 219 247 265 328 286
9 37 119 176 206 218 330 93
19 109 110 128 226 238 326 335
13 47 110 239 273 293 375 23
170 231 245 308 330 339 355 268
9 119 120 137 174 247 336 110
36 45 109 110 128 219 265 293
32 110 146 168 229 334 375 48
7 10 107 169 221 293 355 126
7 36 74 110 128 132 221 293
3 7 32 110 140 296 375 48
10 19 84 128 132 210 339 271
19 76 82 96 265 311 330 128
40 76 96 122 150 242 349 311
40 72 104 256 272 349 355 197
58 74 140 167 264 272 332 370
85 227 241 272 307 330 332 86
144 167 272 291 330 350 368 298
45 127 131 212 227 293 298 189
74 97 127 198 267 285 293 95
48 55 77 115 259 272 293 60
59 122 209 265 272 293 374 230
0 49 85 105 177 330 350 286
9 49 105 146 177 291 315 127
68 85 127 176 285 293 327 26
60 67 72 169 272 313 331 166
40 150 166 186 211 223 272 314
36 52 91 149 272 280 349 211
59 68 104 120 209 301 374 304
2 105 110 111 177 293 304 350
9 64 105 127 131 212 293 205
9 105 144 227 291 301 358 350
9 49 83 105 113 131 227 76
10 86 104 150 253 296 330 105
19 46 159 210 268 295 380 99
48 61 62 133 237 241 344 0
111 134 241 248 264 272 330 22
144 264 272 289 291 350 368 298
74 127 177 194 212 227 266 95
9 37 90 251 272 297 361 289
67 146 162 169 272 308 331 6
40 114 150 186 211 272 314 152
36 52 149 211 272 280 349 301
59 68 78 120 303 308 383 6
6 110 113 230 291 322 357 18
7 32 101 110 127 160 168 0
110 125 129 140 168 293 364 146
67 76 110 231 308 336 354 176
9 21 119 220 225 247 289 285
60 110 128 238 260 265 293 45
3 32 110 180 293 373 375 134
107 110 169 221 266 280 336 226
36 110 118 221 222 293 364 52
3 13 110 140 308 368 375 2
19 76 84 200 210 271 364 25
19 70 110 178 247 357 380 82
19 32 36 76 110 189 231 293
0 13 32 37 176 177 285 189
110 214 247 265 286 315 319 176
32 107 214 252 293 360 380 331
8 36 59 221 230 231 259 134
19 76 210 238 300 309 339 55
37 86 119 176 218 326 330 9
19 210 233 271 293 295 309 200
3 62 105 110 200 274 276 87
19 36 39 52 231 255 259 252
19 32 107 110 128 271 293 39
19 32 83 210 233 271 299 295
7 19 52 80 110 200 293 151
7 92 119 186 189 225 247 296
43 55 243 259 284 349 379 59
21 76 119 127 210 219 303 19
73 75 119 185 206 303 380 91
43 48 75 98 119 123 335 219
119 134 189 247 301 303 379 380
96 119 256 303 345 379 380 2
0 37 42 119 150 206 303 189
17 19 81 164 168 293 349 48
10 77 86 104 150 296 330 253
19 46 159 168 210 211 295 76
48 61 62 122 133 237 344 161
10 22 110 241 272 327 330 296
9 58 90 272 297 330 354 131
67 68 104 149 272 308 331 169
36 52 202 211 272 280 349 281
32 68 110 120 230 291 293 16
7 32 70 110 131 160 161 127
19 90 168 210 211 271 295 125
19 62 82 182 196 295 349 83
74 189 247 285 286 293 323 298
19 36 125 128 189 231 345 219
1 19 47 76 80 81 293 189
21 76 127 166 206 211 305 301
14 127 137 166 206 266 305 379
46 67 160 211 272 273 331 210
9 119 174 189 225 247 285 382
36 52 97 123 219 231 293 259
19 76 99 148 210 293 336 300
37 42 119 176 189 218 222 293
151 159 210 272 309 360 380 246
40 46 161 210 286 290 293 114
19 52 76 80 102 217 349 45
9 127 176 177 212 253 381 215
88 127 198 215 293 317 346 194
52 55 77 115 215 339 349 253
50 127 144 177 303 339 358 230
21 35 134 214 300 308 379 293
86 119 127 161 218 330 382 220
38 47 81 127 265 329 345 214
38 127 166 206 278 286 359 31
25 32 83 110 128 264 270 76
110 125 140 168 180 293 364 129
67 76 110 125 231 336 354 308
9 21 37 119 220 247 285 225
45 109 110 128 238 260 265 25
3 32 110 134 180 293 375 373
8 107 110 169 266 280 336 172
36 46 110 140 221 222 281 52
3 13 110 140 177 308 375 265
10 19 76 84 97 210 271 25
19 20 82 87 105 110 274 357
0 19 85 128 210 317 364 290
43 52 146 249 293 364 379 220
52 59 209 265 293 374 377 35
45 49 95 105 177 237 373 9
47 80 95 105 127 212 346 198
77 98 169 219 227 255 292 212
54 127 189 214 247 286 380 289
22 40 46 115 243 326 361 3
37 94 127 220 323 326 349 285
50 127 144 175 303 307 332 266
9 86 119 220 247 327 346 285
37 47 81 127 214 286 293 243
127 166 186 206 222 252 286 189
107 127 160 166 206 243 286 293
15 81 134 151 164 234 293 113
9 49 89 127 144 262 268 286
70 76 127 212 227 249 285 74
19 22 125 159 168 221 240 372
10 15 48 60 219 293 349 306
22 46 296 330 332 349 350 86
77 123 219 255 259 326 349 295
19 99 159 168 210 221 295 321
39 40 62 91 150 186 295 73
36 38 52 91 149 280 349 110
59 68 120 209 293 339 374 104
2 105 110 111 177 293 304 299
9 64 105 127 131 212 293 304
9 105 144 227 291 301 358 292
9 49 83 105 131 177 227 113
11 15 48 77 105 219 349 104
8 28 296 330 332 350 383 22
77 219 255 259 295 326 349 123
9 38 49 105 144 177 315 127
68 74 118 127 293 306 326 285
19 168 197 210 268 271 295 87
35 52 59 62 97 241 380 311
7 10 19 97 104 211 371 12
10 48 52 121 132 222 349 289
0 32 110 182 212 226 291 76
32 74 76 110 266 293 340 317
19 85 122 128 173 193 234 214
17 19 32 110 176 292 317 145
7 76 110 266 304 351 366 32
92 119 186 214 225 247 335 293
37 55 91 243 259 293 349 379
21 76 119 206 219 300 303 266
0 37 48 119 185 206 303 75
45 48 88 119 123 176 312 173
37 119 134 247 267 303 379 334
96 110 119 300 345 379 380 348
0 37 119 176 206 303 361 42
0 67 98 142 197 251 331 244
17 48 175 176 227 293 360 119
19 32 52 110 151 297 349 200
43 55 154 225 255 259 340 251
64 76 92 119 131 230 247 177
15 43 55 238 259 309 339 36
8 13 32 113 198 241 306 180
86 119 134 140 189 247 301 379
19 72 128 251 264 272 312 42
0 76 90 92 119 186 247 189
0 36 50 76 110 252 364 257
76 110 119 180 206 293 364 32
0 1 67 76 197 324 360 293
9 37 119 127 174 247 286 189
76 83 110 119 125 128 267 177
32 76 119 168 206 222 267 177
7 31 76 107 150 252 293 287
36 76 110 125 222 231 378 52
47 81 127 214 290 293 383 2
11 47 127 166 177 206 334 236
35 67 160 202 231 260 331 40
0 76 110 144 234 237 293 60
47 81 92 189 232 257 293 48
0 11 127 166 206 232 257 281
0 31 67 160 231 331 339 260
9 11 76 119 124 154 349 110
0 19 76 159 225 299 309 210
64 76 92 119 186 189 247 167
0 36 50 110 119 217 274 266
0 119 189 206 274 301 383 304
0 67 231 245 252 331 339 167
0 60 174 247 286 312 319 9
19 45 109 127 238 281 350 216
119 125 168 180 206 222 324 74
19 99 210 231 238 240 252 308
9 119 127 170 174 218 247 230
69 107 169 205 221 243 301 214
55 112 115 221 246 354 365 259
76 92 119 186 206 247 330 368
36 76 119 174 244 247 298 134
36 42 81 119 174 296 345 131
9 36 119 146 174 218 247 244
46 115 144 205 234 349 350 243
3 22 74 123 173 326 349 370
9 11 110 127 172 299 371 247
9 83 119 128 186 198 247 92
107 111 252 266 287 335 354 19
9 36 49 76 111 177 312 128
54 127 150 172 244 319 371 25
9 76 86 119 174 247 377 253
19 107 109 111 238 252 310 265
111 151 252 272 293 326 356 240
0 9 91 116 127 319 339 136
9 76 86 119 174 198 247 180
19 76 107 111 252 293 354 238
36 49 76 79 111 141 354 42
16 91 116 127 187 244 319 0
0 76 119 174 180 247 293 253
19 45 107 109 117 238 310 111
81 111 164 240 252 259 326 125
15 90 119 186 234 247 312 360
46 90 168 234 298 326 349 150
0 34 168 234 244 344 380 331
0 59 209 241 311 366 374 339
9 10 11 105 127 304 350 119
9 10 105 127 240 266 315 264
52 98 200 227 240 298 349 246
32 110 131 226 250 293 346 20
98 111 154 167 177 205 349 176
20 32 110 131 141 257 307 250
19 104 120 128 169 215 252 28
79 98 151 197 223 344 383 349
40 73 240 246 290 366 376 356
50 58 73 122 197 274 290 293
45 180 217 239 301 349 359 120
16 40 98 150 176 223 286 117
20 32 110 182 236 250 293 226
0 19 60 98 128 169 234 104
32 48 55 110 113 259 349 130
13 20 32 141 303 323 346 145
32 61 75 141 227 293 382 250
13 32 110 185 198 213 229 346
19 33 52 159 167 210 295 168
64 108 151 197 298 344 349 31
118 133 161 232 237 290 349 293
20 40 73 98 176 330 349 72
20 32 52 110 236 250 320 293
32 110 131 141 293 314 346 146
19 23 61 79 159 248 339 104
40 72 73 145 197 290 349 248
45 52 76 206 217 349 359 20
40 98 117 150 223 344 356 113
20 98 110 226 274 304 349 149
19 168 210 265 295 299 339 284
19 82 110 120 178 247 357 20
19 32 36 110 231 256 260 202
32 110 177 243 250 256 334 293
32 76 104 110 164 222 252 193
11 45 90 98 161 196 332 33
19 98 126 128 169 234 326 211
40 73 95 140 150 200 289 39
40 98 200 223 349 359 364 355
19 123 138 200 210 265 290 211
2 3 98 115 211 349 358 372
40 52 98 148 274 297 349 124
3 52 71 98 124 274 349 197
39 78 98 185 200 308 337 383
19 47 78 81 92 257 355 291
11 105 127 202 268 327 337 9
9 11 126 127 268 273 337 250
87 107 127 160 268 326 337 169
83 87 90 127 175 230 244 263
19 128 142 169 197 234 364 98
64 92 110 127 182 244 339 293
19 119 128 186 224 247 335 110
19 45 107 109 238 265 266 335
36 45 49 111 128 265 312 354
9 119 127 247 281 301 327 266
22 98 151 167 252 293 355 334
9 64 92 119 127 167 289 263
119 186 233 244 247 308 335 88
38 76 96 119 149 265 350 31
119 206 283 286 334 335 383 350
107 109 111 238 242 252 335 19
31 36 49 128 219 252 354 335
74 127 200 244 247 281 303 25
19 67 102 167 252 260 268 60
15 64 92 119 186 234 247 125
168 176 197 211 234 252 349 326
0 19 121 168 200 234 380 34
9 84 119 127 174 218 247 317
67 69 107 169 221 240 301 72
45 55 115 221 246 259 349 9
76 92 119 186 206 247 330 134
36 49 111 128 219 312 345 243
36 119 152 174 244 247 322 193
36 48 49 190 219 243 265 345
36 119 146 174 213 247 257 244
3 34 115 144 234 246 349 76
9 22 74 173 326 349 370 104
9 11 110 127 172 299 371 348
9 76 83 119 128 247 296 244
19 76 107 111 252 266 354 154
36 49 76 111 177 312 326 345
9 11 49 76 110 244 303 229
9 31 74 127 172 212 371 110
119 186 198 213 244 247 283 23
67 87 231 236 240 261 354 133
0 25 54 127 172 240 319 63
9 76 86 119 174 198 247 240
19 140 159 210 299 326 380 308
76 133 161 237 344 349 380 48
0 16 111 241 248 272 349 113
9 144 272 289 291 350 368 307
9 74 127 240 257 330 375 213
9 90 113 251 272 297 361 240
67 72 79 113 169 272 331 186
36 52 76 272 281 298 349 102
49 96 120 128 177 301 345 326
111 206 239 240 264 334 356 326
19 168 210 265 271 284 295 72
62 82 83 182 196 344 349 61
9 49 105 172 315 317 357 177
9 11 105 127 152 186 213 85
55 97 131 226 242 297 349 76
76 78 118 120 172 189 264 177
20 110 177 250 293 327 375 222
20 43 86 98 219 255 330 0
9 110 239 250 293 308 375 339
9 11 13 110 127 299 371 189
19 118 142 173 210 295 334 83
20 82 105 132 226 274 349 161
19 85 128 210 274 290 303 344
52 62 131 146 249 364 379 303
9 39 76 78 86 285 365 52
47 78 81 92 265 337 355 326
9 11 105 127 166 327 337 202
9 11 126 127 166 268 337 120
43 87 107 127 160 169 337 326
9 83 105 127 140 221 330 70
81 164 234 240 293 348 349 301
19 20 48 110 186 234 306 64
110 119 127 174 230 247 330 9
9 119 127 152 174 230 247 134
15 48 107 144 169 221 242 330
3 118 144 197 221 234 349 115
22 173 175 326 334 349 370 3
92 119 127 186 206 247 330 76
36 50 119 128 174 247 298 134
36 111 119 127 128 296 345 243
9 36 119 174 218 244 247 146
31 113 151 166 173 197 348 76
9 110 127 194 281 299 371 219
9 83 119 128 186 247 368 92
72 107 169 221 240 243 301 69
45 55 115 221 246 259 349 77
76 92 119 186 206 247 330 134
36 76 119 134 174 244 247 298
36 42 81 119 131 296 345 243
36 119 146 174 218 244 247 9
3 46 115 144 205 234 349 350
22 74 77 140 173 326 349 9
9 110 127 172 299 348 371 54
9 83 119 128 186 198 247 76
19 76 107 111 217 252 287 38
9 36 49 76 111 177 345 312
127 150 172 190 244 319 371 11
9 76 86 119 174 247 377 253
19 107 111 238 252 265 310 354
111 151 240 272 293 326 356 177
0 91 127 129 240 319 339 8
76 119 174 198 244 247 377 253
19 107 109 111 238 252 309 45
36 49 111 177 198 244 252 287
9 54 127 145 247 303 319 116
9 119 134 174 180 198 247 76
19 111 159 210 214 299 380 326
46 118 234 240 349 355 368 76
28 144 170 232 298 349 358 1
59 78 83 144 241 344 349 285
19 47 78 81 92 265 355 212
9 11 127 166 268 327 337 309
9 11 49 127 261 268 337 273
87 104 107 127 144 160 326 268
83 87 127 152 191 298 348 230
161 214 234 326 349 355 382 77
67 104 118 200 246 267 331 206
40 73 142 246 260 290 311 334
46 50 52 274 290 349 359 246
111 123 149 214 265 290 334 177
52 210 217 301 342 349 361 244
59 146 172 209 246 264 374 339
7 12 75 104 132 268 298 105
19 97 130 159 210 217 339 142
59 62 214 241 242 311 344 93
7 10 110 244 250 261 280 240
55 64 175 226 264 303 349 132
74 78 140 172 240 265 339 59
32 61 110 176 177 250 327 76
43 86 98 219 240 255 330 339
9 110 239 250 308 339 375 293
9 13 110 127 131 299 371 11
19 22 159 226 240 252 339 173
38 40 150 173 226 311 349 356
52 124 150 167 226 240 349 314
13 32 95 110 175 250 368 41
32 55 98 110 250 259 349 31
29 32 110 141 250 303 371 11
42 98 123 173 226 259 314 339
45 52 110 189 217 250 314 13
9 127 225 250 292 301 339 281
77 98 219 242 255 264 293 339
22 59 98 142 330 332 350 173
9 72 85 127 295 308 327 76
19 98 128 134 142 168 234 0
9 11 72 76 110 168 327 250
19 36 93 110 128 239 293 242
11 13 20 32 110 250 325 29
13 32 110 141 250 293 346 20
34 43 98 113 151 293 339 172
32 52 110 131 141 217 257 264
19 52 84 168 210 295 339 383
35 52 59 62 241 244 344 104
7 10 32 110 250 280 293 12
9 32 49 105 110 250 280 111
9 52 80 127 213 327 371 173
1 9 42 48 85 154 283 173
9 127 144 283 291 293 302 146
9 85 122 127 173 283 285 67
55 110 175 226 264 297 349 227
74 78 120 140 189 240 339 264
32 61 110 176 177 250 327 339
0 43 86 98 219 255 330 240
9 110 239 250 293 339 375 32
9 110 127 131 299 339 371 13
19 210 240 246 266 295 339 83
40 46 91 150 226 349 356 15
20 52 110 202 250 314 349 35
9 11 104 110 178 247 269 317
36 110 111 128 168 177 231 140
20 32 110 141 250 319 371 11
11 13 32 76 110 293 325 375
110 111 127 247 293 327 371 48
19 111 113 159 211 221 299 22
28 46 79 118 173 221 234 232
7 11 74 110 178 247 293 144
113 115 144 168 223 243 349 68
78 140 185 222 240 304 368 264
32 110 168 250 280 298 375 11
32 110 167 175 240 250 349 64
9 11 110 111 127 327 371 32
19 62 69 159 221 299 380 111
46 48 52 79 154 259 349 311
32 97 110 120 121 186 370 269
19 47 81 110 128 207 214 252
9 21 74 119 176 207 301 127
144 207 214 231 264 265 331 76
9 14 119 190 207 218 266 114
17 76 189 231 301 329 370 219
14 119 174 190 207 218 326 380
13 17 76 219 231 260 301 329
45 119 189 196 207 218 370 285
13 76 168 170 207 231 265 379
9 14 119 170 206 265 354 304
13 17 50 219 231 273 297 170
14 174 190 206 207 285 354 9
19 67 72 107 125 251 331 87
52 59 79 98 207 241 312 246
76 131 189 207 301 327 373 286
10 19 97 98 128 222 339 264
21 97 171 222 265 300 339 210
9 11 21 74 119 127 330 383
11 98 127 184 223 297 349 9
2 21 59 98 131 171 222 252
11 127 131 189 218 222 330 48
86 98 127 133 312 330 379 9
0 67 98 162 169 184 331 321
11 21 97 127 252 300 334 219
53 86 218 244 252 330 334 246
11 98 127 131 223 349 379 244
19 138 210 222 238 334 336 127
127 170 206 215 218 222 334 313
9 54 110 111 127 189 371 315
19 32 62 111 159 221 299 309
32 110 221 250 292 303 371 314
7 19 32 107 122 128 250 271
67 98 220 221 298 314 349 122
78 79 98 140 179 264 339 76
20 78 110 250 327 337 349 32
43 77 98 200 219 255 337 349
9 49 127 131 250 293 327 225
19 159 210 252 264 284 295 382
9 110 119 174 247 293 334 178
36 74 110 128 231 293 344 177
11 32 49 110 250 292 293 20
12 52 243 267 298 315 349 104
76 92 104 215 247 293 368 110
98 123 176 243 259 293 314 349
11 47 49 110 119 217 293 20
19 33 99 159 210 252 295 93
28 74 93 123 173 237 349 196
40 73 74 98 114 150 186 230
52 110 200 217 293 349 380 222
41 86 119 189 225 247 286 264
55 98 243 259 339 349 379 43
19 21 76 99 210 303 336 138
11 42 76 119 177 206 303 222
34 48 75 98 123 173 293 219
11 49 119 219 247 293 303 9
9 119 137 219 247 312 368 315
61 107 111 193 252 293 297 324
119 221 234 243 250 273 349 144
19 159 210 222 295 380 382 298
48 154 173 259 311 344 349 52
9 41 78 110 127 208 327 250
18 77 98 219 255 284 331 97
22 50 150 167 263 330 349 176
9 119 127 137 247 296 304 301
108 151 205 243 315 330 334 289
9 119 127 137 174 190 247 106
48 96 119 127 200 265 345 31
9 76 119 127 176 206 266 230
0 31 35 67 76 240 331 167
31 161 173 234 311 326 349 0
9 76 119 137 247 266 328 296
113 115 205 223 243 265 349 293
84 161 269 288 332 349 350 113
76 110 127 152 167 229 291 327
19 159 168 210 268 295 321 90
31 46 59 62 113 241 311 61
0 10 19 87 105 274 359 349
10 71 115 200 223 274 359 148
123 148 238 257 290 344 365 35
49 127 154 249 339 362 380 317
31 59 104 167 173 209 374 339
75 140 161 241 281 327 360 154
173 219 240 255 265 335 336 252
9 76 127 131 150 252 327 267
31 77 151 154 234 306 349 161
31 64 77 112 154 349 359 28
22 39 46 112 142 326 369 246
22 31 59 241 326 336 350 362
9 76 127 167 286 308 330 360
9 49 127 152 203 229 327 184
6 18 98 115 223 284 320 117
9 80 127 200 284 323 362 225
78 226 240 265 280 314 339 344
32 110 182 200 226 291 355 250
7 32 110 226 250 280 293 76
9 52 110 250 280 327 346 85
9 11 110 119 127 186 250 172
19 76 159 221 250 299 380 275
46 123 237 261 290 349 356 140
40 73 98 150 186 230 246 290
52 76 110 124 250 314 335 202
110 172 175 190 215 267 315 293
36 110 128 131 189 231 276 177
11 20 32 95 110 214 325 239
9 11 54 110 127 315 371 111
19 76 107 240 293 312 326 123
98 151 221 240 326 335 348 365
9 48 110 119 178 247 315 188
36 76 110 128 219 231 293 296
9 11 38 110 119 177 239 131
9 48 110 127 247 293 371 284
19 125 159 168 299 326 380 268
46 93 123 237 290 326 349 52
40 46 73 98 142 150 246 114
52 110 170 217 293 349 380 222
9 119 127 131 172 188 225 319
43 55 98 131 259 339 349 267
9 11 49 105 127 293 303 250
74 110 119 127 146 247 257 267
0 11 25 31 32 110 293 189
0 76 107 122 146 250 315 371
48 55 98 221 312 315 349 45
43 55 98 123 312 349 361 45
19 21 95 210 238 303 336 2
9 18 177 219 255 293 301 98
9 11 49 92 105 110 177 198
19 99 110 164 165 297 354 345
0 9 119 164 177 206 354 293
17 193 231 268 293 297 354 245
9 119 137 247 293 312 337 356
69 87 107 193 297 324 354 355
77 98 154 221 255 259 349 251
9 22 59 173 332 350 374 330
9 119 131 137 247 293 295 90
9 15 173 240 243 259 293 61
9 110 127 150 172 306 371 338
19 33 159 168 210 268 295 226
46 62 118 234 306 344 349 76
7 10 48 74 104 110 247 317
11 12 110 229 243 269 349 289
22 51 76 98 332 350 381 317
9 11 76 206 265 291 380 211
98 108 151 225 270 289 291 379
9 11 47 49 96 170 381 45
11 74 126 170 189 240 327 241
43 55 98 115 242 259 349 77
11 19 21 76 238 240 300 365
0 11 31 74 88 206 207 381
0 67 72 240 245 331 365 61
0 33 98 151 173 234 240 326
11 133 154 257 293 348 349 12
11 49 76 96 222 289 303 205
11 45 127 189 269 308 381 256
11 85 93 98 111 182 349 289
19 87 168 210 271 295 299 222
62 93 104 123 237 290 349 211
9 11 85 127 141 173 270 95
11 98 144 150 175 182 349 176
55 77 98 111 149 173 301 333
76 102 185 209 266 374 383 285
11 12 75 293 304 327 361 9
77 98 149 219 255 265 308 270
9 11 76 206 250 286 307 381
15 43 55 77 98 259 339 122
76 102 111 209 242 268 374 173
11 32 110 131 250 339 375 76
19 79 168 210 252 271 295 99
19 40 62 73 161 286 290 210
42 52 132 217 222 257 371 90
59 71 209 241 334 344 374 6
7 12 75 104 211 261 371 308
19 48 105 121 130 132 297 334
19 70 99 138 150 295 303 238
70 71 132 232 285 306 311 112
19 46 76 90 210 250 295 201
19 33 62 257 267 338 349 210
15 67 104 308 314 331 379 257
52 59 217 241 246 311 374 35
7 10 52 110 145 250 280 261
45 52 132 211 217 304 349 320
16 113 118 133 161 237 326 149
22 98 104 150 281 288 330 349
7 32 110 131 250 327 330 104
9 98 113 286 303 330 349 185
50 98 111 120 185 248 303 281
9 11 127 206 257 281 307 250
19 35 79 113 159 246 339 295
39 62 133 173 237 344 366 79
9 72 151 185 230 243 330 164
9 22 119 174 247 297 328 177
22 67 98 125 169 221 227 365
9 11 52 217 221 327 349 110
18 59 73 131 161 225 374 209
72 75 112 140 161 244 327 195
149 219 255 265 301 330 336 62
9 11 76 127 206 227 250 105
9 15 55 77 98 173 255 122
9 22 59 177 330 332 350 306
11 110 127 293 295 339 375 250
65 81 164 170 187 278 336 253
78 174 206 241 247 334 339 293
78 151 185 219 243 313 330 9
9 119 174 218 247 330 334 283
33 67 71 165 169 170 221 60
98 151 170 215 221 284 307 113
123 142 170 237 289 311 358 74
3 11 52 76 110 217 304 301
86 189 218 246 269 330 332 33
90 105 291 295 308 330 355 45
128 168 169 173 234 284 295 39
133 175 185 237 244 326 344 39
9 11 119 127 174 247 328 293
36 96 189 231 272 345 356 244
96 119 174 247 272 328 356 68
36 49 111 176 177 272 312 0
49 119 174 247 328 334 359 337
23 102 151 185 227 240 272 293
0 23 25 119 173 247 272 152
36 128 177 217 345 354 359 95
19 76 99 138 210 265 336 295
9 11 76 119 127 206 291 287
1 11 98 182 193 273 349 9
15 43 60 77 98 259 349 55
78 102 185 303 306 339 348 293
11 32 110 127 301 339 375 262
67 98 113 115 169 331 339 290
40 93 111 150 186 314 372 178
11 52 98 154 217 327 349 292
55 77 98 200 234 280 349 312
11 19 21 168 300 304 339 61
11 177 206 263 304 334 381 158
15 43 55 98 197 259 379 9
19 35 102 173 209 268 374 293
9 11 29 75 105 281 306 96
76 81 98 151 164 234 240 18
19 168 186 234 306 349 380 48
98 168 234 306 326 344 349 150
0 168 234 331 344 356 380 244
9 11 217 304 306 312 349 110
18 59 98 167 312 320 374 196
9 11 75 110 245 270 281 225
11 18 43 55 98 150 259 9
11 19 21 230 300 312 336 64
11 18 101 119 206 312 334 381
107 169 173 205 221 265 268 183
34 83 98 151 221 306 311 72
98 150 197 221 304 349 358 147
11 154 202 217 222 260 349 301
22 98 134 289 296 326 350 83
59 209 241 293 301 326 374 22
9 10 11 110 127 293 334 0
9 98 223 225 286 334 358 246
19 20 82 96 128 207 332 250
19 81 82 189 207 239 339 276
9 110 111 127 189 244 371 54
9 206 219 244 317 339 355 285
32 36 110 128 166 239 293 231
13 32 47 110 128 166 293 185
35 119 176 214 218 311 326 74
67 168 231 245 297 331 358 123
19 99 210 238 295 334 336 309
9 88 119 168 218 240 270 103
17 76 123 231 245 260 324 15
45 109 210 238 300 336 370 309
14 119 170 206 293 326 380 45
231 245 252 260 297 313 324 17
35 210 238 265 300 336 370 252
14 45 119 206 214 281 313 326
35 50 88 231 245 252 357 297
35 45 109 268 281 300 370 17
119 206 214 293 313 326 380 14
32 103 107 166 301 326 340 189
19 84 160 221 239 271 277 295
82 96 233 257 278 332 339 291
6 41 81 189 303 322 344 177
9 13 110 127 172 222 380 238
9 206 214 218 219 244 317 198
36 110 125 166 222 231 358 296
34 47 81 110 121 128 253 185
74 103 119 176 180 218 315 297
88 120 231 245 252 268 354 297
19 45 109 210 238 281 370 268
14 119 176 200 214 218 326 202
42 76 111 123 231 245 252 301
9 119 176 198 206 218 219 214
19 125 210 252 295 301 308 189
19 20 81 82 128 210 295 228
10 19 41 56 82 105 132 189
19 73 99 138 173 210 357 309
10 19 105 132 166 189 206 56
15 19 22 128 166 206 239 132
20 52 86 110 166 202 223 293
59 72 196 209 288 339 374 242
9 11 105 110 141 270 281 286
11 77 112 219 255 265 288 289
22 59 86 173 189 330 350 222
11 32 110 250 295 327 330 293
19 84 85 160 210 277 364 173
19 82 96 121 128 210 224 15
19 41 81 82 92 189 344 284
9 110 178 189 247 286 380 250
9 31 110 125 189 206 317 74
32 36 110 128 166 231 293 252
9 11 32 110 185 250 293 229
9 11 32 54 110 127 371 111
9 83 190 206 257 293 326 45
18 32 107 110 166 221 293 189
36 110 128 166 177 221 231 230
21 78 210 219 265 300 324 309
9 119 218 222 265 288 311 35
9 96 175 196 231 253 345 76
19 99 210 238 265 300 336 306
9 88 103 119 169 218 330 200
96 177 190 196 230 231 293 345
45 109 238 300 334 336 370 111
0 14 119 142 206 293 326 175
0 9 119 127 200 206 207 334
81 98 154 164 234 252 349 76
98 161 164 234 273 326 349 293
10 76 119 177 247 266 297 328
36 76 202 231 252 297 345 128
0 19 38 48 67 131 304 110
9 110 127 261 268 302 383 60
19 61 76 159 187 221 380 62
48 52 62 76 154 349 356 311
22 59 76 140 189 306 349 52
9 39 76 119 127 147 315 361
9 119 127 174 225 244 247 42
60 67 113 169 243 331 339 79
40 73 76 98 150 186 314 290
45 52 76 98 167 217 349 320
98 133 161 197 227 237 326 91
8 22 72 127 272 281 332 303
9 105 110 120 127 263 339 104
15 34 48 55 77 98 251 257
22 98 150 306 326 330 350 45
9 45 119 127 308 326 379 229
58 98 115 303 320 333 356 326
2 21 127 171 222 278 300 334
9 76 127 206 257 304 354 163
1 46 76 81 98 164 234 17
48 76 125 168 186 234 306 64
28 98 168 234 306 326 349 324
0 168 234 331 344 356 380 244
48 98 154 259 324 344 366 223
22 86 154 161 311 332 344 265
76 92 119 127 131 186 247 177
67 102 243 244 331 339 356 369
33 40 150 221 226 242 344 15
52 76 110 226 250 314 349 335
86 110 119 178 196 247 286 334
36 110 128 168 219 231 345 19
11 19 38 48 110 131 379 177
9 102 110 127 261 268 383 302
19 76 111 159 165 299 382 326
28 52 104 123 237 311 349 48
48 52 123 154 202 259 311 215
22 52 59 147 189 197 226 374
76 92 119 131 186 247 295 291
15 35 61 140 189 259 373 110
8 13 35 113 131 241 306 368
28 86 119 189 225 244 247 8
67 113 168 169 260 331 383 102
40 52 76 150 186 226 311 15
35 52 98 172 202 280 349 48
9 110 127 133 244 304 350 379
36 76 110 128 146 231 293 308
11 32 76 110 127 281 304 270
9 110 127 242 247 284 319 52
9 110 119 127 137 247 368 128
13 19 54 110 119 127 293 346
64 119 127 175 186 247 266 76
19 69 107 111 265 337 379 50
32 110 154 164 186 231 259 25
95 119 137 173 247 296 332 127
15 32 61 102 110 250 259 379
13 32 76 110 180 241 306 8
0 8 119 244 247 328 379 134
19 22 28 61 159 299 380 221
10 22 104 144 326 349 350 79
127 128 131 222 266 326 348 265
19 119 127 128 186 244 247 158
13 19 38 119 127 264 266 128
13 119 127 134 174 244 247 380
19 107 154 252 265 324 354 193
36 128 202 217 231 251 252 76
19 127 210 238 240 265 300 336
119 127 200 206 278 293 334 268
127 217 234 274 349 359 362 334
40 53 73 127 150 304 349 251
16 40 50 98 223 227 290 172
0 78 127 140 265 307 383 382
60 127 144 182 291 307 348 273
87 127 140 158 307 311 348 257
43 55 77 127 173 307 349 255
41 120 127 296 303 336 348 366
119 127 177 186 206 247 348 76
45 74 91 123 127 173 205 379
41 120 127 217 296 336 348 286
76 119 127 174 244 247 348 218
67 106 120 169 224 252 383 331
98 120 151 187 197 234 240 68
65 127 188 240 265 269 336 26
44 84 119 158 233 239 247 244
19 127 138 148 238 322 336 210
13 64 119 141 174 244 247 134
45 107 109 111 238 252 334 225
3 36 128 193 202 217 231 221
45 109 127 238 249 252 370 309
38 127 206 252 265 268 334 17
28 33 79 131 349 359 362 16
40 53 150 177 213 286 304 140
9 45 60 110 127 239 244 326
9 110 119 128 186 244 247 127
13 110 119 127 176 198 244 264
119 127 134 174 244 247 380 13
19 107 109 166 193 252 265 45
36 166 202 217 222 231 252 354
19 127 138 210 238 265 309 249
119 127 206 244 278 326 354 304
24 46 65 107 160 193 354 253
127 152 217 290 349 359 362 234
9 52 93 127 189 244 304 73
24 42 81 92 128 265 377 131
119 166 186 206 247 350 378 76
24 50 107 160 252 322 354 243
2 127 189 217 349 354 378 154
38 118 127 190 244 265 326 360
24 81 109 127 138 149 238 19
76 119 127 149 174 244 247 257
46 67 133 160 163 169 173 79
98 151 187 207 234 311 370 185
41 74 79 81 109 241 324 296
9 54 127 244 319 322 378 60
84 119 186 206 219 233 247 128
45 109 127 138 210 238 322 249
64 119 127 174 218 244 247 0
45 49 107 109 263 268 281 274
36 128 193 217 228 239 354 231
45 109 127 245 268 281 370 210
38 119 127 206 244 334 378 304
16 46 107 125 160 324 354 339
16 131 152 217 349 359 362 65
0 118 127 167 176 244 304 265
127 219 221 239 255 259 339 98
9 110 127 146 196 197 221 229
35 111 119 134 247 355 379 19
119 127 137 345 368 379 380 9
9 119 127 174 244 247 296 190
19 159 168 210 252 295 380 377
40 76 150 226 241 242 349 15
52 110 125 131 297 349 380 140
110 217 226 230 297 320 349 200
48 55 77 98 226 312 349 167
9 119 127 177 212 355 368 110
76 92 119 127 186 234 247 189
76 81 164 205 243 259 266 38
48 110 119 127 140 164 206 265
48 76 123 175 250 259 349 293
48 119 189 217 247 296 334 177
2 96 119 127 175 345 380 300
0 119 127 206 244 312 380 175
19 52 159 193 221 295 324 252
48 52 154 259 311 344 349 377
22 52 59 86 189 314 349 173
9 39 76 119 127 315 357 361
92 119 127 186 189 247 301 266
67 79 113 169 266 331 339 251
40 73 76 150 186 211 230 290
52 98 110 127 217 327 349 189
18 35 59 98 167 209 374 0
72 75 112 127 161 201 327 324
60 127 219 238 252 255 265 173
9 21 76 127 171 265 300 131
9 60 127 131 186 206 265 383
9 76 123 127 186 206 286 200
119 127 146 178 189 247 286 328
19 76 96 256 274 345 379 38
0 119 187 200 206 272 336 140
17 39 81 98 164 259 272 339
90 161 164 234 272 326 349 168
119 140 189 247 266 328 346 70
83 115 193 205 223 243 349 312
17 59 134 209 268 339 374 35
11 75 105 119 161 296 327 381
35 62 219 238 255 265 355 293
9 119 127 292 379 380 383 85
81 108 119 127 178 297 330 268
108 119 127 146 170 173 379 269
46 67 98 169 221 272 331 151
40 98 150 221 272 311 314 186
36 52 110 149 175 272 349 7
49 59 68 93 120 209 374 268
105 110 119 127 161 189 304 136
77 98 105 219 246 255 257 189
22 91 98 227 289 326 350 150
9 127 133 140 326 339 379 308
19 168 210 222 252 271 295 87
19 40 62 82 210 286 290 295
52 76 197 202 217 250 349 200
59 71 193 209 225 339 374 324
10 12 105 120 132 298 307 211
43 68 77 98 154 255 259 225
41 60 110 127 131 301 346 146
19 36 41 67 128 131 345 211
19 32 47 110 127 128 222 134
120 127 196 206 245 323 380 214
19 67 103 231 245 294 326 343
40 73 150 186 223 311 368 356
52 110 146 167 226 280 349 314
19 41 76 81 97 211 280 39
9 32 49 110 150 280 293 301
9 51 74 85 110 127 230 11
9 70 85 127 176 301 357 283
7 48 107 110 160 280 354 211
86 98 133 280 312 330 349 161
43 55 98 115 259 280 349 234
49 98 241 291 330 332 350 280
110 149 239 269 280 301 304 267
98 151 173 197 222 311 365 91
36 52 110 173 280 329 349 76
59 68 120 209 308 355 374 197
9 49 105 172 176 288 350 45
9 77 105 131 173 219 255 98
131 173 209 301 330 350 374 78
22 75 86 281 291 330 350 173
9 11 105 295 330 350 371 291
19 56 165 210 277 295 365 173
33 56 79 218 257 324 354 365
177 257 288 306 309 326 381 33
33 59 79 241 242 311 356 332
10 86 105 206 267 330 350 0
10 86 105 131 280 295 301 267
98 123 152 180 226 255 280 356
7 24 81 97 228 280 303 202
9 32 49 110 189 280 382 197
45 51 109 138 148 217 238 95
9 146 190 283 301 346 357 70
3 7 107 160 214 324 331 48
3 91 98 115 187 223 244 228
9 13 127 190 200 238 371 54
9 119 176 198 206 218 219 265
98 173 219 252 255 259 377 314
105 113 131 197 330 349 350 98
9 65 88 127 146 293 308 355
9 111 119 230 247 284 380 178
19 159 168 197 252 295 380 165
48 59 79 173 241 246 380 311
7 10 12 104 226 280 293 250
98 154 197 257 274 349 359 160
64 123 238 290 336 339 344 349
12 52 112 142 197 227 249 9
49 105 120 197 317 346 348 175
9 120 131 161 241 244 327 80
51 77 131 219 255 293 330 78
9 90 127 150 175 280 339 224
77 98 123 255 259 290 293 227
9 52 77 126 127 202 220 176
22 76 80 104 150 330 350 381
7 64 110 127 269 330 375 293
2 9 11 98 127 144 358 330
9 49 83 189 229 312 330 380
19 128 159 161 210 246 251 46
40 144 228 289 344 349 358 164
49 93 144 230 241 332 349 215
7 37 57 90 105 121 131 104
19 71 128 131 169 222 298 23
19 37 70 81 92 175 227 284
26 45 49 101 105 166 293 9
9 90 127 198 224 280 371 194
77 123 132 166 255 259 293 274
9 52 127 176 202 220 285 154
10 98 102 115 223 246 339 264
110 132 182 202 250 349 353 298
98 146 149 222 234 280 349 339
19 72 93 210 265 290 339 295
19 76 82 110 168 280 311 140
9 49 50 105 154 198 280 52
9 90 127 213 224 280 371 219
110 178 206 219 247 329 336 293
72 78 110 128 250 265 336 219
32 76 110 180 250 293 323 373
24 31 110 175 244 355 375 308
37 67 168 176 231 261 364 336
9 24 119 150 176 218 247 219
109 110 113 176 226 238 336 60
13 37 76 110 250 373 375 293
24 110 244 308 311 355 375 167
107 110 221 226 263 271 293 223
36 74 83 110 221 293 364 52
3 7 74 110 265 288 375 20
19 76 110 132 264 271 377 84
35 72 78 115 224 252 271 214
3 76 110 168 280 311 351 145
7 39 110 124 178 280 364 351
110 126 186 250 271 351 379 260
24 173 200 214 296 344 383 339
70 110 169 200 328 336 351 76
25 36 110 120 189 231 303 106
21 106 252 265 300 309 336 339
2 15 32 110 148 206 293 252
32 151 167 260 271 308 351 354
24 191 214 242 252 294 337 74
9 110 119 189 247 265 308 174
9 110 119 198 206 218 330 176
19 32 107 110 169 260 301 7
22 148 221 226 311 326 349 175
52 110 173 226 326 349 355 314
59 102 125 209 303 339 374 226
17 32 105 110 173 291 350 250
90 105 110 124 226 266 336 371
9 11 110 127 189 339 371 286
9 76 83 110 206 219 339 317
61 74 151 215 243 244 330 173
31 109 110 127 129 190 238 99
9 76 83 119 176 206 218 189
19 76 81 164 234 252 259 102
110 164 212 237 291 332 349 250
32 110 132 226 239 250 349 73
19 76 140 159 200 221 295 90
59 62 111 241 246 311 356 125
0 10 32 110 131 172 223 245
7 10 70 110 250 280 315 226
52 110 125 200 297 349 354 48
76 110 200 230 297 304 349 45
48 55 77 110 200 312 349 98
9 29 110 244 250 327 330 304
76 81 110 164 265 293 330 339
9 110 119 137 178 247 339 293
38 200 206 252 265 296 317 9
67 69 231 252 265 293 330 110
9 137 174 190 247 265 293 54
119 176 198 206 218 265 330 293
60 107 169 193 221 293 330 335
55 98 221 243 253 259 349 147
9 32 76 110 131 250 303 189
9 49 105 161 172 176 317 327
72 105 127 161 168 218 327 175
77 113 173 219 252 255 301 330
9 76 85 90 127 224 339 285
77 127 182 274 293 349 359 225
77 123 154 167 176 255 349 326
52 77 127 176 202 220 285 370
22 49 51 76 80 127 332 72
9 22 76 127 218 330 350 86
127 160 222 266 281 295 330 379
9 36 49 98 127 176 330 339
43 131 146 150 234 259 349 126
50 150 154 230 332 333 349 362
45 95 127 131 154 285 349 200
47 94 127 189 257 307 380 176
48 55 77 85 98 136 307 176
19 76 99 209 268 355 374 242
75 105 127 129 304 306 350 189
15 77 98 127 219 255 312 22
19 76 148 173 209 252 268 35
45 80 127 160 176 189 215 131
19 87 99 168 197 210 295 326
19 40 82 223 286 295 349 56
76 78 83 86 102 149 222 369
19 105 125 132 291 307 339 12
19 48 82 150 189 210 225 99
19 33 76 132 144 188 291 8
70 121 132 293 295 312 349 19
43 70 149 189 219 255 312 132
97 132 209 241 295 339 374 173
10 105 132 202 226 295 336 298
77 97 132 154 179 255 259 298
77 98 219 230 246 255 257 331
19 76 99 185 209 265 374 336
9 22 86 218 291 330 350 131
111 127 147 160 222 295 330 301
127 172 182 234 292 330 349 200
76 128 168 169 234 326 349 104
19 41 81 92 128 311 324 82
78 105 110 196 200 274 380 287
36 110 128 166 231 255 293 257
13 19 32 104 166 177 257 2
9 178 247 265 284 286 323 308
9 83 125 131 200 206 264 317
45 68 96 125 231 252 293 345
37 68 190 230 247 265 373 176
74 119 176 198 206 218 330 93
45 96 190 219 231 293 320 176
45 109 174 190 238 247 326 99
93 119 176 198 218 318 326 125
107 166 169 221 252 265 326 301
19 38 160 185 210 277 324 295
62 86 123 237 290 349 356 140
19 123 185 222 326 331 356 67
40 73 150 186 223 314 356 114
52 101 125 147 297 349 354 110
7 110 200 293 297 304 349 213
55 77 98 147 200 344 349 312
59 134 209 256 303 339 374 242
32 75 110 119 147 189 327 89
4 77 98 219 255 331 339 22
19 34 81 92 185 211 311 24
127 177 178 230 247 297 380 238
125 127 180 189 206 264 317 247
127 160 222 295 301 330 379 281
36 49 98 127 193 330 349 339
131 146 150 234 259 349 370 43
9 11 45 200 349 358 366 86
11 127 154 167 211 227 349 285
59 76 140 167 196 209 374 307
105 127 129 189 257 317 350 227
45 47 120 127 269 293 308 176
15 43 48 55 77 98 189 317
22 76 303 332 333 339 350 127
22 76 127 219 308 330 332 108
22 127 209 219 330 374 383 189
61 127 129 160 189 284 317 281
19 33 79 159 168 210 295 268
59 62 111 241 246 311 344 113
7 10 76 90 127 339 381 9
10 115 148 223 246 305 339 222
76 144 232 239 298 349 358 189
110 127 176 260 293 304 349 227
55 77 98 196 259 312 349 104
35 59 209 252 303 339 374 268
9 75 105 129 304 306 350 89
19 46 79 159 266 295 321 210
59 62 113 167 241 311 344 79
10 87 105 132 226 274 306 336
10 115 132 223 274 349 359 339
123 173 177 188 290 344 365 252
12 45 52 91 127 202 220 349
22 49 72 76 80 127 332 230
22 76 86 127 218 330 350 104
127 147 160 266 281 295 379 301
9 36 49 98 127 200 330 382
77 98 123 255 259 290 293 285
11 52 127 154 202 220 349 126
22 59 76 102 209 265 374 296
22 76 86 215 218 330 350 127
127 160 222 295 301 330 379 111
36 49 98 127 193 330 349 339
19 38 147 168 271 277 326 171
19 59 148 241 311 326 380 79
10 19 105 110 132 226 293 371
10 115 132 223 227 344 359 382
19 72 128 147 271 277 344 228
19 38 82 147 171 193 271 211
19 82 122 147 206 268 286 90
19 73 147 206 214 301 309 246
52 110 131 217 223 304 320 382
16 113 133 161 197 237 326 189
59 72 209 242 265 339 374 241
10 86 105 189 206 267 350 272
94 127 286 293 308 379 380 167
98 105 196 219 255 257 301 77
22 98 127 330 332 350 358 72
22 76 86 127 218 330 350 281
7 45 127 147 160 281 295 308
58 98 115 272 307 320 339 281
59 98 209 222 272 339 374 49
0 46 49 98 105 330 350 176
19 147 159 239 240 272 295 311
83 113 173 237 239 311 344 370
10 114 207 237 272 306 356 239
67 113 232 239 272 331 339 98
36 52 175 246 272 297 349 298
49 68 96 120 128 239 345 287
9 49 105 161 172 176 317 189
72 105 127 161 175 218 327 370
77 148 173 185 219 255 330 354
9 76 90 95 127 150 339 85
77 98 123 255 259 290 293 253
11 52 77 126 127 202 220 349
59 76 102 209 268 350 374 22
22 76 86 127 218 330 350 215
127 160 222 249 295 301 330 7
36 49 98 127 193 330 349 339
19 28 38 197 210 277 326 185
35 59 62 79 113 241 383 52
7 10 76 90 127 339 381 12
10 114 115 148 223 305 339 222
123 132 222 259 290 339 349 331
110 127 154 176 200 339 349 52
47 68 127 189 257 308 379 120
48 55 77 98 127 176 339 349
35 185 209 242 268 355 374 102
75 105 129 189 304 306 350 214
15 22 43 77 98 219 255 177
78 134 148 185 189 296 339 65
110 118 127 130 140 160 252 32
19 51 197 210 271 290 295 114
19 40 82 210 286 290 295 62
52 76 197 202 217 250 349 200
59 71 225 230 339 344 374 209
10 105 120 132 226 298 307 108
43 55 68 77 115 259 349 230
59 102 134 209 242 308 374 268
76 133 182 291 296 349 350 75
7 74 76 105 132 308 361 48
22 76 86 215 218 330 350 127
127 160 222 295 308 330 379 281
36 49 98 127 330 339 349 193
43 131 146 150 234 259 349 326
9 11 45 197 200 349 358 366
9 127 154 167 211 227 349 317
59 76 167 196 209 307 374 257
105 127 129 189 257 267 350 317
45 47 120 127 269 293 308 176
15 48 55 77 98 127 189 43
22 76 267 303 332 333 350 127
22 108 127 219 308 330 332 98
22 127 209 219 330 374 383 350
127 129 160 189 281 284 317 61
19 46 99 159 210 246 295 33
46 62 113 241 311 377 380 6
7 10 76 90 127 339 381 12
10 115 132 148 223 305 339 114
28 76 144 232 298 349 358 239
32 110 127 227 293 304 349 260
55 77 104 196 259 312 349 304
59 209 252 268 303 339 374 35
9 75 105 129 304 306 350 89
19 46 159 210 266 295 321 33
59 62 79 113 167 241 311 344
7 10 19 46 132 145 364 264
10 46 115 132 223 339 359 12
102 123 132 255 290 339 344 306
52 172 217 246 249 281 339 0
35 59 209 265 278 334 374 104
0 49 105 120 237 315 381 317
9 49 105 127 291 330 332 176
36 110 198 231 256 276 328 339
13 32 67 180 198 276 285 0
110 214 247 265 286 315 319 176
107 193 252 268 297 326 337 90
2 96 119 221 231 283 354 330
11 19 78 210 336 339 382 127
32 74 86 119 176 198 206 265
79 125 168 260 271 277 354 84
62 173 191 214 244 275 337 177
11 70 110 123 169 308 328 145
36 93 110 154 189 198 231 217
19 21 76 252 300 309 336 265
2 32 110 154 206 297 312 93
48 125 260 271 297 324 354 167
49 214 246 252 275 294 337 191
48 74 76 110 154 173 340 259
74 76 119 189 247 262 284 301
15 32 50 61 110 140 238 173
13 32 180 241 250 306 372 301
0 1 7 13 119 198 284 265
177 219 247 265 286 319 323 214
107 119 231 252 265 300 337 339
96 119 180 198 231 283 345 323
11 45 109 127 268 281 382 245
0 86 119 129 188 206 265 37
17 67 119 136 188 231 331 354
37 96 119 150 219 313 332 211
0 119 189 206 272 313 315 37
1 35 119 231 272 297 306 22
37 45 96 100 119 190 211 265
119 139 189 190 206 246 326 255
19 50 125 271 272 277 284 326
7 19 42 97 99 107 160 126
52 55 98 150 243 348 349 43
59 78 179 264 268 270 278 91
32 76 110 119 215 304 368 250
19 38 81 97 128 284 296 59
76 110 119 166 174 186 247 189
19 38 61 187 233 243 277 369
52 133 227 237 290 344 349 154
59 209 241 272 339 344 374 10
10 32 47 110 189 272 293 262
15 48 98 119 189 272 331 55
41 119 127 130 180 189 306 212
19 24 81 128 265 344 379 48
119 166 177 186 247 306 326 303
107 111 160 252 265 272 331 368
91 98 115 223 272 303 354 46
47 81 127 189 265 272 323 97
11 127 166 189 206 272 304 334
46 67 160 211 251 272 331 244
98 111 150 173 186 272 356 73
7 48 98 125 297 349 359 154
32 110 126 250 272 304 349 292
22 59 209 312 324 350 374 98
41 76 119 127 189 273 304 48
37 81 128 297 313 324 354 127
76 119 174 186 242 247 379 64
48 50 107 160 166 243 324 274
55 76 98 123 243 259 349 173
17 93 109 127 209 217 374 268
7 11 32 75 110 263 375 304
9 38 81 128 222 328 377 24
9 70 76 167 206 247 281 301
40 97 150 173 223 349 356 368
50 98 123 150 237 349 358 149
52 74 110 250 266 297 349 358
76 110 250 293 297 304 349 303
7 15 48 52 55 98 349 293
22 59 175 303 330 332 350 52
47 110 119 127 293 301 308 315
19 48 59 81 127 128 230 301
74 119 127 166 189 230 247 289
107 126 160 166 242 243 252 193
15 48 55 98 243 259 356 339
19 102 173 209 268 339 374 252
7 13 32 75 110 127 140 160
7 19 81 97 129 158 167 38
13 119 167 214 247 286 301 270
19 38 160 187 233 243 277 34
52 133 227 237 290 344 349 62
19 81 128 213 272 324 328 92
74 119 189 247 270 285 346 380
42 61 107 160 243 252 272 324
113 115 189 223 227 243 272 370
22 47 48 81 127 189 272 265
11 127 166 189 206 272 304 334
67 160 169 211 244 272 331 65
68 76 111 147 150 173 272 40
98 217 272 292 304 312 349 11
19 41 76 81 92 128 324 104
110 119 127 177 247 327 381 76
18 48 88 107 160 214 324 166
11 98 150 243 259 312 349 43
2 11 19 21 230 300 354 99
119 188 206 230 312 334 354 362
19 46 65 67 106 246 331 33
9 106 119 174 178 184 247 312
9 72 119 127 206 252 337 37
36 106 110 128 219 231 293 299
19 76 138 210 238 293 339 336
175 206 222 293 304 334 337 185
19 46 146 210 246 271 295 233
52 110 200 230 257 266 297 304
37 48 55 77 137 167 349 312
22 52 59 86 330 332 350 374
47 110 119 127 293 308 379 301
48 119 127 137 230 247 356 9
15 61 205 214 243 259 293 173
74 127 189 214 247 286 301 64
19 76 128 168 271 277 339 210
19 61 76 82 96 128 222 260
110 119 127 137 189 247 380 10
36 110 128 231 252 293 326 242
32 47 81 110 127 265 293 13
0 11 76 127 166 206 334 188
76 128 160 189 239 272 326 296
87 90 119 137 190 247 296 297
32 36 110 128 193 217 364 297
22 47 76 81 127 265 301 380
74 76 92 127 166 206 252 301
22 107 160 173 265 293 312 260
98 115 173 189 223 239 293 379
32 92 110 127 229 304 359 269
0 67 68 163 239 331 339 246
28 68 118 173 234 257 349 113
11 124 127 174 178 247 297 0
72 127 189 206 252 337 339 334
77 98 219 246 255 339 383 168
22 72 116 168 266 330 332 134
11 47 76 81 127 166 291 324
9 11 47 76 127 166 206 286
13 76 107 127 160 166 286 173
98 151 173 243 251 252 334 172
11 96 131 173 215 284 349 230
11 52 96 154 200 250 349 101
17 35 59 109 209 268 374 167
9 11 127 144 291 330 356 350
7 9 11 83 127 327 381 113
11 76 127 173 219 230 255 18
59 127 131 166 209 219 374 167
11 75 76 83 127 131 327 84
11 70 120 219 225 255 315 127
11 38 47 81 127 160 166 76
9 11 76 127 166 206 281 47
13 76 107 127 160 166 286 11
19 87 166 168 210 271 295 51
48 52 62 154 246 311 344 268
59 140 209 265 339 344 374 62
7 75 104 105 250 336 350 383
7 19 47 81 207 252 265 222
11 21 76 127 166 206 305 207
19 85 128 160 210 271 277 267
19 76 82 96 128 207 210 154
33 59 76 93 113 207 241 311
10 11 76 110 119 127 250 373
10 77 98 219 255 257 339 189
11 47 81 127 265 324 380 76
9 11 74 76 127 166 206 301
67 76 107 127 160 166 286 198
19 99 148 210 238 281 339 336
11 119 206 304 326 334 359 267
19 38 160 210 277 294 295 197
52 62 123 173 237 290 349 257
40 73 150 186 230 290 356 314
52 101 110 125 250 297 349 266
110 230 250 297 304 320 349 293
15 48 52 55 77 98 349 293
22 52 59 303 330 332 350 98
47 110 119 127 293 308 379 301
19 59 81 127 128 230 296 301
92 119 127 166 186 230 247 301
61 107 126 160 243 259 368 50
15 48 55 98 243 259 339 356
35 102 209 252 268 339 374 242
7 75 110 127 160 215 379 189
7 19 38 81 97 129 158 167
119 167 242 247 276 286 301 9
19 38 160 163 233 243 277 61
52 133 227 237 344 349 380 48
19 81 97 128 272 324 328 79
10 92 110 119 186 247 346 76
50 61 107 160 243 272 324 354
113 115 189 223 243 272 366 379
22 47 48 81 127 189 272 97
11 127 166 189 206 272 304 0
19 46 67 160 244 272 331 65
76 111 120 150 173 186 272 311
98 217 272 292 304 312 349 11
19 41 81 128 223 324 348 76
9 119 127 150 177 230 247 37
48 61 107 160 243 252 368 227
110 129 247 265 315 319 323 214
32 42 76 125 267 271 277 331
49 148 173 214 241 242 337 24
9 37 61 93 110 265 306 336
18 36 74 110 231 260 308 256
11 32 37 110 180 241 379 189
32 47 76 110 112 186 252 22
47 76 78 127 166 174 305 347
13 47 127 166 174 301 329 224
32 48 70 271 275 277 308 382
33 49 191 246 275 326 337 15
37 110 189 247 286 315 319 180
36 110 125 149 189 222 231 106
0 1 22 32 86 110 326 131
2 37 119 177 206 222 268 176
32 76 110 133 237 359 379 326
37 119 127 178 189 247 263 93
15 32 36 189 231 272 368 111
74 116 180 190 267 306 361 315
13 32 115 169 173 231 272 298
21 222 265 300 326 336 368 252
8 37 119 206 222 326 354 368
32 110 154 185 231 259 298 198
2 76 119 127 131 214 247 339
15 32 36 61 110 113 231 72
18 74 176 180 189 247 286 150
32 84 125 214 271 277 313 340
33 87 191 214 275 337 383 165
3 10 105 110 274 311 343 189
36 39 125 231 255 297 356 198
19 21 32 252 259 300 309 297
32 39 125 206 260 274 359 281
9 76 127 160 227 285 380 94
37 76 110 178 180 189 247 13
25 32 110 128 264 270 336 97
32 110 125 140 168 180 364 54
49 67 76 110 231 274 330 77
9 37 119 184 225 247 285 220
110 113 128 238 260 265 293 60
3 32 37 110 180 293 375 373
35 107 110 167 221 274 336 32
36 46 91 110 140 221 281 52
3 7 32 110 140 308 375 20
19 76 84 110 128 210 271 379
19 52 59 142 241 311 349 17
7 10 19 104 110 184 371 75
10 19 75 128 210 222 233 252
10 19 82 122 210 260 271 0
19 32 48 110 154 259 340 357
37 74 76 110 119 186 247 189
15 32 76 110 140 189 250 373
13 32 180 198 241 306 372 113
19 37 62 109 164 260 281 202
119 123 206 222 297 336 358 37
17 110 119 231 245 264 297 331
9 37 119 134 180 247 267 2
96 119 122 180 231 301 345 198
6 268 278 281 300 334 370 260
37 119 176 198 206 266 293 45
19 75 125 180 271 272 277 88
19 74 180 214 252 311 383 35
74 76 110 149 177 237 340 260
37 76 92 110 119 189 247 180
2 110 119 150 252 272 345 231
9 122 127 285 301 346 379 359
9 122 127 285 292 339 346 301
36 77 98 200 284 293 349 127
111 118 127 131 161 327 333 146
19 99 131 148 238 255 336 219
9 127 170 175 176 346 347 47
9 13 38 127 170 346 383 370
67 76 93 98 120 169 331 311
98 120 151 185 207 234 330 118
49 74 81 110 149 164 252 72
48 49 110 127 200 247 327 212
95 127 174 190 265 347 379 252
9 11 122 127 200 346 347 190
9 13 70 95 122 127 346 119
11 38 49 283 327 337 345 200
119 127 200 247 266 283 327 205
9 119 127 174 265 347 379 167
90 107 123 193 221 270 339 60
11 38 128 221 312 327 345 36
9 80 119 198 247 293 312 76
36 76 128 231 243 340 345 95
7 19 76 210 309 336 339 55
49 189 206 272 293 341 355 244
19 39 87 125 210 284 295 2
40 62 73 142 241 290 344 52
46 50 274 290 320 349 359 72
0 111 123 242 290 334 344 320
110 217 230 257 297 304 349 200
48 51 55 77 167 317 349 64
22 49 52 86 112 176 332 177
9 85 127 176 177 212 381 368
95 110 127 177 189 339 346 293
10 75 105 127 161 241 327 242
10 161 176 219 255 265 339 113
9 122 127 176 312 359 380 11
9 122 127 176 268 292 339 253
11 36 77 127 146 200 349 293
18 49 59 146 209 339 374 76
49 72 75 105 122 161 327 127
149 219 238 246 252 255 265 293
47 72 119 127 175 176 193 9
9 38 127 292 346 370 383 170
17 65 81 151 164 234 339 242
26 37 119 127 234 330 347 164
19 36 104 128 225 239 345 212
19 76 97 138 210 295 336 252
37 49 90 168 206 337 347 334
19 187 210 221 277 294 295 306
83 191 218 240 257 334 359 339
109 169 177 257 309 339 381 242
0 59 208 241 332 338 362 111
10 105 119 127 131 132 337 334
10 11 70 105 219 255 278 372
76 78 127 209 265 339 374 293
75 85 127 179 327 372 381 299
49 68 91 219 255 293 327 123
9 11 122 127 281 346 359 200
122 127 176 285 292 339 346 9
81 115 147 151 164 242 339 376
11 76 147 304 320 327 339 174
0 107 120 169 221 225 339 136
11 70 115 131 221 223 225 152
11 38 108 119 292 315 349 337
11 77 108 118 149 150 301 179
36 41 110 219 231 288 293 52
19 138 210 238 293 309 336 55
42 119 184 206 222 283 293 37
19 83 142 210 230 271 295 293
52 59 62 241 295 324 344 311
7 10 12 32 104 110 280 334
10 19 85 128 210 233 303 307
19 76 82 96 128 154 265 311
52 104 110 131 146 264 267 280
9 37 78 119 127 174 247 74
36 128 146 211 239 259 326 339
19 32 47 107 110 128 266 293
19 83 87 210 233 295 299 239
0 82 96 193 257 260 290 22
48 52 154 202 217 259 274 0
22 52 59 86 189 349 374 197
47 110 119 127 293 301 308 111
54 74 119 127 230 247 289 301
15 61 76 189 214 252 259 180
64 110 127 189 247 286 319 74
19 76 128 142 277 324 326 293
19 82 171 260 311 324 372 35
120 122 177 237 246 340 383 151
119 127 150 189 247 317 356 54
15 36 60 113 189 272 368 259
47 81 92 110 127 129 134 323
127 166 174 186 214 305 329 301
50 127 152 166 174 305 329 158
152 166 174 224 305 347 370 127
128 160 181 232 272 274 303 129
32 110 131 272 304 349 364 127
21 103 127 171 265 300 308 2
19 110 140 182 196 214 349 189
34 37 110 189 247 286 315 177
36 76 125 189 219 231 252 128
13 47 81 110 129 189 323 1
48 127 166 276 305 323 329 154
13 127 166 174 224 301 305 189
67 160 214 231 246 272 331 211
9 37 119 174 189 247 346 225
36 219 231 240 259 260 293 52
19 76 210 219 265 293 309 336
37 42 119 206 222 283 293 129
19 83 118 168 210 271 295 142
19 87 105 110 132 274 349 210
19 128 210 222 274 290 364 0
52 110 161 217 249 327 364 146
47 70 81 92 127 323 379 80
9 85 127 144 166 268 324 262
76 87 105 125 127 166 212 15
13 76 127 166 285 346 380 194
22 48 159 160 299 326 339 268
48 59 79 134 241 256 311 372
7 10 20 52 184 290 364 104
52 126 132 136 264 349 364 220
86 144 215 303 314 332 350 118
11 20 90 105 110 291 327 161
9 11 186 249 260 295 326 298
11 77 118 215 219 255 295 22
9 11 119 215 247 293 346 285
60 67 151 169 268 308 331 76
16 123 173 234 237 349 358 197
11 52 76 112 184 223 303 97
11 98 104 161 196 332 350 308
10 110 170 226 239 339 375 222
9 119 154 160 182 267 274 312
19 52 210 246 252 290 295 226
19 82 87 105 161 274 349 132
19 46 85 128 132 210 364 82
20 52 200 202 226 349 364 110
68 78 79 196 202 230 308 226
2 11 31 111 127 177 212 144
9 64 127 212 238 293 373 131
2 9 61 144 227 291 358 180
9 11 49 83 105 131 286 242
9 74 110 127 250 301 375 76
98 274 290 315 330 349 359 314
43 77 131 150 259 349 361 179
9 127 227 250 315 349 373 262
9 20 76 127 227 285 346 179
15 48 55 77 98 197 349 9
9 127 306 327 330 348 355 308
12 182 202 256 326 339 349 291
77 98 146 149 150 222 349 326
9 18 119 127 131 247 287 95
19 120 128 159 161 295 382 131
40 142 161 286 290 349 364 197
42 52 118 217 293 330 349 197
19 79 142 210 295 364 372 76
19 46 52 59 79 241 344 113
7 10 19 75 104 189 371 12
10 19 85 128 210 222 233 75
19 82 96 128 142 154 286 244
19 32 110 146 178 247 334 250
19 32 36 110 128 231 239 293
0 11 13 19 32 177 326 9
40 62 73 142 150 230 349 314
32 33 52 110 250 317 349 172
59 93 104 196 209 339 374 79
10 32 105 110 212 250 266 48
55 77 98 173 227 339 349 253
32 41 110 119 131 303 306 304
19 76 210 266 295 336 379 99
9 21 119 127 206 266 318 166
83 98 119 123 145 251 259 285
19 45 127 210 238 252 336 309
9 14 119 137 174 218 318 127
17 81 98 164 227 234 246 268
11 119 144 234 250 337 349 130
77 149 189 219 234 349 370 307
11 21 76 127 134 257 326 300
9 21 119 257 318 330 346 176
67 245 257 264 268 331 339 289
2 118 151 164 173 234 349 237
41 45 47 127 175 266 304 317
15 48 98 219 331 339 349 297
32 41 110 119 189 250 273 263
19 21 83 210 222 284 336 59
9 21 119 130 189 206 265 348
22 98 151 219 266 329 330 0
19 127 210 238 252 278 336 76
14 119 137 142 218 318 347 174
19 76 159 168 210 221 295 125
40 62 73 111 150 221 290 349
32 52 110 202 250 335 349 304
22 76 98 104 326 350 352 150
7 32 110 127 212 267 326 273
55 98 123 173 175 259 326 222
3 46 52 217 293 330 349 42
19 76 122 128 142 217 344 52
19 86 137 178 247 287 334 278
32 47 96 110 119 128 345 76
0 45 96 119 153 218 266 334
32 47 107 110 119 128 146 19
98 230 243 276 326 349 359 269
59 153 209 241 252 304 374 35
49 105 147 153 267 304 350 101
15 21 86 171 266 300 330 356
9 47 86 119 153 218 330 21
45 47 127 293 308 370 379 167
77 98 134 219 255 285 293 356
19 76 102 210 238 252 336 35
7 32 75 110 127 160 189 334
19 159 183 210 234 295 326 240
93 123 237 262 290 344 349 197
19 32 47 110 128 186 299 146
32 47 87 119 218 326 330 250
19 32 107 221 287 337 347 106
33 52 55 130 223 297 349 15
59 140 189 209 222 252 374 49
41 86 101 105 206 267 350 304
86 104 105 218 266 330 350 101
47 105 127 250 308 315 379 293
77 95 98 207 219 255 289 189
22 76 98 150 326 332 350 28
7 32 110 127 170 212 326 339
19 159 210 234 240 295 326 76
46 118 145 234 333 344 349 355
49 232 257 311 344 349 358 144
40 150 167 186 223 286 349 46
43 98 154 234 255 259 349 230
17 127 153 175 208 296 354 11
19 81 98 115 164 234 284 339
174 178 247 305 329 339 362 153
108 134 168 174 265 296 367 270
1 67 114 169 207 221 243 170
0 98 123 151 221 237 349 333
114 144 222 241 327 332 350 230
0 47 127 263 278 333 367 200
19 52 159 210 224 295 339 72
35 59 79 134 241 344 356 383
7 10 19 104 177 267 371 274
20 52 110 246 317 330 349 96
59 93 120 196 209 257 374 307
32 105 110 212 250 266 339 304
55 77 98 173 227 339 349 53
32 41 76 119 131 303 306 304
19 76 210 266 326 336 379 146
9 21 114 119 127 266 318 130
83 98 123 251 259 285 349 250
19 111 127 210 238 252 336 219
9 14 119 137 174 218 318 127
17 81 98 164 234 246 336 65
11 119 144 234 250 330 349 336
77 149 189 219 234 349 370 306
11 21 76 127 134 257 326 171
11 17 21 119 257 318 346 347
11 127 128 159 166 210 264 349
40 106 144 164 298 349 358 38
32 41 110 178 247 286 304 47
19 32 76 110 125 128 345 346
9 21 76 119 177 203 266 47
9 21 114 119 127 130 266 44
83 98 123 251 259 285 349 250
19 45 111 210 238 252 336 97
9 14 119 137 174 218 318 252
17 81 98 164 227 234 246 256
19 48 92 178 186 234 349 41
98 150 168 234 306 336 349 344
0 168 234 331 344 356 380 151
32 41 110 175 222 250 304 47
15 48 98 219 252 331 349 297
41 119 127 252 292 301 336 306
19 76 83 127 134 210 284 206
9 21 119 127 130 206 265 284
22 74 98 139 151 219 330 175
19 45 109 210 278 336 370 281
9 119 127 137 218 318 347 174
46 60 67 98 169 245 331 115
0 133 153 164 187 234 349 98
32 35 250 296 304 310 366 19
32 61 96 110 167 330 346 184
115 196 223 242 246 320 339 0
20 130 150 200 330 337 349 144
77 149 200 219 255 349 370 98
76 113 134 209 257 296 374 166
32 75 105 129 304 312 331 76
32 70 110 119 225 264 266 120
19 46 159 210 221 246 295 125
28 40 144 200 344 349 358 46
32 95 110 178 247 286 304 215
19 32 110 119 125 128 346 76
9 21 119 177 203 252 266 74
32 76 87 110 119 123 128 264
0 22 98 129 151 266 330 219
19 76 111 127 210 252 336 74
9 119 127 137 174 218 318 153
19 81 164 175 234 259 349 17
48 164 175 206 219 234 257 334
48 96 118 119 189 215 273 250
119 144 182 243 250 273 349 130
19 128 159 168 182 251 349 237
40 76 166 210 286 290 349 19
3 52 118 217 293 330 349 42
0 19 76 128 169 217 344 52
110 127 178 189 247 286 319 287
19 47 76 125 128 326 345 119
21 76 119 177 252 266 334 9
19 32 76 110 119 128 211 250
14 119 137 318 326 337 364 47
19 76 106 107 181 219 337 123
11 52 98 154 250 273 349 12
9 118 127 293 307 346 377 45
15 77 98 127 219 289 331 48
41 53 119 189 252 301 306 250
19 76 83 210 222 284 336 252
9 21 119 127 130 206 348 252
22 98 151 166 205 329 330 379
19 109 127 238 252 278 370 45
14 119 127 137 174 218 318 142
144 150 234 250 273 306 349 243
77 98 189 219 234 349 370 255
11 21 127 134 173 300 307 104
21 119 206 252 257 278 346 189
19 39 61 67 76 169 245 339
11 49 144 234 336 349 352 326
14 127 137 153 276 305 329 379
17 19 67 160 231 244 273 61
47 81 146 257 273 326 333 22
21 127 137 153 305 317 354 224
14 68 90 137 175 206 305 202
19 99 160 170 238 322 326 138
47 81 146 170 189 257 273 256
21 137 153 208 281 305 380 317
14 90 137 153 276 305 329 380
19 159 160 170 240 326 380 183
59 122 165 241 295 344 380 268
7 10 12 104 177 211 371 223
20 32 52 110 257 330 349 317
59 93 196 209 257 307 374 104
32 105 110 212 250 266 304 339
104 110 189 230 247 286 287 178
32 96 110 119 125 128 345 47
86 96 119 149 218 266 307 330
19 32 47 96 110 119 128 146
14 25 119 122 189 218 360 70
19 60 76 80 107 126 287 86
76 98 123 221 234 326 349 252
58 98 115 223 320 326 349 40
59 134 189 209 285 349 374 61
21 97 105 131 171 252 350 111
105 119 153 218 278 330 334 22
22 105 218 252 304 347 350 287
22 105 151 219 252 291 330 203
19 76 97 138 210 252 336 270
14 105 119 211 218 330 347 288
0 22 98 105 170 218 350 379
45 105 127 131 266 308 379 47
48 55 164 234 259 265 349 79
19 21 127 171 206 219 297 300
48 119 140 185 206 252 303 152
95 119 123 175 205 270 307 349
9 119 134 178 247 293 303 11
96 119 133 146 290 345 380 297
88 119 121 145 206 290 312 334
0 67 79 151 244 331 339 245
123 161 173 234 293 326 349 37
9 76 119 134 247 293 328 70
83 113 115 205 223 243 349 76
59 113 209 242 339 368 374 134
11 75 105 119 127 296 327 38
62 173 219 238 255 293 301 265
9 119 127 278 322 334 379 229
67 98 169 221 311 326 331 202
40 150 186 217 221 311 314 52
9 52 98 110 146 314 349 298
59 76 168 209 264 374 383 256
9 49 105 176 221 315 368 177
9 49 85 105 119 120 127 11
9 15 55 77 98 214 259 122
22 98 140 306 326 330 350 368
9 119 127 306 308 326 379 368
15 22 48 77 98 127 349 326
8 22 83 86 98 303 332 289
9 119 127 177 302 333 339 379
98 140 151 172 230 333 383 224
0 9 11 52 76 227 349 89
9 150 176 242 245 288 307 356
55 98 123 149 177 222 293 349
19 99 102 110 209 293 374 252
98 154 200 272 297 326 349 176
43 98 116 202 234 326 349 222
98 133 161 175 237 334 349 304
19 172 200 230 234 237 336 264
34 59 72 209 350 356 374 242
9 10 86 105 257 267 350 173
9 17 105 119 127 291 379 200
9 32 110 127 230 242 266 292
33 58 98 113 115 117 223 272
2 9 98 119 176 200 212 177
9 110 176 189 240 267 380 250
19 159 168 210 268 295 380 326
3 15 48 200 240 241 356 259
22 59 86 241 306 330 350 177
7 173 175 200 266 295 306 326
42 67 98 306 331 382 383 169
40 42 73 98 150 186 372 311
9 32 110 200 250 292 349 51
59 76 196 256 260 293 374 225
9 51 105 111 225 267 350 8
9 20 105 110 120 269 285 381
9 55 77 98 259 348 349 173
9 22 59 98 330 332 350 303
9 17 127 147 291 295 302 45
13 110 127 230 266 293 339 32
76 81 98 134 164 234 240 151
98 123 161 164 234 326 349 350
98 115 117 164 223 234 349 368
6 59 134 164 209 349 374 185
9 49 105 110 161 304 380 10
9 11 103 105 127 234 349 176
77 123 149 154 349 354 366 103
10 76 105 110 200 266 351 7
10 19 41 81 82 128 339 345
48 110 154 166 189 293 340 255
32 76 110 119 186 247 250 189
15 32 36 76 110 166 250 9
13 32 110 166 241 250 306 301
13 110 119 198 256 296 326 283
3 9 110 206 247 269 319 219
22 32 72 107 110 166 271 60
19 128 160 217 221 239 301 93
9 20 31 48 104 110 239 296
3 9 25 110 206 247 293 224
38 78 107 146 334 358 364 339
98 113 115 223 320 349 364 33
21 97 171 189 222 300 339 98
9 110 119 206 222 267 304 360
67 98 245 251 331 339 377 88
28 118 173 234 257 349 364 167
74 76 92 110 119 186 247 234
98 127 131 223 243 297 349 11
55 77 98 147 222 227 349 173
19 21 210 219 269 300 303 238
119 185 206 252 266 303 380 189
34 43 45 98 123 197 215 293
19 20 76 138 210 238 336 45
0 119 127 190 206 303 334 322
19 197 210 277 284 295 364 222
15 19 38 40 82 171 364 311
19 56 82 96 128 257 364 122
48 73 122 154 212 227 264 91
64 74 95 119 131 189 247 293
36 41 110 128 140 231 293 48
9 11 20 75 127 131 269 242
19 197 210 271 295 326 383 372
19 40 62 73 286 290 295 293
52 76 197 200 217 250 349 293
59 71 209 225 339 354 374 230
10 20 105 120 132 269 307 200
43 68 77 98 154 255 259 45
59 140 209 211 339 365 374 177
7 75 80 105 250 269 350 15
19 81 97 128 207 222 308 82
9 110 127 230 244 323 346 20
36 79 110 128 166 231 293 265
19 32 45 47 110 128 250 13
9 45 196 206 214 244 323 1
32 107 146 177 250 299 323 198
19 125 160 200 210 271 295 90
19 62 82 197 200 267 326 349
19 20 90 121 127 225 306 132
19 72 85 114 128 210 277 271
19 81 82 128 200 210 271 20
9 54 110 127 244 269 371 80
36 110 128 166 222 252 293 76
19 32 43 47 110 128 198 166
9 45 176 189 206 214 244 35
32 107 146 166 177 198 250 293
19 84 160 161 252 271 277 193
19 81 82 92 175 241 382 34
9 110 185 229 274 334 380 355
36 128 185 222 252 255 297 311
19 21 210 238 300 309 334 339
0 9 176 206 244 252 304 334
19 84 160 233 271 277 354 165
9 110 131 229 250 320 349 302
9 70 76 127 225 229 379 11
83 98 140 151 225 230 270 197
119 127 170 176 229 304 379 257
19 98 140 159 170 221 240 326
52 86 170 221 349 350 358 306
19 67 76 99 146 238 331 335
40 73 150 186 223 314 372 341
9 11 52 154 196 217 354 110
18 59 98 104 209 264 374 293
9 11 49 105 110 161 177 176
9 11 49 85 120 127 196 119
9 18 51 77 98 219 255 122
22 51 59 86 177 332 350 330
9 119 127 229 269 308 357 317
9 15 55 77 98 175 259 35
19 35 102 140 209 252 268 76
9 127 130 131 176 229 302 95
9 127 182 229 291 302 350 76
1 9 127 189 225 227 334 51
81 98 151 164 242 259 276 115
98 123 161 164 234 326 349 350
74 77 98 193 251 297 349 322
77 83 123 126 149 334 349 166
50 134 209 214 273 285 374 185
9 45 49 105 161 176 302 350
9 49 105 120 127 176 327 119
18 51 77 122 219 222 255 126
22 59 86 197 330 332 350 51
9 127 176 229 302 308 379 339
9 15 70 77 225 230 259 55
19 76 209 210 265 336 339 286
98 151 175 221 243 330 339 60
9 119 127 170 221 229 269 304
81 140 164 174 185 238 259 240
9 119 127 174 247 281 339 289
90 107 169 221 243 259 334 205
60 77 176 219 221 255 259 98
35 76 102 173 209 355 374 252
9 75 127 175 214 242 261 339
19 79 99 159 210 295 380 52
40 62 150 186 223 242 356 73
50 123 149 150 237 349 358 98
9 11 52 76 110 229 230 175
22 59 76 104 330 332 350 300
9 127 176 229 308 339 357 206
15 43 55 77 98 230 259 9
9 74 173 291 306 307 312 304
13 83 189 230 274 306 330 175
19 79 99 159 210 246 295 240
15 62 154 173 200 311 349 46
22 28 123 237 326 349 350 306
67 146 242 308 326 331 355 246
40 73 76 150 186 314 356 72
52 110 125 200 266 297 349 76
7 76 110 200 297 304 349 217
7 15 52 55 200 293 349 48
22 59 86 175 303 332 350 70
9 119 127 176 229 315 357 48
33 60 67 98 169 244 331 339
12 52 98 146 173 223 349 300
59 76 142 209 308 374 383 264
9 49 105 110 134 176 368 161
9 49 105 119 120 127 288 85
81 98 147 164 197 222 234 152
59 98 104 164 209 241 349 334
9 10 86 105 218 330 350 88
9 11 49 88 105 197 350 65
9 11 15 88 98 154 349 131
9 32 52 110 189 257 301 11
98 107 115 151 169 221 331 246
98 115 221 223 272 307 320 257
2 9 36 49 98 221 349 11
9 11 36 77 98 312 349 88
76 108 151 232 240 262 303 326
9 36 49 232 303 376 381 34
36 123 149 238 240 267 365 142
9 11 88 119 127 247 328 208
19 46 99 159 210 295 321 168
62 133 173 185 237 314 344 61
10 46 118 196 272 306 349 158
19 99 272 331 334 335 336 1
40 73 150 186 272 314 334 72
36 52 110 149 272 349 380 211
11 41 110 127 161 328 334 68
11 18 96 98 234 312 349 68
22 98 140 326 332 333 350 279
9 11 105 127 173 326 327 251
72 102 128 165 169 234 284 311
4 46 68 148 237 272 349 234
19 46 83 99 149 331 335 200
40 73 91 150 314 334 356 185
16 36 52 98 149 280 349 175
11 41 68 101 127 328 334 148
19 168 210 222 271 284 295 197
62 82 182 189 196 344 349 19
88 99 185 209 324 334 374 189
9 88 105 173 267 312 350 104
9 86 88 105 218 330 350 266
9 20 88 105 110 179 379 250
81 98 151 164 170 234 240 242
59 104 164 209 240 241 334 293
10 86 88 105 218 330 350 326
9 11 49 65 88 105 350 131
9 11 65 88 101 127 301 74
67 98 151 169 170 221 251 334
98 113 151 170 221 307 308 215
52 110 170 211 217 260 349 154
113 116 133 161 237 326 334 227
9 72 98 104 326 334 350 197
7 9 11 88 96 105 327 355
18 88 98 115 185 223 334 112
2 9 36 49 88 98 349 77
36 77 88 98 272 312 349 334
49 59 88 185 209 374 383 17
9 11 75 88 119 127 328 172
19 52 62 197 210 295 380 46
0 62 133 173 237 314 344 311
0 40 73 150 186 272 356 72
50 60 98 149 150 223 272 222
46 67 79 207 272 306 331 290
40 150 186 190 272 290 334 356
36 52 110 149 272 349 370 175
59 68 88 120 209 303 374 185
11 68 88 105 291 301 350 9
9 88 127 146 308 328 356 268
76 81 98 164 185 234 334 339
164 197 234 311 333 349 359 251
59 72 76 209 288 339 374 356
9 10 11 96 105 110 270 38
9 10 11 98 219 255 257 77
59 185 189 209 242 253 374 219
9 11 105 267 281 312 350 88
9 86 105 218 266 330 350 308
9 20 38 105 179 250 281 308
81 98 152 164 222 234 336 76
59 104 164 241 293 311 349 209
10 86 88 105 218 330 350 9
9 11 49 88 105 197 350 131
9 11 15 88 154 349 355 131
9 11 52 110 189 257 301 250
98 107 115 169 221 246 331 151
98 115 221 223 257 272 320 303
2 9 36 49 98 221 349 77
0 36 77 98 221 312 349 267
9 11 119 127 208 247 328 172
19 159 197 210 295 326 380 168
46 79 133 173 185 237 344 0
10 46 118 196 272 306 349 114
1 19 67 99 272 331 336 238
40 73 150 185 272 334 356 314
36 52 110 175 272 349 380 293
11 41 127 161 278 328 334 315
19 46 159 210 240 321 380 339
46 79 173 237 272 349 383 18
67 104 123 149 185 331 334 102
40 73 150 185 314 334 356 91
16 36 52 98 149 280 349 175
11 41 68 127 148 328 334 242
11 18 68 96 98 234 349 312
9 88 103 127 224 250 268 175
98 169 170 251 314 331 339 141
20 98 113 151 170 289 314 308
0 36 52 110 250 280 349 88
59 68 120 209 240 303 374 22
9 88 105 176 250 291 350 68
9 88 127 281 308 328 356 41
18 68 98 133 203 237 312 34
40 73 140 172 222 296 356 104
0 9 50 152 208 272 290 274
9 88 127 152 272 349 356 77
0 9 73 80 88 150 330 339
67 72 79 149 169 326 331 46
173 234 237 272 298 349 358 68
36 41 52 223 257 280 349 249
59 68 120 240 256 339 374 239
18 68 85 88 281 291 350 9
9 88 127 146 308 328 356 339
19 90 168 210 222 271 295 18
19 40 61 161 210 286 290 295
52 65 93 202 217 250 349 76
15 48 55 161 197 230 349 118
71 149 209 295 303 339 374 121
10 20 75 202 269 298 339 120
19 76 79 128 210 277 295 228
19 79 82 158 206 210 222 326
0 15 19 146 150 206 309 193
9 88 103 110 127 250 371 383
18 19 36 128 239 252 326 335
32 81 110 128 185 250 326 61
88 103 119 176 218 311 326 381
9 32 67 76 88 231 245 297
59 209 224 256 259 285 374 214
65 68 88 105 222 239 350 291
88 103 127 146 308 328 356 9
76 98 133 146 237 293 349 203
40 76 150 197 223 286 366 186
0 50 122 227 237 272 334 149
127 232 257 272 274 290 359 98
73 123 189 232 272 284 290 77
9 52 88 103 127 252 356 338
86 88 127 196 218 257 330 276
80 88 103 127 219 268 330 118
88 111 127 150 154 349 356 55
52 88 114 127 257 297 349 65
17 49 65 88 96 127 328 45
18 19 79 168 210 211 295 222
19 40 161 210 286 290 349 293
52 65 76 197 217 250 349 202
15 48 55 152 161 197 349 344
149 209 295 303 339 344 374 31
10 20 75 110 120 269 298 339
43 55 77 115 230 259 349 52
9 65 88 110 127 339 346 281
18 19 36 67 128 252 382 81
19 76 81 110 128 185 326 234
35 88 206 252 311 326 355 1
67 76 88 231 268 324 326 193
15 19 99 138 210 265 324 336
88 119 218 240 260 268 354 223
22 35 45 88 109 231 245 79
45 109 195 238 281 300 370 172
14 45 88 93 119 190 218 256
19 107 136 143 169 326 370 32
9 49 88 105 131 291 350 65
9 11 74 88 127 268 308 92
81 98 147 164 185 234 246 17
9 11 65 88 127 252 328 274
9 65 88 110 127 190 371 334
9 32 81 110 119 128 250 19
9 76 119 177 185 206 250 110
7 19 107 147 205 286 354 193
9 88 96 123 231 260 345 221
9 41 54 119 127 319 371 110
18 19 32 81 99 110 185 119
88 119 176 185 206 218 293 222
22 45 107 109 147 175 309 123
19 38 61 147 221 271 277 168
52 133 237 321 326 349 380 290
10 22 108 116 272 293 350 289
7 11 88 105 239 272 327 9
18 98 115 185 223 272 341 167
2 36 49 88 98 272 349 77
36 88 98 230 272 312 349 77
17 59 88 209 268 293 374 49
9 75 88 119 127 315 328 356
60 67 98 169 272 331 339 46
40 73 150 156 186 272 334 356
36 52 110 149 175 272 349 297
59 68 88 120 209 303 374 22
11 68 88 105 281 291 350 9
9 88 127 146 308 328 356 268
19 38 147 168 197 271 277 321
148 154 237 239 257 272 349 123
67 72 83 147 331 334 354 104
40 73 150 246 314 334 356 186
9 20 110 127 150 247 301 323
19 38 97 125 160 233 277 358
6 78 86 178 241 329 354 76
9 10 20 78 105 177 212 76
9 10 95 194 267 346 381 20
46 91 115 223 305 320 339 239
59 78 179 222 339 368 382 136
20 72 110 190 194 327 346 45
3 22 40 326 349 355 382 35
58 92 173 179 290 326 355 72
2 19 35 115 238 355 358 23
9 20 52 127 202 217 349 297
55 77 122 126 149 173 349 176
209 214 268 303 355 374 383 256
45 61 189 291 301 350 370 122
7 20 76 80 121 146 293 72
43 45 150 259 301 339 348 281
45 76 127 154 176 229 349 285
86 167 176 186 189 332 350 285
76 108 151 215 265 291 355 253
50 104 108 248 256 327 344 38
20 76 129 194 232 257 293 248
6 67 76 99 224 311 354 60
6 151 173 223 234 311 349 93
59 209 214 224 241 366 374 76
10 72 76 105 274 368 370 176
10 173 189 219 255 264 266 140
1 19 76 99 209 238 374 295
176 177 213 281 291 297 350 332
80 105 127 129 227 281 383 308
74 115 173 223 224 297 320 167
152 154 176 182 237 293 349 177
7 10 110 244 250 261 280 76
10 105 130 132 226 250 353 280
10 19 97 128 132 222 280 308
19 32 97 110 226 250 280 7
9 49 105 110 250 280 380 11
9 11 127 173 268 312 348 225
110 111 127 268 284 328 371 90
110 128 175 226 250 288 293 83
13 32 76 95 110 180 250 293
110 175 244 250 308 355 375 215
107 110 221 226 263 271 364 7
36 97 110 128 221 226 250 264
3 7 32 110 146 250 375 288
110 128 132 226 239 271 272 55
19 140 210 252 265 299 382 22
15 19 40 46 150 344 349 186
20 32 52 110 124 250 349 293
13 32 41 95 110 293 346 20
32 55 98 110 250 259 349 339
13 32 76 141 217 271 303 20
20 98 128 159 161 210 212 234
40 53 98 102 234 237 349 339
20 71 98 182 232 257 349 161
71 98 133 151 223 232 349 79
34 40 73 76 142 180 284 355
50 71 73 122 165 197 290 201
64 158 180 217 301 349 359 124
19 168 183 210 295 311 326 252
52 59 61 142 241 311 344 93
7 10 12 104 110 177 371 20
10 19 128 210 222 233 252 85
32 110 250 274 287 298 380 19
9 76 87 137 247 276 324 372
19 33 159 168 210 295 380 339
68 76 104 123 237 349 377 74
40 73 111 150 186 222 356 230
52 76 98 110 217 292 304 20
9 86 127 189 218 330 332 39
45 90 98 105 295 308 379 330
19 122 128 168 169 284 295 39
59 60 209 241 265 339 374 278
10 11 32 110 124 241 327 0
10 98 219 251 255 330 339 22
47 89 127 175 227 292 308 298
3 15 55 77 98 255 339 251
9 54 127 137 247 293 306 3
98 113 115 207 223 286 349 244
32 110 127 207 229 244 292 0
19 21 127 131 230 284 300 339
21 80 119 127 218 230 330 339
17 81 147 164 175 234 287 349
19 48 148 168 186 234 349 336
16 168 169 234 306 326 349 251
0 151 168 234 331 344 380 244
22 49 127 241 304 332 366 330
11 47 127 168 292 304 308 229
22 58 98 115 134 148 339 293
11 95 98 127 207 291 304 147
19 67 151 169 221 240 333 122
33 49 59 221 241 257 312 98
10 32 110 127 229 237 327 0
10 77 98 219 225 255 328 3
76 127 137 247 257 293 372 64
33 58 83 115 223 328 334 114
11 36 52 97 110 250 349 131
32 68 78 93 110 301 308 120
32 101 110 222 233 250 304 12
19 52 168 210 295 305 311 84
15 40 142 150 226 311 344 349
32 52 110 149 267 349 382 370
9 11 93 110 124 178 247 7
19 36 93 110 128 231 345 252
32 47 110 111 128 160 177 107
17 19 81 164 234 243 349 326
32 105 110 291 304 336 349 351
32 110 127 131 160 175 189 257
19 22 41 159 173 221 382 131
93 98 123 197 221 237 349 104
48 110 154 197 259 311 340 52
32 76 110 119 186 189 247 92
15 19 32 76 110 238 259 373
13 32 113 180 241 306 326 110
19 45 109 164 210 238 309 281
8 11 119 123 206 222 306 328
17 119 197 231 245 293 331 264
38 119 127 134 218 268 330 293
42 107 146 169 272 331 379 326
17 81 164 221 252 259 272 131
10 119 164 186 234 247 274 110
36 50 61 106 110 231 252 265
11 19 127 210 238 281 370 193
15 119 206 293 304 317 334 61
67 106 113 231 245 331 379 151
119 131 146 218 304 306 330 147
22 45 104 109 238 245 281 231
119 127 170 174 218 289 330 9
11 119 149 152 218 268 330 176
11 43 151 164 176 177 186 205
11 19 76 111 210 300 336 286
0 11 154 176 218 268 330 119
67 76 175 177 217 266 331 72
0 16 136 151 234 240 311 168
59 72 136 209 241 293 374 76
10 11 88 105 213 350 371 173
58 68 98 115 134 136 239 66
11 32 110 237 257 287 304 123
11 98 182 193 200 229 349 330
55 77 98 115 149 242 349 76
11 177 209 242 268 308 374 134
11 76 88 291 301 350 370 122
7 11 76 127 146 308 327 121
67 76 98 111 169 252 331 0
16 59 162 186 234 241 286 98
3 10 11 76 105 291 350 213
7 10 11 32 110 160 229 47
11 94 98 239 276 349 382 287
11 22 98 230 303 307 332 51
11 127 242 266 304 346 380 47
11 55 77 98 234 339 349 136
11 19 21 76 146 300 303 214
11 76 102 158 206 207 222 382
11 48 88 113 123 239 253 175
19 111 148 210 238 252 336 76
11 119 127 136 207 218 265 382
11 50 98 144 234 303 349 207
11 86 98 133 312 330 358 263
0 67 72 76 321 331 377 169
34 151 170 183 234 311 377 215
19 72 115 224 252 271 296 339
11 110 150 189 286 351 357 317
36 76 110 125 189 222 231 33
2 11 32 110 125 168 372 262
76 110 119 247 319 323 355 368
32 107 193 252 274 337 380 326
2 32 96 125 221 231 252 372
11 13 32 47 110 168 198 292
11 38 104 125 164 278 281 109
0 11 76 119 176 218 326 354
9 54 73 110 111 119 247 345
107 167 173 231 252 265 360 337
32 76 96 221 231 291 339 189
13 32 47 110 168 307 379 285
11 109 127 164 268 278 281 45
11 119 176 218 236 274 355 354
76 110 119 231 240 255 345 343
119 133 146 247 301 319 379 11
32 84 111 200 252 271 277 220
177 191 214 244 294 326 337 275
74 110 174 214 247 257 286 22
36 76 106 110 149 231 242 64
0 3 22 32 86 110 128 129
11 32 110 119 124 134 301 74
32 76 106 154 175 231 380 189
25 76 119 127 214 308 379 317
15 32 36 76 110 175 231 343
150 189 247 257 286 319 368 110
32 76 111 125 260 271 277 217
24 33 79 87 214 275 337 260
3 22 110 150 247 286 322 241
0 32 76 110 134 149 334 25
11 119 149 152 218 268 330 176
11 43 151 164 176 177 186 0
11 19 76 111 210 300 336 286
0 11 154 176 218 268 330 368
67 72 76 175 177 217 331 83
0 16 136 151 234 240 311 88
59 72 136 209 241 293 374 177
10 11 88 105 213 350 371 173
58 68 98 115 134 136 239 66
11 32 110 237 257 287 304 123
11 98 182 193 200 229 349 330
55 77 98 115 149 242 349 76
11 109 177 209 242 268 374 308
11 76 88 291 301 350 370 74
7 11 76 127 146 308 327 121
67 76 98 111 169 252 331 60
16 59 162 186 234 241 286 98
3 10 11 76 105 291 350 173
7 10 11 32 110 160 229 177
94 98 239 276 292 349 382 315
11 22 51 98 230 307 332 303
11 127 242 266 304 346 380 168
11 55 77 98 234 339 349 136
11 19 21 76 146 300 303 214
11 76 102 158 206 207 222 382
11 48 88 113 123 253 306 175
19 111 148 210 238 252 336 301
11 119 127 207 218 265 382 136
11 50 98 144 234 303 349 207
11 86 98 133 312 330 358 263
67 72 76 169 183 331 377 0
33 34 151 170 183 234 377 215
22 98 151 168 170 330 349 243
11 19 99 138 210 238 336 76
9 11 119 127 218 330 334 355
119 168 170 174 247 293 345 244
15 48 55 98 123 173 259 246
17 33 78 186 268 291 308 3
78 173 175 200 246 291 330 197
7 11 32 110 160 293 301 308
11 110 189 196 247 276 286 301
19 76 159 168 210 295 380 90
62 74 76 123 237 349 377 308
40 73 111 150 222 230 356 215
45 52 110 217 292 304 320 20
98 133 161 189 227 237 326 175
59 72 76 134 209 241 374 301
10 11 32 110 229 241 250 375
10 22 98 219 255 257 330 291
11 47 127 175 227 292 308 293
15 55 77 98 255 339 361 293
64 127 247 286 293 306 317 252
68 98 115 223 242 243 320 308
0 36 98 229 292 330 349 76
36 55 80 98 123 149 272 146
59 177 209 214 268 308 374 270
32 75 105 110 229 241 327 375
51 76 113 219 255 291 330 241
11 47 127 175 227 292 293 317
9 15 55 77 98 255 293 360
47 70 81 92 127 293 306 110
11 21 76 127 166 305 306 189
14 127 166 245 255 305 372 143
13 14 127 166 207 273 305 45
43 50 55 243 259 349 379 98
11 19 21 119 127 210 303 252
48 75 119 185 206 253 303 0
43 48 98 119 123 253 373 219
9 119 189 247 301 303 334 379
0 76 96 119 133 345 379 380
0 37 119 127 133 189 218 303
0 76 81 164 251 293 348 197
64 119 164 186 234 247 312 274
98 150 168 234 251 326 349 28
0 151 168 234 331 344 380 356
11 21 97 171 222 252 300 219
48 119 127 206 304 312 326 252
36 48 123 189 259 293 312 175
19 76 138 210 217 252 265 336
9 37 119 127 217 218 330 0
19 46 88 151 159 221 246 295
0 48 52 154 217 259 349 274
0 22 37 59 86 189 334 76
92 119 127 131 186 247 295 206
0 67 113 243 331 334 339 383
52 122 217 257 260 334 349 161
0 16 113 133 161 197 237 3
9 37 64 127 189 247 286 301
119 128 168 244 247 252 368 312
61 86 107 111 265 266 334 354
36 76 128 177 193 217 354 0
37 189 190 247 301 304 319 214
23 64 74 119 149 244 247 76
31 76 96 119 149 252 350 50
64 74 76 119 206 266 286 350
0 19 32 76 128 217 236 72
52 59 146 209 257 301 374 214
7 10 84 87 90 105 132 57
19 97 128 132 142 210 284 169
15 52 59 113 241 311 344 48
7 10 19 76 95 110 280 12
142 226 257 274 349 359 364 210
64 91 123 210 290 309 336 226
12 13 52 91 142 227 249 226
59 74 91 209 265 355 374 37
9 105 110 176 189 327 382 237
15 77 98 161 219 246 255 80
19 22 72 209 226 268 374 355
35 49 75 89 105 127 237 175
105 127 175 212 214 230 285 227
3 22 77 98 230 326 339 227
50 58 91 115 223 320 326 290
2 47 48 81 92 127 134 114
2 9 127 166 186 212 252 297
74 80 112 125 127 166 249 238
9 80 127 144 186 193 257 125
9 38 127 144 189 312 370 368
19 46 159 160 210 364 380 234
210 237 241 257 332 349 358 142
67 121 214 222 242 331 344 262
3 76 78 134 222 241 344 72
2 9 84 127 177 186 212 37
19 80 99 112 138 238 336 210
3 125 144 186 189 193 257 80
9 38 47 127 144 189 298 312
11 127 189 212 227 339 346 160
3 58 115 167 220 223 339 65
12 52 76 182 202 211 349 132
19 35 79 115 214 252 271 72
3 25 105 110 145 228 351 334
18 36 39 110 222 231 255 252
32 47 96 110 128 232 262 0
37 96 119 139 206 214 379 0
32 271 277 313 337 351 379 84
24 33 79 214 242 275 337 343
22 48 74 110 154 259 340 173
76 110 119 189 214 247 262 74
15 32 35 61 140 238 309 110
13 32 79 110 180 241 306 250
0 1 119 188 198 207 265 256
177 247 265 286 315 319 323 214
31 96 119 180 198 231 330 345
0 13 83 119 206 221 265 189
19 75 146 248 271 272 326 167
0 74 79 214 252 337 383 8
6 33 76 110 177 294 340 237
37 177 189 247 286 315 319 110
110 119 149 177 247 266 368 380
31 32 76 96 119 149 266 111
61 119 146 177 206 266 272 173
86 107 169 219 252 272 354 291
0 36 74 110 231 266 272 193
37 189 214 247 273 301 319 315
23 64 74 119 149 247 266 252
50 110 128 181 271 272 275 381
10 25 62 110 111 274 343 364
0 32 37 39 110 180 301 267
0 53 92 119 186 247 308 230
33 79 84 234 271 277 337 61
22 125 214 271 275 311 340 260
37 94 220 323 326 349 382 285
112 148 259 307 326 331 348 373
50 56 127 176 241 306 349 285
10 37 78 86 120 167 206 176
9 127 200 292 317 327 330 96
76 166 219 252 255 256 330 222
9 127 144 291 330 332 355 173
9 36 127 128 131 285 291 49
45 47 80 127 146 285 370 131
76 81 140 151 164 214 234 3
64 76 168 186 234 247 380 119
28 65 168 200 234 326 349 150
0 65 168 234 331 344 380 151
15 48 127 219 259 331 349 166
3 50 127 241 306 349 380 176
10 78 86 120 167 176 206 22
47 81 92 127 134 265 336 19
125 127 166 291 297 355 379 186
125 127 166 186 189 193 301 9
9 38 127 147 166 189 304 177
90 107 144 151 160 166 284 324
77 127 134 176 219 221 255 177
76 127 193 291 330 332 350 45
45 84 127 227 266 285 308 47
19 46 159 210 221 240 380 246
35 46 221 241 326 350 368 240
72 91 115 146 223 265 368 6
46 61 78 189 240 241 368 102
78 144 200 241 291 332 349 49
51 106 175 222 249 299 346 285
9 13 89 158 189 249 346 304
7 65 90 225 249 276 339 57
36 91 97 128 221 226 293 110
3 32 48 110 146 280 375 308
19 84 118 128 210 271 290 76
19 52 104 110 257 349 382 230
9 11 70 72 127 266 312 37
36 122 128 146 182 252 259 0
32 81 86 110 128 293 379 185
176 206 252 260 360 368 380 64
19 118 210 233 271 293 295 214
52 62 110 217 250 340 349 80
55 154 225 251 255 259 340 376
64 76 119 131 214 230 247 186
36 55 214 243 250 259 349 167
19 21 76 210 252 303 309 222
37 119 189 206 222 284 303 180
48 75 119 123 219 272 373 239
41 48 89 110 119 293 303 37
9 127 189 247 265 286 308 219
0 36 96 119 242 251 345 2
13 37 119 206 221 272 303 42
17 81 154 164 234 252 349 88
10 48 119 186 234 247 274 2
28 98 168 234 251 326 349 169
0 151 168 234 331 344 380 65
0 15 92 119 247 252 304 296
36 50 128 219 231 252 265 0
19 76 150 210 252 290 293 97
0 37 119 189 206 293 334 219
0 67 72 151 245 331 339 328
28 38 119 131 218 304 330 146
35 45 109 113 134 245 381 270
9 119 170 218 289 326 330 0
15 77 98 161 219 246 255 80
19 35 72 209 252 268 374 355
35 49 75 89 105 127 237 175
91 105 127 212 214 230 285 47
3 22 77 91 98 326 339 230
50 58 91 115 223 326 368 339
2 47 48 81 92 127 134 189
2 9 127 166 186 212 252 297
74 80 112 125 127 166 238 249
9 80 127 144 186 193 257 125
9 11 38 144 189 368 370 312
19 46 159 160 210 234 364 144
62 78 214 241 329 344 349 86
10 95 110 127 177 212 346 315
46 91 102 115 223 280 339 76
2 9 127 186 212 297 304 220
19 74 80 99 112 210 238 125
9 80 125 127 186 193 346 361
9 38 127 144 189 298 360 146
1 113 133 189 237 306 339 132
40 76 150 173 186 214 272 301
91 94 149 220 272 349 382 37
15 109 112 237 331 348 382 307
50 127 176 241 272 306 349 307
10 37 78 86 120 167 206 1
9 96 127 292 317 327 330 85
214 219 252 255 256 291 330 270
36 49 76 127 270 291 330 355
127 131 144 193 291 330 350 177
45 47 72 94 127 227 308 281
19 99 159 210 268 295 321 52
10 22 62 113 234 326 350 46
9 22 59 303 330 332 350 175
9 127 253 301 308 357 382 170
9 15 43 55 98 339 382 22
19 102 209 238 252 339 374 35
7 32 75 110 253 339 375 58
19 98 99 159 168 210 295 326
48 52 62 154 311 344 349 76
22 52 59 76 86 189 222 173
9 45 119 127 177 308 370 194
67 113 169 290 331 339 382 98
40 73 150 185 186 211 223 76
45 52 98 217 292 320 349 260
98 113 133 161 227 237 326 112
59 72 209 241 301 339 374 76
9 105 110 131 182 291 350 250
9 10 105 127 189 327 330 350
10 77 98 122 219 255 303 9
19 76 99 209 210 336 374 265
9 45 127 253 285 301 308 281
98 115 223 257 281 303 307 45
98 150 257 272 307 350 358 349
9 15 77 98 127 222 259 257
17 35 172 209 242 252 374 102
0 7 32 75 110 306 339 242
35 43 98 113 151 172 357 303
34 98 133 161 237 259 326 197
59 72 76 209 241 301 374 134
9 10 45 127 222 308 334 370
40 98 113 115 223 272 307 35
50 98 131 227 237 272 306 49
36 98 173 232 257 292 330 263
36 55 98 123 146 149 232 173
9 49 105 172 195 211 350 382
9 72 105 127 161 241 327 296
19 51 99 219 252 255 323 301
9 95 127 193 317 327 330 285
76 77 219 255 256 330 339 127
45 127 160 222 227 285 323 95
3 22 46 98 246 326 339 360
72 173 246 274 290 293 326 112
2 23 115 252 301 326 358 126
9 52 113 127 182 202 285 330
6 46 144 234 246 326 349 333
22 113 173 285 301 326 349 175
22 59 86 241 326 330 350 382
9 127 177 281 308 327 330 95
127 150 222 241 297 317 349 370
0 127 149 150 219 339 349 252
35 86 127 218 262 308 330 65
127 160 266 281 308 323 370 222
22 40 98 148 162 246 326 123
58 115 173 298 326 333 339 16
9 85 127 131 176 304 330 105
48 105 127 131 189 223 330 168
77 131 189 219 255 303 349 288
22 35 59 150 330 332 350 267
65 91 127 150 193 287 330 317
19 87 168 210 295 299 326 41
19 40 62 237 286 290 295 82
37 52 202 217 222 297 349 266
70 132 189 295 312 334 349 149
59 132 209 225 268 295 374 215
7 12 75 132 268 339 371 104
19 76 125 128 142 210 295 222
48 55 110 164 250 339 349 234
13 32 110 141 250 303 346 358
19 159 183 200 210 221 339 76
40 73 74 150 173 221 314 311
74 110 125 200 266 297 349 250
110 180 189 200 297 320 349 98
48 55 77 98 110 312 349 167
22 59 86 98 330 332 350 173
9 127 177 293 301 308 357 111
76 92 119 186 234 247 296 41
15 50 76 173 243 259 339 252
9 110 119 127 190 269 306 129
19 159 168 252 295 339 382 264
48 62 154 173 259 344 349 311
22 52 59 86 189 344 349 197
92 119 127 131 186 247 327 286
67 113 167 243 331 339 383 168
40 73 76 150 186 223 230 290
52 98 110 202 263 280 320 76
9 110 119 174 186 247 308 74
36 69 111 128 231 252 345 49
9 32 67 110 182 250 280 269
9 110 127 160 189 227 315 194
19 76 104 110 128 251 280 52
64 92 110 119 186 247 326 76
15 32 50 110 119 128 345 86
32 96 110 119 127 128 324 177
111 119 189 196 206 215 379 86
19 60 69 86 107 219 379 215
36 110 131 223 234 333 349 326
9 110 127 182 250 291 307 26
45 47 94 127 189 227 315 346
55 113 243 250 259 293 349 205
9 110 127 177 250 303 315 89
19 159 210 252 295 321 326 52
93 123 173 237 290 349 358 46
105 110 131 145 274 293 334 266
19 36 39 52 128 202 217 18
19 21 79 210 240 300 336 326
9 49 111 185 206 274 337 326
19 123 159 210 268 309 326 52
123 151 237 290 326 328 349 93
48 154 202 215 222 259 340 10
20 22 59 147 306 314 349 374
9 48 127 170 175 308 370 45
15 35 55 98 293 339 382 36
9 119 127 190 306 319 346 247
67 79 98 169 326 331 339 113
0 52 133 161 175 237 349 326
45 127 131 190 222 301 326 308
0 36 48 95 111 128 345 168
127 190 257 301 308 319 346 119
76 81 104 119 128 293 336 272
32 96 110 119 127 128 324 79
119 189 196 206 215 272 379 14
48 107 189 219 272 354 379 19
79 98 151 252 272 339 356 326
116 119 127 247 308 319 346 41
32 76 81 110 128 293 354 336
79 96 109 119 127 128 238 110
14 119 189 206 215 293 379 307
107 109 111 227 272 275 339 354
15 36 55 98 259 272 339 252
64 74 189 247 286 293 306 269
38 98 123 173 243 259 349 185
19 21 76 171 185 217 300 206
110 111 185 206 217 239 304 76
19 46 159 210 246 309 380 268
40 62 111 150 314 349 380 290
50 98 123 237 349 358 377 150
52 110 250 266 297 349 359 125
76 110 250 293 297 304 349 303
15 48 52 55 77 98 349 288
9 22 59 303 330 332 350 175
9 127 177 293 301 308 382 357
9 48 70 127 174 247 382 269
15 22 48 55 70 76 259 173
102 209 226 242 252 339 374 173
7 75 105 110 269 303 350 12
7 32 74 76 110 207 250 115
9 110 127 217 247 269 315 104
19 51 87 168 210 271 295 222
48 62 154 311 344 349 380 52
22 52 59 86 189 344 349 222
9 45 127 177 301 308 370 111
48 54 70 127 174 247 382 269
67 79 111 113 290 326 331 339
40 76 111 150 186 211 290 73
52 98 110 167 217 320 349 215
98 133 149 161 197 237 326 113
59 72 76 209 241 339 374 301
9 10 105 110 131 301 350 127
10 98 105 120 219 255 272 189
9 48 64 119 127 174 247 189
76 81 115 164 242 243 349 83
48 119 174 190 247 286 359 297
110 131 250 293 297 326 349 304
48 55 77 98 137 312 349 110
22 52 59 98 330 332 350 43
9 124 127 177 301 308 382 45
48 70 127 174 190 247 269 9
15 61 70 76 173 205 259 102
9 110 127 190 269 306 319 102
19 52 168 210 265 271 295 142
48 52 62 154 311 344 349 259
22 52 59 86 189 344 349 76
9 48 119 127 174 247 252 347
19 128 168 265 272 277 290 339
19 79 82 96 128 154 311 197
76 83 113 122 133 161 237 49
48 74 119 127 174 189 247 9
115 189 223 243 272 368 380 113
15 55 98 127 229 272 349 36
9 80 110 127 182 306 347 124
0 67 98 239 272 331 339 39
0 98 123 173 237 272 377 311
105 110 127 247 274 301 343 287
32 36 39 96 110 128 345 76
19 99 127 138 210 265 336 250
0 32 110 111 206 334 356 225
19 33 83 142 277 295 326 382
61 79 96 215 233 257 324 339
16 65 239 272 326 340 349 257
0 67 123 219 222 326 331 349
0 52 110 250 257 293 349 314
9 48 74 119 127 174 247 64
32 70 81 110 119 125 128 250
32 96 110 119 127 128 324 287
9 11 32 110 237 250 280 198
9 11 32 49 105 237 250 89
9 11 32 127 160 176 250 110
19 97 107 160 250 267 280 314
33 55 173 175 226 303 349 130
20 76 86 120 218 330 332 37
110 131 239 250 291 295 375 20
105 110 226 239 250 349 375 90
19 76 128 168 234 295 349 240
19 76 81 82 110 210 357 185
25 110 119 137 178 247 380 239
41 67 148 160 163 239 354 19
19 47 76 81 82 200 210 149
90 119 133 174 176 247 324 334
7 19 99 170 200 210 238 310
113 151 168 170 215 270 330 98
19 73 81 127 200 210 339 252
9 119 127 174 218 247 267 176
19 38 160 200 210 295 357 277
19 59 62 173 241 311 344 242
7 10 20 110 222 250 280 76
20 36 42 52 110 250 349 167
68 78 86 120 250 268 308 93
11 68 78 110 250 291 355 20
68 110 130 194 250 301 375 293
7 11 110 250 267 327 375 167
19 178 210 271 295 299 309 87
19 40 62 82 286 290 295 61
52 76 200 202 217 250 349 20
59 71 161 193 225 339 374 344
10 20 105 120 132 200 250 298
43 55 77 115 200 259 349 68
19 210 265 271 277 284 382 383
19 52 110 161 200 265 382 131
11 49 105 110 215 250 353 229
64 119 127 247 286 324 353 317
45 96 177 224 231 265 345 368
19 76 127 138 210 265 336 357
0 74 119 206 265 266 353 356
67 76 186 193 231 331 354 265
54 119 127 137 224 247 301 293
19 69 107 265 301 312 382 297
36 128 161 168 221 232 242 286
11 32 49 110 229 250 353 64
19 52 76 164 265 297 345 359
0 33 176 218 348 358 383 252
96 200 231 252 293 345 358 159
19 45 210 238 336 337 370 357
0 68 119 200 206 256 265 260
35 76 193 219 231 293 379 291
35 64 210 219 300 337 354 330
0 119 154 188 218 330 383 265
69 76 87 107 232 301 326 220
36 39 131 221 230 231 326 223
32 49 64 105 229 250 353 11
19 52 74 164 210 238 371 154
74 119 218 222 265 368 383 154
17 113 193 231 245 252 358 35
45 109 238 268 281 300 370 35
93 119 168 190 218 266 274 0
69 107 123 133 220 301 326 87
33 36 131 221 231 234 326 182
21 49 210 278 297 300 337 2
119 189 200 218 232 265 383 190
76 119 134 137 247 293 301 366
0 36 111 128 168 237 345 200
76 119 247 257 301 324 346 189
67 68 79 169 272 331 339 246
40 98 150 186 242 272 311 356
11 52 110 176 250 292 349 0
11 21 33 300 307 312 333 189
11 33 189 206 266 293 354 334
11 43 55 98 123 259 349 379
11 105 127 217 247 274 334 9
19 46 210 233 271 277 321 295
56 86 88 200 257 349 358 156
19 76 308 309 331 335 379 293
33 40 42 73 150 314 356 257
36 52 110 250 280 293 349 149
68 76 81 110 111 164 186 250
105 110 230 247 250 274 293 151
11 39 96 125 198 231 345 301
48 96 119 174 247 337 360 219
22 69 107 221 242 339 355 64
133 189 221 301 326 345 354 255
19 138 210 238 309 310 336 371
119 189 218 221 266 308 330 293
19 76 125 210 271 295 321 22
19 40 82 210 286 290 295 293
52 76 197 202 217 250 349 93
59 71 193 209 225 339 374 230
10 12 20 105 120 132 298 200
43 55 77 115 230 259 349 68
64 76 132 137 247 301 346 380
19 36 128 132 231 289 345 242
19 76 138 210 250 293 309 336
19 40 73 142 241 290 344 52
50 73 118 140 286 349 358 356
78 86 146 222 307 344 348 241
7 12 78 104 110 280 308 32
9 49 85 110 131 154 280 52
9 94 95 127 238 270 283 219
9 51 94 95 127 238 283 370
9 38 45 144 182 252 291 127
9 110 127 227 229 269 327 285
9 45 110 127 200 268 308 269
32 36 97 110 128 293 382 250
13 31 32 76 95 110 177 326
47 110 160 250 355 364 375 13
7 19 60 107 214 221 226 102
19 36 110 128 221 274 280 52
3 7 32 48 110 146 280 168
19 128 210 271 275 280 290 339
19 46 142 150 226 311 349 380
52 74 98 150 167 226 349 280
2 78 172 179 241 268 303 110
0 32 110 176 298 346 375 226
9 110 206 247 264 329 382 276
19 46 81 164 234 243 275 205
32 105 110 164 243 293 349 226
13 32 110 131 146 168 346 48
55 64 98 113 115 167 349 303
32 105 110 190 291 307 380 250
20 110 131 144 146 269 293 250
19 74 98 131 159 221 311 295
0 78 215 241 247 311 329 266
52 110 154 202 243 314 349 217
0 86 98 144 288 332 350 314
85 110 167 194 249 293 314 184
7 110 168 243 256 269 280 18
55 77 98 115 246 311 349 303
32 110 226 299 300 349 351 72
19 23 118 159 210 326 339 90
35 59 62 79 241 311 344 173
10 32 76 110 249 314 346 293
7 10 64 243 256 280 293 0
32 110 168 250 293 314 346 9
7 92 110 119 186 247 256 250
50 76 110 193 231 265 383 331
9 74 110 119 127 206 267 268
104 123 219 231 252 267 331 245
9 110 119 127 174 269 380 267
7 19 32 107 110 169 252 74
36 52 110 167 175 221 349 250
59 68 120 209 301 303 374 51
9 49 105 144 269 315 350 37
2 9 127 131 291 332 350 105
9 127 259 285 293 327 347 189
127 182 193 200 269 293 349 361
77 149 150 161 230 255 349 98
9 127 269 323 346 368 370 256
119 128 186 247 264 368 382 48
19 50 76 107 110 119 128 215
77 182 214 234 269 293 349 221
22 77 133 197 234 326 349 348
59 72 209 241 242 326 374 227
0 10 105 237 291 348 350 175
9 26 123 127 287 347 370 18
9 127 182 196 252 291 347 53
110 127 160 227 269 317 347 370
13 32 35 110 135 280 346 226
7 13 32 61 131 141 346 113
11 25 32 110 135 176 346 339
19 76 159 183 210 221 339 140
59 111 140 221 241 246 311 201
7 10 32 110 177 201 280 326
9 32 49 124 131 154 315 110
95 127 190 219 238 283 381 270
9 51 94 95 127 238 283 293
9 38 127 144 182 283 291 45
9 110 127 227 269 283 327 32
55 110 205 226 264 303 349 32
59 61 78 140 172 178 180 120
32 61 110 177 264 327 375 102
43 86 98 219 240 255 330 0
13 32 110 127 160 177 269 375
9 110 124 127 131 269 292 182
19 84 87 168 210 271 295 22
19 82 87 105 132 274 349 161
19 85 128 210 274 290 364 46
49 127 154 190 249 269 364 315
51 127 190 238 283 315 346 74
9 51 127 182 196 291 346 330
9 127 131 194 227 327 370 76
18 43 98 150 173 230 259 176
52 110 177 202 217 274 349 41
9 88 127 190 194 323 346 176
67 85 98 114 151 246 382 264
197 290 332 349 358 359 372 264
9 88 127 222 291 330 349 301
13 94 127 170 194 269 347 256
19 46 128 159 161 311 364 372
110 175 177 215 244 355 375 250
107 110 221 226 271 324 364 214
36 83 97 110 221 264 364 198
3 7 20 32 110 146 375 296
110 128 132 239 271 272 364 32
19 140 200 210 265 271 299 110
19 40 52 73 97 140 290 210
50 97 122 274 290 349 364 140
111 123 214 238 265 290 334 242
52 76 200 217 226 339 364 45
59 72 186 209 268 339 374 97
105 124 146 184 226 269 350 177
19 79 97 210 233 295 321 140
19 140 206 210 267 289 349 34
31 67 104 118 206 267 331 15
52 142 210 293 334 342 349 76
52 59 71 146 264 301 374 134
7 57 84 90 105 132 298 87
19 97 128 132 169 210 364 284
15 40 150 186 284 311 344 118
8 37 40 223 349 359 364 210
19 76 123 210 265 290 364 173
2 39 115 146 150 244 358 349
8 55 71 98 131 259 349 15
11 20 95 104 175 303 310 57
13 57 168 222 301 310 336 110
13 19 95 97 310 311 346 85
7 13 37 42 90 286 346 41
7 19 37 81 92 97 131 364
9 26 166 175 189 198 274 76
9 11 26 144 189 217 330 85
9 11 51 76 212 227 368 176
9 51 77 219 237 246 255 293
9 51 78 173 185 293 296 240
9 45 78 176 212 285 368 64
9 13 127 198 212 285 346 164
3 22 77 98 227 246 326 228
9 77 267 297 312 326 349 175
9 77 98 289 326 331 349 219
46 133 244 266 296 332 350 269
9 25 45 119 285 293 317 298
76 92 119 168 186 234 247 9
43 76 98 151 259 266 326 186
119 154 223 297 303 349 355 301
2 118 133 144 332 349 350 167
22 113 131 293 296 326 349 301
59 173 209 241 326 374 383 370
9 11 96 127 281 330 371 119
55 77 219 255 326 330 349 10
9 144 173 190 330 332 350 119
9 13 45 95 227 263 370 315
9 95 127 217 297 330 349 11
55 77 98 189 219 330 349 76
9 48 96 127 128 304 326 303
9 119 175 176 177 206 312 48
23 51 123 151 171 246 298 293
9 49 76 96 128 304 345 119
9 96 119 175 206 326 334 0
19 79 159 210 295 309 380 46
28 40 46 144 308 349 358 295
35 59 93 215 240 241 374 40
7 10 90 105 175 176 215 110
10 39 115 223 284 339 382 320
19 114 128 140 169 227 344 131
32 47 110 128 150 293 326 234
9 35 45 119 177 218 311 214
67 146 231 245 268 294 326 76
19 99 138 200 210 295 336 20
9 14 45 119 214 218 326 189
9 35 45 76 231 245 301 214
35 45 109 238 281 300 370 195
14 45 70 119 218 256 326 244
32 107 166 250 271 326 340 244
19 90 125 160 200 210 295 168
19 81 82 97 200 210 344 128
9 76 82 110 178 244 247 20
19 32 36 110 166 231 239 168
11 13 20 32 110 177 326 180
9 110 111 127 214 293 371 381
8 32 107 110 271 293 326 301
36 128 168 221 230 231 326 102
79 99 210 294 300 309 339 238
3 9 119 176 218 326 330 37
19 84 160 200 210 271 277 90
19 81 82 92 210 241 271 339
3 8 25 105 110 165 274 334
36 110 166 222 231 255 320 49
49 96 110 128 177 200 293 252
32 37 189 206 264 323 334 119
19 46 84 160 210 233 271 291
52 59 79 113 241 295 311 294
10 15 17 19 105 291 350 269
7 10 13 105 110 200 266 74
48 125 147 225 266 297 349 12
147 180 217 230 297 320 349 293
24 41 81 92 97 161 293 19
9 110 222 244 315 323 346 339
36 110 128 166 231 265 293 239
32 45 47 110 128 323 326 293
9 35 45 119 218 244 311 177
9 35 67 146 231 245 268 193
19 20 99 138 200 210 336 295
9 14 45 119 189 218 326 214
9 17 35 76 231 245 252 45
35 45 109 238 281 300 370 195
14 45 70 119 218 224 326 9
32 107 166 250 271 326 340 103
19 90 160 200 210 221 295 326
19 76 82 206 210 214 270 187
15 19 82 146 206 210 309 97
19 121 131 171 294 295 300 82
19 48 81 128 211 260 293 175
9 110 119 178 222 247 380 293
32 36 110 166 231 239 252 293
9 11 13 32 110 177 326 45
9 110 111 127 214 293 371 381
8 107 111 160 202 221 331 193
36 96 123 128 132 239 274 200
6 19 41 81 128 161 269 20
110 150 178 247 293 334 360 9
36 110 166 231 289 293 320 239
19 20 99 200 210 265 336 339
9 119 175 176 218 330 360 326
19 56 120 160 210 277 295 248
19 22 121 181 218 222 257 15
22 150 181 257 301 309 322 381
61 131 171 181 309 337 350 332
16 33 81 116 128 211 328 175
46 86 176 189 326 332 350 104
9 127 222 267 291 330 358 144
9 76 90 127 227 267 285 7
19 111 128 159 161 210 214 46
40 113 161 197 210 286 290 46
42 52 132 217 298 349 371 202
19 52 168 210 217 295 344 76
8 52 59 62 113 241 344 46
7 10 19 75 104 189 371 12
10 19 75 85 128 210 222 233
19 32 82 110 177 271 280 168
9 11 22 50 144 182 330 280
9 11 15 48 87 105 212 111
9 127 186 212 227 250 285 13
9 13 110 127 173 285 371 1
32 83 110 128 198 250 336 180
13 20 32 110 180 250 364 325
32 110 175 244 308 355 375 92
46 107 110 221 263 271 310 125
36 46 110 132 221 271 364 83
3 7 32 110 288 368 375 146
19 84 93 110 264 271 357 76
19 45 115 214 252 260 271 35
9 110 119 146 178 247 267 351
16 36 110 189 231 260 357 32
0 1 13 32 119 176 180 189
9 110 127 214 315 319 371 259
35 102 125 260 271 277 326 32
117 187 191 244 248 275 337 173
9 43 49 105 110 189 380 0
9 11 74 76 105 127 212 173
36 106 110 189 217 231 260 25
9 51 77 161 219 246 255 331
9 51 78 173 185 296 360 113
9 45 64 176 212 368 380 285
9 95 127 198 212 285 346 164
3 9 22 98 227 228 326 246
1 9 11 77 297 326 349 193
59 64 78 178 179 222 336 270
51 116 144 197 291 332 350 45
9 11 127 144 222 291 330 297
9 76 80 87 90 127 227 132
19 20 52 99 197 210 295 226
19 40 62 73 286 290 295 237
37 52 152 202 217 222 349 8
70 132 189 197 312 334 349 295
59 71 132 209 268 295 374 339
19 105 132 215 230 266 339 184
19 128 210 228 277 284 295 99
19 61 82 206 210 222 295 294
15 19 146 150 206 301 309 222
19 81 82 110 128 202 223 301
9 73 76 110 189 196 301 382
32 36 110 125 128 166 231 252
21 166 210 252 265 300 336 19
9 32 110 206 222 326 334 0
19 65 128 160 239 251 296 348
52 110 146 223 267 349 364 304
22 59 209 215 239 242 374 312
7 9 10 105 110 215 289 172
43 68 98 123 239 259 284 104
11 21 171 217 219 239 300 76
9 11 110 206 217 304 334 0
19 99 159 197 239 246 309 234
81 134 164 238 239 240 259 278
78 110 226 239 241 293 356 38
32 38 72 110 239 327 375 250
9 109 219 238 240 255 326 267
109 110 127 200 239 339 375 240
3 19 46 159 210 295 380 76
40 73 150 266 311 314 349 186
52 55 150 167 226 314 349 202
78 141 200 264 268 303 314 224
32 110 185 222 250 280 314 13
32 104 110 168 222 227 375 164
19 31 107 169 221 226 355 205
38 43 98 123 221 259 349 131
45 52 154 200 217 244 349 327
9 80 90 127 172 327 361 373
0 72 77 98 219 255 355 51
22 59 98 317 330 332 350 374
127 244 295 308 315 327 339 72
9 15 34 55 77 175 259 98
50 110 127 172 244 306 339 150
19 99 159 168 210 295 376 321
62 74 93 123 237 349 377 311
40 73 111 150 186 290 334 215
52 110 125 266 297 349 354 48
56 76 110 297 303 304 349 45
48 55 77 98 264 312 349 149
9 32 110 244 250 327 330 127
8 76 81 110 164 265 330 256
9 110 119 137 247 339 380 76
67 111 205 231 245 265 330 45
9 76 119 174 247 307 324 134
61 107 169 205 221 265 335 355
58 115 162 239 290 349 356 98
2 115 239 252 334 339 358 185
15 48 127 205 219 239 331 91
173 209 239 252 303 339 374 205
22 75 98 306 330 334 350 177
9 119 127 131 159 301 306 146
19 168 266 277 284 295 324 125
34 74 96 222 257 306 364 149
74 81 189 227 261 284 364 70
9 76 110 119 127 297 370 122
9 48 55 70 110 122 127 225
96 128 160 239 303 358 364 311
78 134 189 239 241 291 341 303
76 110 177 239 327 375 380 263
86 185 219 239 255 334 377 91
104 110 127 239 293 339 375 250
52 154 167 180 239 349 375 65
99 252 334 335 337 354 374 336
45 76 101 119 127 252 262 102
22 48 55 77 127 259 349 179
50 123 133 161 303 326 349 301
41 99 127 138 149 213 266 373
38 102 127 177 199 268 317 289
0 58 98 115 335 339 352 298
37 127 182 297 334 335 339 276
19 28 99 165 277 295 324 70
34 96 185 215 257 306 364 222
81 109 175 177 227 262 364 74
9 110 119 127 190 297 380 76
48 70 76 110 122 123 127 174
85 128 134 160 239 303 358 311
78 109 239 241 329 332 341 134
109 110 127 200 239 281 339 375
19 46 99 159 210 295 380 3
40 73 150 186 266 311 356 314
36 52 110 149 167 250 349 266
68 78 93 110 268 356 383 104
31 110 111 131 182 291 355 172
31 32 76 110 168 172 327 227
9 43 172 219 255 335 339 20
9 110 161 239 293 339 375 104
19 87 168 210 266 271 295 90
19 40 73 82 210 286 290 62
52 197 200 202 217 250 349 260
31 59 71 120 225 339 374 209
7 12 211 227 230 268 339 75
19 105 121 130 132 225 297 142
19 99 138 150 230 238 295 70
71 86 132 232 269 306 366 70
19 46 140 200 210 250 295 197
19 76 82 200 206 210 270 252
15 19 52 146 206 210 309 252
19 87 121 171 200 294 300 40
52 62 110 171 202 211 349 267
52 59 78 186 197 252 332 288
110 230 266 291 355 380 381 32
7 9 32 110 229 241 327 250
19 81 82 128 171 200 271 93
9 110 146 178 189 247 286 104
19 125 160 181 227 243 277 271
19 56 122 171 181 218 257 114
52 171 181 217 257 301 309 111
19 171 217 227 253 303 309 330
37 52 110 211 266 297 349 200
76 110 177 239 244 327 375 32
86 219 238 239 255 334 355 252
110 127 239 244 334 339 375 281
52 65 154 167 239 349 375 180
9 76 119 127 179 336 339 204
48 91 123 132 255 259 274 176
9 119 126 127 176 297 339 37
9 41 125 126 127 164 244 204
9 41 120 127 199 268 334 37
55 91 98 126 127 286 339 244
19 185 210 266 277 295 303 165
96 185 215 222 257 306 326 34
0 74 81 175 176 177 189 339
9 76 119 127 190 297 380 110
48 70 76 110 123 127 174 122
85 96 128 160 239 303 358 330
78 109 134 239 241 303 341 189
32 76 110 177 239 327 375 180
109 185 219 238 239 255 334 267
110 127 239 267 293 339 375 101
33 65 154 167 239 349 375 317
101 116 119 127 281 304 339 76
91 109 114 123 259 274 290 356
37 76 118 119 127 297 339 266
99 109 127 138 190 213 238 239
127 131 190 199 222 268 301 176
55 91 93 123 126 190 259 286
19 168 210 217 271 295 303 239
59 62 241 295 311 356 380 312
7 10 64 110 280 293 334 12
10 52 98 132 226 297 349 108
2 98 132 200 202 234 349 134
40 98 210 223 349 355 359 46
19 48 104 123 173 200 290 76
9 98 152 154 206 250 349 339
9 12 45 51 127 297 346 285
9 41 125 127 164 261 268 337
9 38 41 127 222 268 337 301
43 55 98 127 259 339 349 334
10 78 98 206 303 330 350 86
9 119 120 127 244 306 339 45
83 99 123 173 238 284 336 23
45 98 127 219 330 332 350 285
19 87 197 210 246 252 295 270
40 56 197 223 286 295 349 82
78 83 86 102 149 293 369 76
19 105 132 291 339 361 381 355
19 48 99 110 150 210 225 339
19 33 71 132 144 269 291 76
19 70 132 293 295 312 349 230
43 71 132 149 219 255 312 70
122 132 140 161 281 295 326 350
59 126 132 209 241 295 374 226
7 10 76 110 126 250 280 189
97 124 126 132 223 226 237 266
19 70 83 99 210 246 295 168
19 76 82 122 206 210 295 354
15 19 146 206 309 338 381 301
19 83 171 294 300 306 330 227
19 81 83 128 202 211 260 293
9 110 154 244 250 274 382 358
36 110 128 166 217 231 293 7
11 32 110 241 244 250 334 242
32 110 111 127 222 244 371 315
7 10 19 110 226 250 267 76
10 98 115 132 215 223 267 125
90 98 132 182 200 298 349 20
19 159 210 284 295 321 372 46
2 40 62 73 161 286 290 113
19 52 110 200 217 250 349 32
71 90 150 186 295 297 344 125
2 48 131 132 147 149 230 142
19 51 99 138 150 238 295 303
71 86 132 149 232 269 306 311
2 19 52 90 200 210 295 87
19 64 81 82 128 210 295 234
19 82 132 267 295 350 357 56
19 90 127 132 225 239 267 306
19 83 85 128 160 210 277 349
19 81 82 128 200 210 344 110
9 80 110 127 145 189 244 315
19 36 76 110 128 166 252 231
9 32 110 113 128 166 189 13
9 35 74 119 206 252 311 222
9 32 67 76 146 231 245 110
19 62 138 200 210 238 336 334
9 45 119 127 189 218 380 289
9 42 76 214 231 245 381 35
45 109 210 238 300 334 370 281
14 119 127 218 244 326 380 9
76 167 170 231 245 252 301 326
45 109 252 281 300 334 370 326
14 119 170 218 244 326 380 267
32 107 166 175 271 326 340 301
19 56 84 160 210 271 277 83
19 81 82 92 128 241 382 177
11 47 127 166 189 206 207 348
11 13 76 107 127 160 214 262
98 151 187 207 243 270 330 86
19 47 81 138 210 265 336 148
11 158 166 206 207 222 262 343
19 46 67 160 169 221 311 383
116 151 221 234 240 311 364 112
0 52 58 142 274 349 359 290
109 111 123 242 245 290 370 309
9 126 127 176 217 349 380 22
64 74 76 214 247 270 286 127
37 48 55 98 123 149 242 15
17 59 186 209 219 355 374 214
0 49 75 105 127 291 350 9
105 127 161 241 248 291 327 350
161 219 255 291 299 309 330 383
47 81 92 125 127 186 291 76
9 127 144 166 186 252 268 11
11 76 87 127 166 177 212 105
74 76 127 166 177 285 380 263
0 19 46 159 160 210 380 324
76 78 86 168 241 329 380 202
10 47 78 81 92 265 355 168
9 38 127 144 166 252 268 190
95 127 166 212 227 263 346 285
65 107 160 168 178 186 265 331
12 33 46 65 115 221 223 320
52 74 76 182 202 349 359 211
115 146 222 234 280 349 359 301
78 179 220 241 296 348 368 178
76 110 127 133 220 267 304 348
11 76 105 230 270 306 379 304
48 86 107 160 169 268 328 111
0 22 46 98 221 326 339 293
9 127 176 217 326 330 349 260
42 59 77 126 196 296 374 76
7 10 75 76 127 146 160 110
41 104 127 247 276 286 287 168
17 67 76 169 331 334 377 215
28 35 161 173 234 326 349 257
76 78 224 241 247 266 285 102
9 127 144 252 262 268 293 89
10 95 127 212 263 285 346 74
76 115 126 167 220 223 339 375
59 78 131 167 179 222 368 83
41 110 133 173 267 304 348 147
11 105 110 230 270 304 306 317
77 219 230 255 339 349 355 334
78 134 265 361 368 379 383 356
11 78 127 229 230 317 355 222
11 70 77 219 255 355 361 368
11 19 76 210 238 295 309 336
11 70 119 127 218 230 381 268
39 63 76 81 164 234 349 242
0 11 15 150 164 234 349 22
11 17 21 134 300 307 330 171
11 21 218 268 307 330 346 70
11 19 127 128 287 345 346 168
11 38 80 127 206 265 345 256
11 19 36 76 128 231 345 232
19 76 210 219 265 300 336 355
11 80 187 206 265 268 304 222
19 46 159 210 221 295 321 380
0 59 113 142 241 311 380 377
98 296 301 330 332 349 350 9
55 77 115 259 296 326 349 11
11 76 86 110 127 285 336 119
36 49 80 104 128 284 345 200
19 76 210 238 303 309 336 270
11 21 37 119 127 257 380 256
19 52 159 210 252 309 380 268
0 59 62 73 241 311 380 383
7 10 52 76 110 280 293 104
55 175 226 264 281 297 349 64
78 104 172 180 256 339 383 74
11 32 76 110 133 267 293 299
11 43 110 127 160 227 230 189
19 81 128 185 210 222 336 131
110 189 230 247 286 323 336 301
76 107 111 125 160 243 266 252
43 74 76 151 230 240 243 334
36 52 76 131 173 230 349 113
59 68 120 209 301 355 374 189
9 11 49 105 172 177 301 176
13 72 105 127 161 241 327 323
19 99 102 148 219 255 293 323
9 105 127 176 177 212 368 125
11 76 95 127 160 177 285 198
22 77 98 281 293 326 339 123
16 40 58 115 176 326 339 177
2 19 47 81 92 127 301 134
9 11 17 127 144 252 268 166
40 107 118 126 131 160 169 336
46 60 76 81 126 164 234 17
19 76 168 234 306 336 354 349
16 113 168 234 306 326 349 151
7 74 76 105 116 132 308 124
19 52 76 87 168 210 295 339
19 48 52 62 82 105 110 145
19 82 128 207 210 339 364 222
110 189 222 239 241 247 364 301
19 36 110 128 184 239 364 382
32 80 81 110 128 185 364 9
35 74 176 218 222 311 324 301
9 67 76 185 231 293 331 264
19 127 210 265 300 309 336 252
9 14 34 119 154 218 324 240
17 76 88 146 170 231 324 354
45 109 127 210 238 300 370 35
14 93 119 190 218 293 370 70
76 88 170 219 231 252 313 17
19 35 165 210 238 252 300 293
14 119 206 265 270 326 370 46
88 149 170 222 231 245 252 106
19 35 210 214 219 238 300 312
14 90 170 218 222 283 313 268
88 170 231 245 252 297 313 154
35 45 109 193 238 300 370 268
14 119 170 186 206 222 283 202
19 84 184 210 271 295 364 83
19 82 132 184 206 210 364 339
19 82 146 175 206 210 309 22
9 110 119 146 178 185 247 334
36 52 110 114 128 231 239 19
9 11 13 19 20 32 176 67
3 9 10 110 247 319 381 268
78 107 146 188 189 294 360 206
96 119 221 231 330 345 360 120
19 159 168 210 268 309 380 79
15 48 62 79 240 241 311 39
10 46 173 298 306 350 366 349
7 90 168 306 330 349 368 28
19 67 76 222 238 265 331 383
9 11 19 32 48 104 110 41
9 110 111 127 268 284 371 80
76 83 107 276 286 297 339 123
19 36 128 221 231 297 345 242
19 210 219 238 265 300 339 21
9 21 119 218 265 278 330 297
46 67 76 120 245 331 339 33
79 118 173 230 234 272 349 165
9 48 64 76 172 178 247 110
36 42 128 189 231 252 345 0
19 76 99 138 210 310 336 265
119 133 202 218 297 330 339 38
19 76 120 168 210 271 295 211
46 62 123 237 290 344 349 93
40 73 114 123 150 222 356 230
48 52 110 125 297 349 354 147
7 76 110 146 293 297 349 230
15 55 98 149 262 293 349 76
59 104 134 177 209 303 374 109
9 39 75 105 206 267 350 303
8 9 86 104 119 247 286 250
9 20 105 110 179 243 379 267
8 76 81 98 164 234 311 151
9 51 76 110 119 250 304 41
9 21 59 119 171 266 300 19
9 83 110 119 206 250 266 189
83 86 88 98 123 270 349 76
9 11 98 127 243 297 349 126
81 98 151 164 174 215 347 68
9 11 110 119 174 178 247 74
19 61 159 210 221 243 380 46
40 46 142 150 221 314 380 15
45 52 110 167 217 320 349 98
98 116 133 161 227 237 326 113
59 72 76 209 241 265 374 301
9 32 105 110 250 257 327 315
9 10 77 98 219 255 272 4
19 76 99 185 209 265 374 35
7 9 11 32 76 110 250 334
9 98 104 115 223 307 320 293
9 36 98 184 200 272 349 330
36 55 80 98 115 123 272 149
3 9 49 119 137 174 247 11
76 96 119 128 146 231 345 36
19 210 238 265 270 300 370 99
9 45 119 206 286 336 356 188
22 46 72 98 151 185 240 34
133 161 217 237 259 272 326 197
9 11 106 119 174 247 301 328
63 98 115 223 243 272 354 113
36 63 98 193 272 286 349 200
36 109 113 123 238 267 272 370
35 45 172 210 238 300 370 110
74 119 218 240 330 334 370 9
19 159 210 240 295 309 380 99
0 46 62 79 133 237 344 314
10 79 114 207 237 272 306 239
0 67 79 113 232 272 331 257
40 114 117 150 272 284 314 334
9 11 72 110 127 131 371 168
32 83 110 128 226 250 271 288
13 32 76 110 239 250 325 293
20 32 110 244 250 355 375 175
32 107 110 263 271 288 324 226
36 74 110 132 221 250 271 240
32 110 132 146 250 281 368 7
32 107 110 128 160 271 272 280
19 41 84 90 160 210 271 359
15 19 48 62 110 349 358 52
59 102 140 209 252 266 374 15
7 110 226 250 280 303 339 12
19 128 210 233 277 306 331 228
19 76 81 82 110 210 271 211
32 36 76 97 110 250 340 315
11 32 110 111 182 229 380 250
9 32 54 110 315 339 371 76
32 36 76 110 128 250 301 221
32 76 110 172 221 250 304 213
9 22 32 55 76 110 241 13
19 99 164 165 210 271 328 238
0 8 110 119 176 206 326 303
0 32 38 41 104 110 119 13
54 80 110 111 150 284 371 127
32 107 110 134 166 228 271 37
32 47 96 110 128 250 296 189
8 32 104 110 140 296 380 42
9 54 110 111 172 284 371 48
45 96 109 119 300 330 365 8
32 102 111 119 189 206 221 146
60 107 150 167 260 271 337 112
19 84 160 210 271 295 382 252
9 67 76 231 240 245 331 185
19 210 238 265 300 309 336 146
9 14 45 119 176 206 214 175
9 17 76 231 240 245 260 313
35 45 109 210 238 300 370 9
9 45 119 175 214 218 240 326
19 70 84 184 210 271 295 246
19 76 82 184 206 210 364 295
19 33 82 146 206 210 309 52
52 110 161 217 260 266 330 130
16 116 133 161 175 237 326 197
9 104 110 131 266 296 327 11
9 80 110 111 127 293 371 284
83 107 123 193 242 293 339 15
36 128 217 221 232 317 320 345
19 99 210 219 238 295 336 339
9 119 175 206 265 272 330 368
1 85 128 181 239 272 311 364
9 11 32 110 185 239 296 8
32 76 80 110 128 293 320 265
9 35 175 176 177 218 311 76
17 35 193 231 245 268 293 354
19 35 52 238 265 300 336 45
9 14 45 119 206 265 293 267
15 17 76 193 231 245 260 123
35 45 109 238 281 300 370 195
9 45 119 218 293 370 383 35
72 107 125 188 223 312 320 10
36 52 72 221 242 265 359 110
49 73 219 290 300 339 364 360
9 119 218 221 330 334 383 37
67 83 231 232 245 331 339 39
9 78 98 178 185 270 304 268
98 144 291 296 308 332 350 45
11 32 110 127 295 327 375 262
19 38 61 203 210 228 277 326
59 61 62 241 311 380 383 52
10 105 144 291 332 349 350 67
10 105 110 131 295 327 370 20
98 115 129 222 223 320 365 335
0 9 52 182 202 250 349 211
43 98 149 200 202 211 234 230
19 56 90 132 232 349 350 306
19 185 210 228 240 277 295 293
19 76 81 82 128 210 271 200
9 19 76 110 128 185 380 61
9 76 92 110 119 186 247 32
9 32 76 96 110 119 231 345
19 20 99 185 210 336 380 265
8 9 74 119 206 266 380 334
9 32 110 154 257 259 379 250
9 32 76 110 119 186 247 214
9 15 32 35 76 110 309 252
8 13 32 110 180 241 306 76
8 9 104 110 119 131 310 198
9 32 50 110 111 127 371 268
107 119 167 198 278 283 297 8
96 119 134 198 231 283 345 221
9 19 53 96 252 300 368 238
0 9 119 188 200 206 313 265
8 37 65 107 221 326 340 253
83 107 160 193 221 239 271 354
9 52 110 202 239 315 349 200
78 86 98 175 230 308 356 196
76 97 107 160 243 252 253 274
55 98 145 234 251 349 356 46
20 97 105 124 226 239 306 110
43 68 97 98 151 207 377 186
36 52 76 97 110 173 349 250
68 78 281 301 308 356 383 347
32 78 110 140 160 177 222 127
19 20 168 210 252 295 339 97
40 56 82 223 286 295 349 20
91 102 161 197 295 349 355 222
74 126 132 150 186 295 368 222
97 124 126 132 223 226 237 349
19 97 126 210 277 295 344 197
19 20 76 82 206 210 284 61
15 19 188 206 284 309 322 78
19 52 81 128 202 217 260 110
9 32 110 119 189 222 247 146
32 36 55 110 128 166 231 111
2 32 47 92 110 111 193 55
47 68 76 166 174 305 347 186
13 47 127 166 174 305 346 224
157 166 174 305 329 347 382 10
58 166 174 224 301 305 347 13
10 80 174 186 305 329 347 166
32 65 107 160 253 271 274 326
96 111 124 128 154 239 260 252
32 52 96 110 202 269 349 12
78 86 196 257 262 265 339 179
32 94 110 140 160 215 262 7
52 94 239 326 339 349 355 382
22 34 51 179 266 307 332 230
9 95 122 127 285 346 347 198
28 116 154 234 306 341 349 257
9 72 119 127 225 285 346 32
9 127 170 285 346 370 383 38
98 154 251 297 336 339 349 46
15 55 98 177 259 347 349 34
73 98 150 286 306 330 339 378
16 98 149 291 306 349 350 347
85 87 98 127 146 306 347 119
19 87 90 168 210 271 295 268
19 40 62 73 210 286 290 237
19 32 52 200 217 250 349 197
15 48 55 161 197 200 349 152
31 149 209 295 303 344 374 242
7 12 31 75 303 339 371 19
7 19 96 121 130 132 297 142
19 46 99 138 150 295 303 120
71 86 132 232 269 306 311 285
43 52 55 77 115 193 259 134
59 149 209 222 252 268 374 76
75 80 105 116 132 264 350 7
7 19 47 81 97 207 222 252
80 111 166 178 281 305 347 252
4 50 142 166 305 324 347 80
127 146 174 243 281 305 347 154
104 174 256 281 305 347 370 329
15 19 97 128 160 210 326 61
19 76 210 246 271 277 295 83
19 82 206 210 246 268 270 52
15 19 33 146 206 210 309 52
19 32 110 119 146 178 247 242
19 36 110 128 132 231 239 264
13 19 32 131 176 177 189 346
4 46 160 231 243 347 379 50
47 76 174 189 252 326 347 22
4 80 95 166 174 324 380 347
19 99 138 210 231 323 339 200
47 146 189 209 243 256 347 70
72 93 174 224 281 305 347 166
134 200 219 231 255 331 347 346
47 142 146 174 233 305 347 76
72 93 174 281 305 306 347 154
134 149 174 231 256 281 347 171
47 142 174 233 256 305 347 281
166 174 256 281 329 347 370 305
19 32 83 84 125 210 271 274
19 41 56 82 105 364 372 337
19 189 210 238 252 300 309 127
52 56 218 252 337 349 364 334
111 146 227 242 309 362 364 128
32 52 110 130 217 349 358 34
52 59 209 240 339 356 374 120
9 32 105 110 326 327 379 176
77 98 219 246 255 331 339 4
22 104 177 209 334 339 374 350
7 32 110 127 160 194 317 199
19 85 151 210 233 277 364 240
19 110 119 151 174 178 247 70
19 32 36 110 231 255 259 320
0 13 19 32 110 159 285 177
9 32 110 129 214 247 265 286
32 107 181 220 252 265 334 337
36 42 60 221 230 231 337 334
19 210 278 300 309 324 372 370
9 37 86 119 218 330 347 222
32 110 127 134 160 262 308 323
20 22 98 123 161 326 349 355
59 209 241 266 278 284 374 76
9 10 75 122 127 198 346 285
9 89 127 285 292 339 346 122
15 55 77 98 122 339 347 48
19 20 99 173 209 210 374 76
9 122 239 347 349 350 382 173
7 110 127 146 160 339 347 308
58 98 115 281 320 339 347 122
9 172 284 304 307 347 380 317
9 15 55 77 98 173 259 43
9 49 173 177 306 307 312 347
9 13 189 230 274 306 330 175
17 19 81 88 164 234 380 20
9 105 110 131 287 304 306 32
9 70 144 189 194 307 315 286
1 9 46 72 194 227 306 274
17 19 67 169 221 266 336 383
28 122 154 221 234 306 349 197
59 76 209 241 301 350 374 134
9 10 75 127 239 285 346 119
9 127 170 173 346 370 383 292
88 98 154 251 297 339 349 317
15 55 77 98 173 347 349 259
73 98 150 286 306 330 339 197
98 149 172 291 306 347 350 9
85 87 98 127 146 306 347 149
19 83 178 210 271 295 299 270
19 40 73 210 286 290 293 76
19 52 197 202 217 260 349 20
46 59 120 225 339 344 374 71
9 98 127 144 292 307 366 349
17 19 67 99 227 331 377 326
28 116 154 173 234 306 349 122
59 76 140 209 241 301 374 383
9 10 75 127 239 336 346 176
9 127 170 173 346 370 383 13
98 114 154 251 297 317 349 85
15 55 77 98 173 347 349 259
73 98 150 286 306 330 339 197
98 105 149 291 306 347 350 172
85 87 98 127 146 306 347 149
2 19 111 168 210 270 295 252
19 40 82 223 270 286 349 295
76 78 83 86 149 222 371 383
19 105 132 291 307 339 355 12
19 48 82 99 150 210 225 189
19 33 76 132 144 188 291 269
19 20 132 202 256 295 298 80
77 132 154 255 259 298 349 12
76 97 173 209 264 339 374 268
7 15 75 97 132 296 350 105
7 19 81 97 207 222 308 82
189 222 247 286 301 308 347 178
19 36 97 110 128 166 231 20
2 32 47 81 110 285 347 222
104 166 174 178 281 305 347 47
4 142 166 283 305 324 347 50
72 154 173 174 281 305 347 4
104 174 256 281 305 347 370 329
19 48 107 160 253 274 284 102
19 83 128 210 221 268 295 97
19 76 82 206 210 295 354 252
13 32 110 111 141 215 346 314
19 33 79 138 159 183 210 295
59 79 167 180 241 246 311 102
7 10 32 64 110 134 280 334
9 32 122 127 315 346 359 280
9 32 70 110 122 127 346 89
52 98 110 122 217 347 349 32
98 116 133 161 214 237 326 22
9 32 110 111 127 296 347 308
32 58 110 272 296 304 312 49
7 19 31 107 131 312 379 120
15 98 110 131 221 259 272 32
32 47 81 92 110 296 306 15
67 76 78 166 186 306 347 74
13 32 127 166 170 174 346 47
19 84 160 183 210 246 295 52
19 82 105 110 202 236 371 48
19 82 128 207 210 364 371 246
110 146 178 196 286 347 364 189
19 36 110 128 184 239 364 125
1 32 47 80 81 110 146 364
104 166 174 178 281 305 347 47
4 50 104 166 281 305 347 38
52 72 168 174 232 260 281 193
72 104 166 174 181 281 347 93
9 10 46 174 270 281 347 283
19 160 207 210 271 295 364 200
19 46 184 206 207 267 349 22
46 67 104 206 207 267 331 379
34 40 46 73 142 246 290 19
46 50 52 184 246 274 290 359
110 123 149 238 265 290 334 32
19 33 76 82 206 210 339 120
15 19 52 146 206 210 309 73
19 121 131 146 171 210 300 217
19 81 82 128 211 293 301 265
11 73 110 111 206 247 301 80
67 72 76 110 166 231 265 250
11 73 110 119 166 174 247 330
32 36 52 110 166 231 293 250
11 32 110 125 215 250 252 293
11 32 122 198 212 229 250 13
11 110 177 214 242 247 252 111
11 32 76 222 231 256 331 293
19 48 76 88 181 210 271 11
11 21 119 189 256 293 326 54
32 107 110 132 251 271 301 293
19 120 128 160 181 221 295 230
35 59 83 113 239 241 364 270
0 10 19 81 189 265 364 287
11 32 89 110 177 250 251 292
11 32 110 122 198 212 251 10
7 10 11 107 160 324 339 265
7 10 11 110 251 280 293 168
11 52 124 297 349 364 382 211
11 32 101 110 176 215 346 196
11 32 110 215 264 285 346 250
22 85 98 151 215 246 270 334
11 36 52 124 173 251 349 227
11 59 120 209 301 339 374 308
11 105 110 250 251 350 380 68
11 98 151 251 270 339 355 301
11 88 105 110 170 251 350 9
19 99 121 159 210 295 364 125
110 175 215 244 250 355 375 308
107 110 221 226 263 271 364 324
36 52 110 128 221 226 250 264
3 7 20 32 110 250 375 146
110 126 128 226 239 271 272 375
19 200 210 252 271 299 326 160
19 40 52 73 210 246 290 140
46 50 274 290 311 349 372 122
111 123 177 238 242 290 334 214
52 210 217 298 342 349 382 379
91 140 146 161 264 266 366 372
31 59 126 167 209 265 374 64
7 10 76 110 126 189 280 250
98 124 126 132 223 226 237 97
19 97 126 142 159 210 265 167
40 97 126 150 173 226 241 142
37 40 200 223 349 355 359 210
19 76 123 173 210 265 290 97
52 68 98 200 315 326 346 124
80 98 113 144 196 332 350 317
49 95 105 110 172 291 295 0
0 9 11 127 131 133 337 293
11 77 98 144 150 234 349 182
55 77 98 149 150 265 334 64
9 11 76 110 119 127 250 381
77 83 98 131 219 255 361 270
9 36 49 76 127 291 330 176
9 11 80 127 146 308 327 370
19 79 98 128 159 161 210 46
24 40 142 161 234 286 290 93
52 76 202 217 250 260 349 293
19 76 196 210 217 295 339 52
9 76 110 119 266 351 381 11
77 98 219 255 264 288 339 144
22 59 72 251 284 330 350 98
9 11 72 127 295 339 371 122
19 52 99 159 168 210 295 17
62 74 93 123 237 290 349 173
40 73 111 150 186 230 290 356
52 110 217 250 293 349 380 154
22 48 52 55 264 312 349 98
22 52 59 98 303 332 350 251
9 144 175 288 291 330 339 177
9 119 124 127 196 244 308 11
18 68 98 122 284 286 339 296
11 32 110 293 327 339 375 301
9 86 93 98 219 255 341 34
9 110 119 127 227 250 267 381
35 67 98 169 224 251 331 222
35 52 202 223 250 307 335 349
98 112 144 170 288 332 350 33
9 119 178 215 247 291 327 11
67 79 168 170 243 260 331 245
98 123 151 170 234 237 349 145
52 161 223 226 237 303 349 202
83 98 144 161 288 332 350 142
9 11 20 110 124 131 215 12
19 72 102 128 170 234 289 196
15 133 175 215 237 311 344 312
9 119 189 247 252 272 288 225
11 119 128 272 312 320 345 36
19 76 79 80 300 336 339 21
9 11 45 119 218 272 330 88
36 128 168 193 231 272 323 134
19 36 52 128 217 231 293 97
0 9 11 20 131 177 326 19
9 110 111 127 214 296 371 222
8 76 107 111 293 301 326 355
36 52 128 168 221 230 326 259
19 99 210 238 300 309 339 21
9 119 176 202 218 326 330 315
19 118 210 230 271 295 379 146
9 11 19 110 186 247 334 337
19 36 50 110 177 231 239 52
11 32 110 185 222 250 326 382
32 110 168 227 293 301 355 185
32 104 159 221 222 299 382 326
45 120 123 146 237 290 349 104
48 123 154 215 222 259 311 340
76 92 119 175 186 189 247 95
22 67 113 120 331 339 379 61
9 110 119 122 150 174 247 296
15 36 110 122 189 243 259 382
0 13 32 45 74 306 375 185
9 64 127 172 213 215 319 150
19 35 128 168 271 272 311 52
76 92 110 119 186 247 303 189
36 50 55 110 243 250 349 76
21 76 219 222 266 300 303 146
75 119 180 185 206 222 303 252
45 98 113 119 123 173 180 74
19 74 76 138 210 265 336 238
9 119 127 185 218 303 330 265
0 67 88 98 244 245 331 142
0 9 119 150 174 247 252 180
0 36 122 189 231 297 303 339
9 110 239 250 308 339 375 293
19 84 142 168 210 290 295 339
15 40 97 142 150 241 344 46
52 74 150 167 226 314 349 280
13 32 110 222 250 280 346 11
32 110 164 168 227 250 293 20
7 31 76 107 123 214 221 19
31 55 98 221 250 259 349 339
13 32 110 141 250 303 346 76
19 167 168 210 233 295 339 142
7 40 97 142 150 200 372 344
32 34 52 60 110 250 349 293
76 98 110 200 250 293 349 315
39 48 51 55 77 98 349 312
9 110 127 189 293 339 346 150
31 67 98 169 186 331 339 251
52 64 110 202 226 250 349 314
22 59 86 98 207 330 350 251
9 105 119 221 244 295 301 266
9 76 92 119 186 247 266 189
22 50 79 151 243 330 339 76
9 76 105 119 127 131 296 269
9 119 127 131 174 190 247 110
0 4 19 142 151 159 243 326
0 48 62 154 259 344 349 311
22 52 59 86 189 344 349 0
9 72 119 127 227 285 315 383
22 67 123 169 290 331 339 0
0 40 73 150 186 305 335 372
7 125 154 202 297 349 359 131
32 110 126 131 250 304 349 78
59 209 214 240 256 350 374 120
52 74 124 142 150 226 349 98
11 13 32 110 222 264 346 280
31 55 98 110 259 293 349 32
13 32 76 110 141 303 346 293
67 98 142 173 244 331 339 169
98 123 142 211 234 326 349 339
45 98 115 173 223 234 339 145
2 50 98 142 237 339 349 40
32 110 182 232 236 257 293 20
15 71 77 98 120 257 259 173
7 19 20 200 209 210 374 32
7 10 19 20 32 110 226 292
19 52 118 142 159 210 295 321
62 90 98 142 246 306 349 28
19 31 121 210 242 326 331 309
31 40 73 140 142 246 344 299
50 52 73 91 142 246 290 274
118 142 180 217 239 349 359 64
0 22 31 118 189 326 344 356
31 59 72 209 241 326 374 344
10 105 108 274 281 291 350 298
20 32 110 130 226 250 293 31
58 98 115 223 246 288 303 45
20 98 124 172 284 293 349 227
17 19 81 98 164 234 303 0
48 55 98 164 259 339 349 299
20 32 110 141 145 293 303 346
7 32 36 141 250 293 314 226
13 25 32 110 198 314 346 111
32 67 227 231 271 331 339 293
32 76 95 110 213 293 336 176
32 55 110 214 271 293 349 315
15 43 55 98 122 177 259 246
22 59 177 306 330 332 350 34
9 11 127 133 225 295 327 263
19 33 46 159 210 295 380 168
46 62 90 98 102 306 349 355
19 148 210 238 242 309 331 67
0 46 59 102 241 344 374 113
10 45 76 144 291 336 350 11
7 10 47 87 90 105 121 11
10 68 87 90 94 132 210 105
58 90 115 237 284 290 382 369
115 125 126 140 173 222 284 355
45 98 165 284 330 332 382 90
19 46 159 210 284 295 321 168
19 24 40 46 62 286 290 295
42 45 52 90 132 217 371 122
59 72 186 209 323 344 374 46
7 10 12 75 104 308 371 261
19 125 210 217 222 295 339 52
19 52 59 62 241 242 344 311
7 10 19 75 104 222 371 189
10 19 85 128 210 222 271 277
19 82 96 128 154 210 252 215
52 55 110 124 242 297 349 250
78 110 113 242 250 285 339 35
32 61 110 222 250 327 380 76
0 43 86 98 219 239 255 339
9 110 239 250 308 339 375 32
19 81 82 128 239 293 339 210
9 80 110 127 189 371 380 301
19 56 160 187 239 251 277 244
19 61 96 146 215 233 257 175
19 45 76 219 293 300 334 336
119 121 198 218 222 244 265 159
19 52 97 200 210 271 295 87
52 59 62 241 246 311 312 35
7 10 110 222 244 280 334 12
9 52 172 217 280 327 361 314
9 127 242 244 283 330 346 11
76 81 98 164 256 265 330 339
74 76 92 119 186 234 247 110
50 61 67 193 231 265 330 293
9 119 134 174 244 247 330 150
61 86 107 214 221 243 330 242
55 74 98 115 221 259 330 242
74 92 119 134 186 247 368 76
36 49 111 128 219 312 345 168
36 119 174 244 247 257 346 253
46 98 118 144 234 246 349 330
22 74 98 173 244 326 349 123
9 50 127 244 299 339 371 172
76 83 119 128 244 247 368 92
19 76 107 111 252 265 354 242
76 96 231 244 252 265 345 293
9 54 127 172 244 247 319 31
76 119 174 244 247 257 308 253
19 48 107 111 238 260 326 265
36 49 76 111 154 231 312 31
9 11 87 119 127 198 244 281
19 76 84 210 246 295 326 265
40 73 142 241 290 344 349 311
46 50 72 274 290 311 349 122
111 123 149 265 290 334 344 242
52 166 202 217 244 280 339 122
50 110 127 247 299 315 371 219
83 119 128 186 244 247 368 198
19 38 76 107 111 287 354 61
36 76 96 231 244 265 345 60
54 127 172 175 190 247 319 150
9 76 119 174 247 253 257 86
19 45 107 109 111 238 334 309
36 49 154 231 265 312 354 111
9 90 119 127 244 247 328 219
19 51 168 210 252 271 295 87
19 40 210 286 290 293 295 73
52 57 197 200 217 250 349 293
59 71 120 209 225 339 374 46
7 12 75 105 227 230 339 211
43 55 115 259 326 331 349 45
59 61 102 134 209 268 374 339
133 168 182 291 296 349 350 6
7 76 105 132 295 308 311 74
8 19 97 115 128 142 207 76
9 110 127 244 315 339 371 299
19 36 76 128 146 222 239 8
32 47 76 96 110 128 146 200
9 96 119 154 206 323 380 35
35 67 76 113 231 354 360 1
19 99 138 210 252 265 336 76
9 14 119 206 240 283 289 45
35 45 76 109 231 245 370 17
45 109 195 238 245 281 370 300
9 14 119 218 222 240 270 45
15 22 76 231 245 252 326 285
45 238 278 300 326 336 370 309
9 35 119 154 218 326 380 14
15 48 55 68 161 197 349 200
71 149 209 295 303 344 374 265
20 75 110 120 200 226 269 361
43 52 55 77 115 259 349 230
52 59 71 209 268 308 374 102
76 133 168 182 291 349 350 75
7 74 76 105 132 308 361 311
19 76 125 128 210 265 295 230
9 13 19 110 127 244 371 346
19 36 128 202 244 252 260 276
32 47 96 110 128 181 232 358
9 119 175 206 214 307 380 96
35 67 146 214 231 265 293 76
19 76 99 138 210 265 336 318
9 119 190 206 214 265 289 14
35 76 123 146 231 245 380 17
35 45 109 195 238 300 370 281
0 9 14 119 214 218 270 45
22 61 76 231 245 252 326 301
19 35 238 293 300 334 336 76
9 35 119 154 175 218 326 45
76 167 170 175 231 245 252 285
19 35 45 76 300 323 370 281
9 14 170 206 214 265 326 119
19 32 61 83 84 271 277 276
9 13 35 87 222 346 382 274
36 104 128 193 252 260 359 154
21 45 219 222 265 286 300 293
104 119 198 218 222 265 320 159
19 125 168 210 260 271 295 72
15 40 46 52 73 290 293 125
46 50 274 290 293 349 359 112
110 127 219 247 299 315 371 50
83 119 128 186 247 312 368 244
19 38 107 111 287 335 354 240
96 231 244 252 265 286 345 36
54 127 172 190 247 319 379 175
76 119 174 193 247 253 257 9
45 107 109 238 260 334 354 309
36 49 154 231 265 312 354 111
9 11 13 74 87 119 244 198
19 51 90 168 210 271 295 2
52 59 62 113 241 311 344 380
7 10 19 45 97 110 371 104
10 52 55 121 132 222 349 368
32 110 182 212 226 250 291 320
32 74 76 110 189 266 293 121
19 85 122 128 173 175 234 168
92 110 119 186 189 234 247 335
50 55 243 250 259 293 349 36
21 76 119 185 219 300 303 222
48 110 119 185 206 250 303 312
45 48 119 123 250 312 349 335
0 9 41 48 110 119 185 303
9 80 110 127 150 293 371 111
96 119 221 286 312 339 345 36
0 119 189 206 221 250 293 312
0 61 67 98 113 260 331 294
0 9 119 174 247 252 307 64
16 36 41 55 243 259 349 219
92 119 186 247 252 267 303 206
38 48 96 119 252 312 345 110
0 38 119 198 206 266 286 380
74 98 123 189 259 293 379 33
19 92 119 186 234 247 306 48
50 67 231 245 265 293 330 243
9 119 150 174 247 257 330 307
107 147 169 193 214 221 243 61
3 46 113 118 144 221 349 197
22 74 113 173 221 326 349 370
9 92 119 186 247 326 368 76
36 49 111 219 312 345 354 50
36 119 150 174 244 247 253 152
22 43 151 167 243 330 356 97
50 110 127 247 299 315 371 189
83 92 119 128 186 247 368 244
19 38 107 113 240 294 354 217
36 96 198 231 265 286 345 244
54 127 172 175 190 247 319 150
76 119 174 214 247 253 257 308
45 107 109 113 211 238 354 240
36 49 111 193 231 312 354 265
9 11 74 87 119 127 281 172
19 38 147 210 271 295 383 168
19 40 82 237 271 286 290 299
52 76 197 217 250 293 349 269
59 209 225 240 339 344 374 142
10 105 120 132 200 226 307 269
43 55 68 77 115 259 349 98
59 102 122 209 268 308 374 134
76 122 133 182 291 349 350 68
7 76 105 132 269 308 311 212
19 128 147 197 228 271 277 365
19 110 127 265 315 339 371 244
19 36 128 147 202 239 326 252
47 96 110 128 146 147 181 32
9 119 134 150 174 247 330 244
107 126 160 193 221 274 297 175
79 144 197 205 221 234 349 335
22 133 173 175 326 349 370 3
19 81 82 97 326 354 377 128
76 92 119 186 247 328 368 133
36 49 111 154 219 312 345 128
36 119 174 244 247 253 301 152
24 107 125 160 243 354 377 111
22 151 197 326 330 335 367 167
19 47 81 138 210 238 328 265
110 127 247 278 315 371 375 54
9 83 119 128 186 244 247 368
107 150 166 219 252 354 380 297
36 96 128 198 231 286 345 244
31 54 127 150 172 190 319 175
76 86 119 174 247 253 262 193
107 111 123 166 252 293 309 225
31 36 37 49 128 312 354 231
9 11 74 87 119 244 281 127
19 51 160 210 252 271 295 321
19 40 82 210 286 290 295 237
52 197 200 202 217 250 349 76
59 71 209 225 268 339 374 112
10 20 105 120 132 200 226 361
43 55 68 77 115 259 349 200
59 102 209 252 268 308 374 134
76 133 168 182 291 349 350 6
7 76 105 132 308 311 361 371
19 128 200 210 277 295 365 228
19 81 82 128 210 326 339 79
9 54 110 127 244 315 371 285
54 110 127 129 160 199 247 336
64 104 120 125 129 206 317 127
19 46 99 159 210 295 380 33
76 78 86 202 241 329 349 290
48 89 119 127 130 144 184 9
9 11 83 92 127 227 312 225
1 28 77 85 217 349 359 127
47 81 92 127 146 265 304 37
104 127 166 174 178 186 247 189
107 127 160 219 243 252 266 37
52 98 127 243 312 349 358 297
22 47 81 127 129 189 324 41
127 166 174 186 247 281 329 304
19 160 173 210 246 271 295 46
19 40 62 210 286 290 295 82
37 52 197 200 202 217 349 93
46 59 71 209 225 339 374 382
10 12 105 120 132 298 307 20
19 90 128 210 268 295 339 125
19 110 127 129 199 285 287 308
9 64 120 125 129 206 308 286
0 19 36 128 222 231 265 326
1 13 19 32 47 129 326 81
127 166 174 247 276 305 329 154
46 67 160 227 231 324 326 340
41 127 160 189 247 283 316 187
76 94 120 198 206 218 330 129
36 52 106 231 252 259 283 134
47 81 129 222 265 323 326 301
104 166 174 227 247 281 329 176
19 84 160 170 271 277 326 168
127 178 189 199 247 286 382 37
9 76 129 176 198 206 218 119
19 33 159 240 246 295 380 210
40 150 173 186 200 223 226 349
45 52 110 167 217 320 349 149
98 118 133 161 189 237 326 306
40 73 98 104 290 296 339 3
9 50 68 98 112 272 290 274
9 52 127 202 217 220 301 349
110 127 160 169 247 308 346 102
64 120 189 206 218 286 346 9
59 78 98 252 301 329 348 115
9 48 64 78 105 127 212 346
9 32 85 89 127 304 346 267
43 46 77 98 219 255 301 317
48 104 110 127 131 160 247 199
104 120 125 206 286 317 346 129
15 45 98 154 167 234 349 31
52 74 113 127 167 297 339 15
89 104 215 219 246 331 348 124
50 127 229 241 306 332 349 176
10 78 86 120 167 206 330 98
9 119 127 144 176 291 348 284
9 127 227 267 312 348 366 176
1 7 18 90 120 127 225 9
43 48 55 77 98 255 284 167
22 37 161 200 332 350 383 197
45 119 127 131 308 315 380 286
45 77 98 131 219 255 259 48
54 110 127 129 160 199 247 308
64 104 120 125 129 206 315 326
76 81 147 164 234 242 349 98
108 151 164 234 283 293 349 317
45 77 98 131 219 255 259 127
54 110 127 129 160 247 336 372
64 104 120 125 129 206 286 317
19 46 76 159 210 295 380 326
46 59 62 79 241 268 380 324
9 10 130 144 291 336 356 300
9 10 11 83 225 227 312 127
1 28 77 104 217 349 359 154
47 81 92 146 265 304 323 127
104 127 166 174 178 186 247 237
107 160 214 219 243 264 266 64
11 70 127 243 260 349 379 292
43 55 98 123 196 225 259 48
19 47 73 81 127 217 379 265
127 166 174 206 247 281 329 186
19 160 173 210 246 271 295 76
19 40 82 210 286 290 295 73
19 20 52 93 217 250 349 76
46 59 71 120 225 339 374 209
10 12 105 120 132 298 307 20
19 90 125 128 210 295 339 93
19 110 127 199 285 287 308 41
9 64 120 125 129 206 286 308
0 19 36 128 231 252 265 222
1 13 19 32 47 129 326 323
127 166 174 247 276 305 329 154
46 67 160 227 231 311 340 324
41 127 160 189 247 283 316 265
76 94 120 176 198 206 218 330
36 38 52 231 252 259 283 134
47 81 129 222 265 301 326 22
166 174 178 227 247 281 329 176
19 81 92 97 200 265 324 24
37 110 124 127 200 247 308 85
9 102 110 120 123 218 286 206
19 31 107 160 252 265 293 7
98 131 161 257 272 290 303 31
2 115 265 272 301 354 358 238
9 52 98 127 182 202 349 301
28 43 77 98 202 234 272 179
78 93 150 179 301 308 316 305
9 64 127 176 189 212 304 48
9 37 43 85 127 304 346 301
43 77 98 219 255 301 304 285
3 19 24 81 97 265 295 372
110 127 129 200 247 346 359 168
9 120 125 206 315 346 354 317
19 24 107 148 160 253 259 97
43 98 150 234 246 259 349 243
39 127 154 274 326 349 359 380
22 51 59 76 86 330 350 332
22 47 127 176 308 315 330 293
15 22 48 55 77 98 339 331
19 81 127 128 306 332 372 195
37 54 110 127 129 185 247 372
64 120 125 129 200 206 286 317
107 160 252 253 316 324 354 259
98 115 123 252 259 290 299 76
2 33 93 98 115 339 358 167
2 127 176 215 274 358 367 96
96 127 167 230 312 317 380 182
18 43 77 98 150 176 312 149
19 21 148 210 238 300 370 127
119 176 206 263 278 334 354 362
80 110 143 166 170 174 267 331
31 107 160 170 200 284 331 163
50 98 105 150 284 349 367 68
19 159 165 259 267 290 354 46
46 92 111 200 241 248 349 213
28 59 118 131 257 307 332 291
28 98 232 287 332 349 350 46
7 131 202 290 295 304 308 213
98 108 151 152 213 270 367 114
90 93 94 160 185 212 308 295
19 28 114 118 159 213 326 297
19 93 145 241 271 311 357 114
7 10 19 76 110 175 280 32
9 10 114 148 172 290 314 175
9 52 95 127 202 217 220 284
9 87 127 169 212 283 296 350
9 194 212 225 283 285 346 127
45 110 205 217 223 226 315 173
77 98 118 133 161 175 237 361
1 9 110 178 189 247 286 127
9 93 110 127 189 218 348 176
9 98 127 265 272 274 290 68
2 19 115 265 272 301 358 308
9 52 98 127 182 202 349 308
43 77 98 202 234 272 347 336
39 78 93 150 281 308 348 370
9 48 64 105 127 176 212 304
9 32 37 127 198 304 346 301
9 77 98 219 255 285 301 336
110 127 160 178 247 286 336 293
9 125 127 206 242 319 336 93
98 150 246 259 293 336 349 205
98 287 291 295 330 332 350 349
110 127 160 222 262 293 295 301
52 127 172 182 326 349 372 229
55 77 98 122 149 326 349 175
7 56 127 174 247 286 303 83
64 76 125 172 206 264 317 242
45 83 98 100 150 246 259 43
9 89 118 125 229 349 366 250
9 11 89 110 127 292 349 226
76 98 117 150 186 223 286 196
47 94 105 127 149 175 293 189
15 43 55 77 98 173 259 293
144 291 306 330 332 349 350 308
90 127 133 295 306 307 308 330
19 51 87 168 210 271 295 326
19 40 62 73 286 290 295 210
52 202 217 222 262 297 349 270
70 132 189 295 312 334 349 149
46 59 209 241 284 295 374 132
7 10 110 132 222 280 372 12
19 83 125 210 230 295 339 186
19 76 82 206 210 246 295 323
15 19 146 206 210 309 349 150
32 110 178 189 247 286 293 146
9 93 110 125 218 222 318 317
19 36 110 125 128 231 239 293
32 110 177 190 247 286 319 273
23 125 149 198 206 317 319 9
15 19 32 110 119 125 128 293
32 74 119 206 222 227 330 132
7 15 19 107 193 260 354 210
45 96 198 222 231 293 382 283
133 175 215 237 311 326 349 312
3 78 189 206 247 301 329 285
19 32 72 78 110 119 128 272
32 76 78 119 146 206 334 168
7 19 60 76 107 131 323 90
0 36 48 49 272 283 312 266
9 37 189 247 301 319 328 78
19 37 138 238 336 372 373 127
119 211 218 266 334 337 343 189
19 67 76 231 251 272 331 60
9 32 110 127 131 257 272 219
73 131 150 197 272 330 350 349
17 19 128 149 169 311 336 77
16 83 133 161 175 237 326 49
23 76 78 167 189 247 329 301
19 45 78 109 127 238 281 370
74 119 168 206 218 266 334 64
90 107 150 242 252 274 309 381
0 36 49 252 272 283 312 266
78 167 195 247 303 319 372 35
45 78 109 238 281 370 372 127
37 74 119 168 218 311 318 334
67 103 202 217 220 260 272 337
16 76 217 239 257 272 349 63
63 73 131 301 330 349 350 196
128 149 169 170 177 257 336 111
144 170 193 234 272 349 358 350
68 77 154 215 255 259 349 22
76 150 174 177 218 247 329 175
19 33 46 72 159 225 380 333
76 123 237 262 272 326 349 46
33 40 111 114 150 311 314 10
118 176 221 306 330 349 358 234
19 23 159 168 210 295 380 125
7 40 62 111 150 226 349 10
52 98 101 110 193 349 381 177
32 110 120 182 189 291 315 131
9 87 110 127 293 315 344 68
15 48 77 98 219 330 331 281
73 98 118 144 330 332 350 147
68 89 118 119 292 295 306 221
19 51 87 168 210 271 295 2
19 48 52 62 154 311 344 46
127 178 189 247 265 286 323 285
123 125 127 189 206 252 264 317
19 32 36 47 83 97 110 285
72 76 96 166 214 301 329 207
19 107 160 166 168 214 265 331
74 98 151 189 246 253 330 166
99 110 127 174 246 247 286 189
74 76 189 198 206 218 330 176
36 47 81 92 125 127 223 298
80 123 127 166 168 247 305 189
72 127 166 174 247 305 329 382
19 128 160 210 246 271 272 83
19 82 90 96 128 210 330 154
9 22 49 119 127 213 358 285
119 120 122 127 301 366 379 205
80 81 164 185 246 265 336 37
37 74 119 127 206 246 265 48
61 67 205 231 245 246 331 17
119 122 127 189 218 265 304 176
46 128 175 221 239 312 330 311
41 127 178 189 247 265 286 311
37 127 189 241 308 327 330 120
219 232 255 291 327 330 332 339
47 127 293 308 344 379 380 189
15 48 98 219 331 339 349 77
9 11 119 127 213 332 358 291
119 127 131 273 285 301 306 189
37 43 55 98 115 259 349 80
22 59 122 123 267 330 350 51
98 127 193 287 306 330 349 76
67 99 169 295 311 331 383 83
33 79 113 122 151 234 311 224
22 161 175 241 278 332 350 336
37 120 127 241 308 327 379 342
219 238 255 291 327 330 332 335
45 127 175 227 293 379 380 147
15 34 48 127 289 331 349 219
9 119 127 144 291 306 332 11
70 119 127 131 263 306 379 250
38 43 55 115 122 259 303 101
22 23 59 228 238 283 350 267
73 76 127 193 287 306 330 45
19 46 99 168 210 295 380 83
15 48 62 240 241 349 380 46
2 19 148 238 306 332 349 323
28 114 234 246 306 326 349 232
45 109 123 242 331 344 382 309
41 45 127 167 175 211 222 293
15 48 98 219 264 331 349 289
41 86 89 119 127 205 336 120
19 21 76 83 270 300 309 189
3 37 76 83 119 127 206 48
51 74 151 205 215 307 330 86
55 76 77 173 226 326 349 175
59 78 140 189 334 339 355 120
20 32 110 127 140 160 250 222
19 59 81 128 172 211 324 158
110 178 238 247 270 286 308 189
46 67 125 160 172 243 266 354
112 151 173 197 234 240 311 224
36 52 76 110 113 173 349 131
68 78 120 189 196 301 365 31
32 105 110 173 301 324 330 104
113 219 255 330 335 355 375 20
20 86 113 218 239 267 330 175
12 20 32 105 110 179 330 355
19 28 128 168 173 234 295 72
59 74 209 241 265 339 374 246
11 31 105 110 182 291 304 172
9 45 68 87 110 293 335 315
15 48 77 98 219 331 349 339
9 119 127 176 213 262 358 120
110 119 131 250 263 301 306 285
19 20 41 81 128 164 242 146
110 119 177 178 189 247 286 308
19 20 32 110 119 125 128 380
20 32 37 110 119 128 166 76
20 111 119 189 218 323 334 188
19 107 166 219 297 323 379 132
19 107 160 169 221 326 328 37
86 115 151 221 223 326 330 356
59 74 91 209 221 286 356 242
49 105 110 111 182 291 301 31
9 45 68 127 227 293 317 12
15 77 98 219 255 259 331 289
19 128 168 173 234 295 349 72
46 59 74 185 209 241 265 326
9 32 105 110 182 291 304 172
9 45 68 87 110 127 293 317
15 48 77 98 219 331 349 339
9 45 119 127 213 262 358 3
110 119 131 250 263 301 306 285
8 76 81 164 242 265 303 316
9 110 119 134 164 206 334 37
37 67 114 134 189 231 245 297
119 127 134 188 218 246 330 304
19 76 170 210 238 323 336 37
9 119 127 134 218 326 330 37
17 45 113 134 170 245 370 297
19 107 168 170 221 304 345 122
98 134 151 185 221 253 330 115
59 74 209 221 242 252 286 12
3 32 105 110 182 291 379 301
9 45 68 127 227 293 317 110
3 77 98 219 255 259 331 15
9 119 127 144 291 306 332 304
70 119 127 131 227 263 306 317
41 81 109 140 164 238 303 8
70 110 114 119 188 206 334 39
90 109 134 231 245 252 268 238
119 134 154 218 268 304 306 114
19 45 109 238 252 268 370 297
9 14 119 174 211 218 306 380
76 168 170 175 304 306 345 96
19 90 159 210 295 308 380 326
46 123 237 290 311 349 377 202
40 73 150 186 215 222 290 356
9 119 134 222 225 247 346 289
3 22 46 243 246 326 339 35
9 94 228 285 323 326 349 281
99 112 238 307 323 331 348 148
37 50 56 133 176 177 214 355
9 35 119 134 247 297 307 311
9 127 144 168 291 330 379 85
1 9 127 175 227 228 285 298
19 79 99 168 210 271 295 125
59 62 70 79 241 311 344 380
7 10 19 97 104 110 371 244
48 52 125 202 297 349 358 200
110 121 146 200 230 297 349 180
48 55 77 110 167 312 349 149
22 52 86 112 176 296 332 64
3 46 168 274 291 330 344 22
9 127 234 267 291 297 312 119
9 110 119 127 230 267 301 266
74 76 92 119 186 234 247 168
48 76 219 222 243 255 259 349
9 76 119 127 198 212 368 253
9 76 127 175 215 286 303 110
48 77 219 227 255 259 293 173
9 65 127 187 227 229 289 228
9 76 83 119 225 247 328 230
19 72 76 128 234 293 349 111
0 48 76 110 154 230 259 340
61 76 119 186 189 214 247 368
15 76 149 238 259 293 339 36
13 32 76 113 241 293 306 320
28 86 119 134 247 380 383 189
0 45 76 96 119 231 345 261
3 119 121 176 218 290 310 326
49 67 144 231 245 331 339 377
9 76 119 174 219 247 285 313
23 36 113 189 198 238 301 110
3 119 176 198 218 283 293 121
19 52 84 210 284 295 321 200
52 59 62 241 311 312 344 17
7 10 12 110 222 244 280 334
10 105 130 226 250 280 353 132
10 19 85 97 128 222 372 132
19 32 110 250 280 311 364 97
9 49 105 250 280 290 380 110
9 11 110 120 212 213 265 173
9 13 110 111 214 285 371 11
83 110 128 180 198 250 293 288
13 32 76 110 180 250 293 176
110 175 244 250 308 355 375 281
37 46 67 110 123 176 231 193
9 110 119 134 175 178 247 150
76 110 113 198 238 290 293 25
7 32 110 180 326 373 375 243
35 93 106 110 231 252 336 167
9 110 119 247 285 346 380 336
45 109 110 113 128 238 293 336
3 16 110 180 243 313 375 187
32 107 110 221 260 336 355 8
36 74 110 140 221 222 293 52
3 7 110 140 146 288 375 20
19 76 84 110 132 210 271 25
15 19 132 150 186 311 349 142
52 98 124 150 226 349 368 74
20 32 41 95 110 175 222 215
3 119 176 218 290 310 332 121
67 144 231 245 268 331 339 49
9 76 119 174 247 285 313 219
23 36 110 113 189 238 301 274
3 119 176 198 218 283 293 121
19 52 200 210 271 295 321 284
46 52 59 62 241 311 312 17
7 10 12 110 222 280 334 244
10 105 132 226 250 280 353 130
10 19 85 97 128 222 372 132
19 32 97 110 250 280 364 7
9 49 85 105 250 280 380 290
9 11 110 120 212 265 293 173
9 110 111 213 214 285 371 13
25 83 110 128 198 250 293 180
13 32 76 110 176 180 250 293
110 175 244 281 308 355 375 215
37 46 67 123 176 214 231 168
9 110 119 134 150 178 247 175
76 110 113 198 290 293 339 308
7 32 110 180 198 243 375 168
35 93 110 231 252 260 290 222
9 119 176 247 285 346 380 336
45 109 110 113 128 238 293 260
3 16 32 110 180 313 375 243
32 93 107 110 221 260 355 226
36 74 110 140 221 222 293 364
3 7 63 110 140 288 375 281
19 25 76 84 110 210 271 132
19 40 132 150 186 311 349 15
52 74 98 124 150 226 349 368
64 78 172 175 200 264 303 226
9 11 76 105 110 131 274 301
19 52 84 210 246 295 321 290
52 59 62 113 241 246 344 79
7 10 19 104 110 189 371 12
52 121 132 246 298 305 349 286
32 41 95 110 175 215 293 222
31 32 55 98 110 293 349 7
11 32 110 141 293 303 346 75
76 81 98 164 173 293 336 314
89 154 176 234 237 239 349 177
98 200 234 290 349 358 359 293
20 32 110 182 236 293 304 349
19 46 76 79 159 200 221 339
40 73 142 150 221 314 370 98
50 98 149 222 267 349 358 150
52 76 110 217 292 314 349 113
18 59 167 172 209 339 374 314
9 105 190 206 267 296 350 314
9 86 119 247 293 327 379 291
9 105 127 179 243 301 379 293
19 98 128 169 234 293 295 168
9 52 76 110 127 189 327 172
0 18 19 36 70 110 128 293
11 13 32 76 95 110 325 293
32 54 76 110 189 247 329 64
11 32 47 76 78 110 128 126
9 25 119 222 227 247 252 111
19 76 146 159 189 267 299 25
46 52 98 123 237 246 349 3
11 18 110 247 274 304 354 131
36 52 68 110 128 189 320 125
19 76 138 210 238 240 336 99
7 110 180 243 326 375 380 32
35 93 110 167 231 252 281 339
9 93 119 247 285 336 380 110
109 110 113 226 238 260 293 128
3 32 110 180 243 293 375 16
32 107 110 221 226 260 355 132
36 74 110 140 221 264 364 293
3 7 32 110 140 146 375 74
19 76 84 128 210 271 357 110
19 110 226 250 264 364 371 90
19 110 128 181 226 250 364 335
9 70 110 264 315 339 371 189
7 110 184 239 250 293 375 286
86 98 123 219 239 255 315 131
9 110 239 250 286 293 375 269
67 98 184 226 239 331 349 106
9 110 119 247 267 328 380 244
7 49 110 239 243 293 315 375
106 151 226 239 245 274 331 49
9 93 119 174 247 267 336 346
7 49 110 239 243 293 375 151
19 118 142 184 210 271 295 293
87 105 110 132 184 226 274 349
19 85 128 169 200 274 364 337
52 62 131 146 249 364 379 175
9 11 49 105 112 198 317 346
9 11 49 80 105 120 127 173
77 98 112 131 219 255 293 9
51 78 134 185 186 285 296 293
9 78 105 176 177 212 368 45
9 13 127 219 250 285 346 95
9 77 98 219 222 227 255 285
7 32 110 180 243 326 375 168
35 93 110 231 245 252 290 297
9 110 119 247 285 313 380 93
45 109 110 113 226 238 293 336
3 32 110 180 243 293 375 16
32 107 110 221 226 260 355 266
36 83 110 140 221 264 293 74
3 7 110 140 146 368 375 74
19 76 84 97 128 210 271 357
19 90 110 226 250 364 371 105
19 110 128 226 250 335 364 181
9 13 110 264 315 339 371 70
7 110 184 239 250 286 293 32
98 123 131 219 239 255 315 86
9 110 250 269 286 293 375 239
67 93 98 106 184 239 331 226
9 110 119 247 315 328 380 336
7 49 110 239 243 293 315 296
106 151 184 226 239 245 331 274
9 93 119 174 247 267 336 269
7 49 110 239 243 293 375 151
19 118 142 184 210 271 295 293
52 59 132 142 184 241 311 324
7 10 104 110 184 264 371 211
10 19 85 128 210 222 233 252
19 110 177 274 294 320 327 11
9 93 110 256 269 293 326 11
7 19 36 110 128 177 293 231
11 20 32 110 250 317 325 45
9 54 110 111 127 189 371 327
7 32 47 76 110 128 293 13
9 25 119 247 267 269 326 110
9 32 110 119 178 247 267 167
32 36 93 110 128 189 231 276
9 32 110 128 177 232 243 185
9 32 110 127 319 371 380 150
9 32 96 110 119 128 177 76
9 32 45 119 176 206 266 96
22 69 107 177 271 279 340 214
32 96 110 146 189 231 326 2
9 110 124 127 172 200 319 32
32 96 110 128 154 177 267 119
119 206 227 283 307 326 379 257
32 47 76 110 128 250 312 146
19 32 41 107 146 160 271 128
98 123 221 234 243 326 349 211
11 52 74 98 202 251 349 20
78 98 173 196 242 308 355 172
78 98 173 291 332 350 382 230
0 32 110 177 250 293 339 176
19 41 81 128 200 308 339 168
9 110 167 247 267 337 382 104
19 93 107 160 252 368 382 253
93 98 151 223 303 334 349 243
28 34 98 123 237 349 358 76
0 76 101 110 230 301 349 250
19 24 81 161 185 269 324 0
9 110 111 127 133 189 319 339
32 36 110 128 231 252 293 76
9 110 247 267 319 326 337 334
9 32 76 110 128 346 368 93
18 87 107 160 167 227 326 38
76 98 123 234 326 349 350 221
12 33 34 52 98 202 349 223
32 67 76 88 231 240 245 293
19 99 121 138 200 210 336 295
9 34 45 119 154 218 240 175
17 35 45 76 109 231 245 134
45 109 124 238 278 300 370 195
14 35 45 119 214 218 326 176
35 76 170 214 231 252 326 358
35 210 214 219 252 300 336 111
9 14 170 206 214 265 326 175
76 123 149 170 231 245 285 35
35 210 214 219 300 336 370 17
9 14 119 170 218 222 313 207
32 107 110 166 271 340 380 244
19 52 160 200 210 271 295 228
40 62 97 140 274 286 290 73
37 52 76 202 217 222 349 266
37 70 132 189 295 312 349 149
59 71 132 209 268 295 374 43
7 52 110 211 261 280 339 0
19 125 128 210 268 295 339 217
19 31 76 82 206 210 295 124
15 19 59 206 210 301 309 48
19 121 131 171 294 300 306 326
19 81 82 128 193 211 260 293
32 97 110 166 168 280 340 211
9 49 105 144 223 274 280 315
9 17 48 92 105 127 173 133
9 104 125 173 238 283 336 148
9 11 70 127 173 229 285 250
11 13 50 110 111 127 371 9
32 110 128 175 271 288 339 83
13 32 76 95 110 180 326 379
19 46 52 72 210 246 295 87
19 62 140 206 210 267 349 339
67 104 118 200 246 267 331 175
52 76 142 210 295 342 349 293
52 59 83 146 209 241 374 134
7 12 97 110 132 280 334 293
19 128 132 169 210 264 286 280
15 40 91 95 150 311 364 349
55 124 175 226 297 349 364 244
0 59 76 78 240 339 348 189
32 61 110 176 177 250 327 158
0 43 86 98 219 255 330 339
9 32 110 239 250 339 375 293
9 11 110 127 131 299 371 339
19 22 159 168 226 242 252 240
15 40 76 125 150 186 226 142
52 98 124 226 274 349 359 269
19 123 125 149 200 265 336 93
9 12 52 98 110 142 176 197
39 59 209 240 265 293 374 383
9 11 49 105 172 281 288 176
9 105 127 161 241 244 327 348
35 51 219 252 255 293 301 330
9 11 48 92 119 127 368 17
9 11 70 92 127 250 301 264
1 77 182 227 274 290 349 76
3 77 104 123 255 301 334 326
11 52 127 176 202 220 349 286
59 72 76 185 209 350 374 240
7 10 11 13 75 110 215 375
9 11 98 182 200 315 317 197
15 43 55 77 98 182 259 9
84 105 161 238 241 244 327 323
77 161 173 219 255 293 301 330
9 11 17 48 92 127 176 368
9 11 70 92 127 250 264 301
1 9 77 98 182 274 349 112
77 104 123 215 255 326 333 98
9 11 110 127 175 214 250 304
59 104 196 209 253 265 374 360
7 9 13 75 110 250 265 173
9 15 43 55 77 98 259 326
9 173 176 212 291 306 332 64
9 189 232 257 291 301 306 13
9 49 232 257 291 306 312 189
1 9 13 211 230 306 346 176
19 46 128 159 161 210 264 383
40 46 161 210 286 290 349 113
42 52 197 217 349 361 371 37
19 52 200 210 217 295 372 271
8 19 52 59 61 241 344 113
7 10 12 19 104 189 371 222
10 19 75 85 128 210 222 339
19 32 82 110 250 271 280 180
9 49 105 144 182 274 280 305
9 17 48 92 127 173 268 274
9 70 104 125 148 173 238 336
9 11 70 127 229 285 383 250
9 13 50 110 111 127 371 121
83 110 128 250 293 336 339 145
13 32 76 110 180 250 364 293
31 110 175 215 308 355 375 281
107 110 221 223 271 336 364 274
36 74 110 132 221 271 364 46
56 114 218 225 252 337 364 37
128 227 309 339 364 365 380 326
19 52 81 82 128 202 364 223
9 110 119 178 247 339 380 293
32 36 110 166 231 239 293 128
9 11 13 32 110 177 326 131
9 110 111 127 214 293 371 381
8 46 107 111 125 160 334 188
20 52 76 110 221 339 349 242
59 209 278 285 293 334 374 184
9 11 32 105 110 119 327 339
77 98 219 246 255 334 339 215
35 76 185 209 293 334 374 3
7 32 76 110 293 327 339 355
19 98 159 173 240 294 295 168
15 48 62 239 241 311 349 79
10 28 264 306 349 350 383 298
28 168 197 306 330 349 368 298
67 177 222 326 331 334 383 22
81 92 128 211 265 311 324 6
9 10 110 119 247 293 334 328
32 36 110 166 189 231 293 239
19 21 45 99 110 210 300 250
9 45 119 175 218 326 330 176
19 56 160 210 277 295 362 311
19 41 56 82 138 222 364 105
11 45 109 260 278 281 370 210
56 189 218 252 274 324 364 337
85 128 227 257 309 364 380 22
52 81 82 202 217 311 364 128
9 11 110 119 174 178 247 62
32 36 93 110 149 231 293 166
52 76 142 210 293 342 349 295
52 59 146 209 246 301 374 83
7 12 97 110 132 280 334 293
19 118 128 156 210 295 339 268
19 82 97 168 280 299 346 311
9 49 105 144 223 274 280 182
9 17 48 92 127 268 274 105
9 70 104 125 148 173 238 336
9 11 70 127 229 250 285 289
9 11 13 110 111 127 371 50
83 110 128 250 288 293 336 198
13 32 76 110 180 250 373 364
110 175 215 244 308 355 375 281
107 110 221 223 271 274 364 48
36 46 74 110 132 221 364 271
3 7 20 110 146 288 375 132
19 76 93 110 132 264 271 357
35 72 115 224 252 260 271 214
3 110 168 280 351 353 364 250
39 83 110 178 259 280 334 7
0 9 110 119 178 234 328 207
4 110 125 217 271 288 297 140
24 74 214 252 296 337 383 0
48 110 154 255 288 340 351 173
25 76 110 119 214 247 351 189
15 110 140 238 250 309 336 61
13 32 180 198 241 276 306 301
22 109 164 200 281 300 309 336
8 119 123 206 288 336 358 297
119 134 193 231 245 264 343 123
0 8 13 110 119 180 198 273
9 110 178 247 259 308 319 119
9 11 32 49 105 110 280 250
9 11 32 110 127 327 380 189
9 15 48 154 219 284 349 350
9 76 104 127 265 293 299 176
9 38 127 154 283 285 371 257
55 74 175 205 226 303 349 297
76 78 120 140 189 265 348 93
32 61 78 110 250 293 327 177
43 86 98 219 255 330 339 20
9 110 239 250 293 339 375 32
9 110 127 189 299 339 371 131
19 159 210 226 228 240 252 339
40 76 150 173 186 226 349 46
52 74 124 150 167 226 349 55
13 20 32 41 95 110 175 368
32 55 98 110 259 293 349 250
13 32 110 141 250 293 303 371
42 98 123 173 226 259 339 314
45 52 110 217 250 314 327 189
9 127 225 250 293 301 339 292
9 77 98 219 242 255 264 293
22 59 98 142 330 332 350 177
9 72 127 293 295 308 327 38
19 99 159 210 246 252 295 151
62 93 104 123 237 344 349 52
40 73 98 150 186 230 356 215
48 52 110 125 266 297 349 354
7 110 293 297 299 304 349 250
48 55 77 98 264 312 349 137
59 102 186 209 293 303 374 256
9 11 32 75 110 131 250 48
9 77 98 189 219 255 257 336
45 52 98 110 226 314 349 167
9 49 105 110 119 137 293 317
36 110 128 146 231 293 345 243
32 49 105 110 250 293 304 11
9 74 110 178 247 297 319 286
0 25 32 110 250 293 368 72
19 32 67 122 146 221 310 200
12 59 79 98 200 221 241 52
9 10 49 105 110 250 292 161
9 74 80 120 127 173 301 119
77 98 143 219 242 255 288 9
22 175 200 293 332 333 350 267
9 84 127 152 257 308 327 45
19 159 168 170 200 210 295 321
62 95 110 119 178 247 336 293
19 36 62 110 128 132 231 293
9 11 13 38 42 131 177 0
9 110 111 127 200 293 371 38
19 111 159 222 299 339 382 62
0 46 93 123 237 311 349 104
0 133 161 200 215 237 311 222
9 11 49 110 119 137 247 76
0 36 49 95 177 272 345 45
35 49 119 146 247 262 328 79
74 76 96 189 231 272 345 177
9 25 49 96 119 137 247 22
19 110 128 146 200 272 293 102
0 36 52 76 110 272 298 349
19 21 32 120 215 300 370 110
0 68 189 218 330 354 370 16
168 189 255 283 301 339 345 49
9 25 49 110 119 137 247 11
32 75 110 141 250 303 346 293
98 123 173 226 259 314 339 20
52 110 189 217 250 293 314 45
9 88 225 250 292 301 339 293
77 98 219 242 255 264 293 164
22 59 98 142 314 330 350 369
9 84 127 293 295 308 327 85
19 79 99 159 210 246 295 46
28 46 93 123 237 349 370 173
40 73 98 150 186 215 314 142
52 98 110 202 250 314 349 15
78 109 172 303 355 365 370 242
49 78 105 110 250 293 355 32
59 96 131 212 250 286 293 265
9 13 110 167 285 317 379 348
43 98 140 150 259 276 349 48
32 110 176 250 348 349 368 276
9 49 96 119 120 276 344 298
9 11 74 119 127 189 327 251
48 55 77 98 123 176 349 229
78 93 176 185 266 276 308 365
76 78 110 127 303 346 348 101
43 81 98 151 164 234 253 111
98 133 164 234 237 293 349 154
32 35 110 293 310 348 366 296
32 40 265 286 293 298 348 336
11 32 101 110 167 346 348 10
13 32 104 110 170 304 346 176
98 115 145 167 214 223 243 339
59 78 141 167 211 265 368 348
32 49 105 145 304 348 355 110
19 96 99 138 140 238 336 240
32 76 95 110 177 250 293 325
20 32 104 110 250 293 375 9
19 31 107 131 287 326 375 293
20 92 110 221 226 243 250 7
19 87 159 210 295 321 382 97
31 37 59 62 79 241 246 35
7 10 12 104 110 339 371 37
10 19 84 128 210 222 339 271
19 32 82 110 250 271 280 311
9 45 49 105 111 154 280 177
9 11 127 173 176 311 327 18
9 15 48 154 219 284 349 312
9 76 104 127 184 266 293 50
9 38 127 154 285 336 371 207
9 13 110 111 121 127 371 50
83 110 128 175 198 250 336 33
13 32 76 110 180 250 379 336
13 110 175 215 308 355 375 177
7 107 110 221 263 271 336 48
36 46 74 76 83 110 221 264
3 7 20 110 146 288 375 368
19 93 110 132 264 271 355 336
45 72 78 115 214 252 271 357
3 25 105 110 274 343 351 311
0 36 39 110 222 231 311 255
9 32 43 110 119 178 247 319
0 16 32 36 110 231 250 243
0 8 9 11 13 119 180 176
9 110 127 214 315 319 371 80
35 102 125 260 271 277 326 32
16 191 199 214 244 275 365 248
0 9 92 110 119 186 247 74
36 52 72 128 217 231 242 252
20 32 95 110 293 325 346 288
9 54 110 127 189 315 371 247
19 69 79 159 221 299 380 76
0 46 48 52 154 344 349 173
121 127 172 247 339 346 371 293
0 36 128 231 252 293 339 345
1 8 81 110 128 185 293 189
9 74 206 214 240 311 336 176
67 76 231 240 313 331 343 245
19 76 99 138 210 240 336 265
9 119 175 190 206 240 294 45
35 45 109 231 238 245 370 17
45 109 195 238 300 309 370 293
0 9 119 218 293 313 370 45
3 19 67 120 169 272 331 79
9 119 178 247 260 312 337 48
0 36 52 189 217 231 293 175
41 47 88 128 177 189 293 120
35 168 177 189 206 311 351 214
32 36 110 128 177 293 351 250
21 76 144 219 300 326 351 293
0 119 218 313 326 330 351 76
67 106 231 245 324 331 351 76
19 210 252 293 300 336 351 339
0 14 119 190 218 313 351 175
2 36 128 136 293 326 351 106
45 109 150 238 281 300 370 334
119 206 259 265 293 326 364 315
19 61 87 144 159 299 380 34
46 76 123 237 272 290 349 104
9 95 137 174 184 247 293 172
20 95 98 151 293 339 355 85
8 9 13 20 32 110 141 250
20 32 55 98 130 142 349 293
20 32 141 189 211 217 303 52
20 85 98 132 142 151 339 226
20 32 110 141 250 315 346 217
19 20 52 142 200 210 295 61
52 59 61 62 241 311 344 142
7 10 20 110 250 280 293 226
10 19 105 118 128 210 233 104
19 32 82 110 250 280 311 104
9 45 49 105 154 198 280 317
9 127 173 176 311 327 368 213
9 15 48 154 219 284 349 312
9 50 76 104 127 293 299 184
9 38 127 154 285 336 371 207
9 50 110 111 127 194 371 175
32 83 110 175 198 250 293 336
13 20 32 76 110 250 364 325
0 32 110 175 244 355 375 308
46 107 110 221 263 271 364 7
36 74 110 132 175 221 364 83
3 7 20 110 146 288 375 8
19 76 84 93 110 264 271 32
45 115 200 214 244 252 271 110
9 73 110 269 329 334 351 20
20 32 36 72 110 231 243 189
20 29 32 110 243 267 325 250
54 110 127 189 315 319 371 9
32 111 125 267 271 351 383 277
117 173 191 214 241 244 337 311
0 9 110 119 174 178 247 311
8 16 45 136 206 214 323 140
17 45 109 231 238 245 381 76
2 119 154 189 218 268 383 198
19 22 107 147 261 310 340 193
19 76 81 90 164 210 336 147
32 48 110 164 250 293 339 193
9 98 131 164 219 255 330 23
9 21 127 131 171 296 330 300
9 86 119 127 218 330 339 296
9 98 127 144 291 330 381 193
9 120 127 252 330 355 373 176
19 22 67 200 210 221 267 336
9 119 127 178 198 221 247 339
19 36 76 132 189 274 301 110
76 119 189 198 206 293 304 36
19 97 210 222 284 295 326 118
40 52 73 140 241 274 290 125
46 50 274 290 311 349 359 140
102 111 123 238 242 290 334 339
52 166 202 217 244 280 339 122
59 72 209 246 268 339 374 35
105 112 118 146 269 281 350 176
19 173 207 210 246 295 321 183
19 62 140 210 257 267 349 34
67 104 206 244 246 267 331 308
52 142 210 293 295 342 349 76
52 59 71 134 146 209 374 301
7 12 110 132 146 244 280 134
19 118 128 132 142 169 210 244
15 40 91 95 150 186 311 364
52 98 172 217 314 349 381 364
9 127 242 244 327 330 346 283
17 45 231 238 245 268 310 381
2 119 154 189 218 268 383 370
67 123 147 166 167 220 231 90
45 47 76 81 113 219 321 310
45 121 206 214 323 355 382 136
17 45 109 231 238 245 281 310
2 119 189 218 268 346 383 154
22 74 107 177 198 222 340 76
19 81 110 147 164 336 340 90
32 48 110 164 193 293 339 252
23 98 164 219 255 330 339 349
9 21 171 296 300 330 339 127
9 86 119 127 218 330 339 296
9 127 144 291 330 379 381 302
9 120 127 131 293 330 373 252
19 107 120 210 221 326 331 169
74 98 151 221 293 326 330 114
9 119 127 198 221 247 382 293
36 76 128 132 231 274 296 243
19 76 138 210 293 336 355 97
119 161 206 211 219 293 297 283
19 52 142 210 284 295 321 97
52 59 62 241 311 312 344 0
7 10 110 111 244 280 334 104
52 98 132 211 246 264 349 368
64 78 172 244 264 268 303 200
32 64 110 144 222 250 280 78
32 104 110 164 168 227 375 293
19 31 38 107 226 326 375 7
43 64 98 123 221 226 259 131
52 118 154 172 217 244 376 0
9 90 105 127 327 361 368 373
19 76 210 219 293 300 336 110
2 37 119 218 222 293 373 76
19 52 97 210 271 295 321 84
52 59 62 113 241 311 312 15
7 10 12 110 222 280 293 244
10 105 132 226 250 280 353 130
10 19 97 128 132 222 265 85
19 32 97 110 250 280 364 7
9 49 105 111 154 198 280 237
9 90 127 213 224 371 383 97
9 13 110 121 127 214 371 111
32 83 110 128 250 293 336 198
13 32 76 110 180 373 379 37
110 175 244 281 308 355 375 150
37 67 168 176 214 223 231 35
9 119 176 178 247 285 383 346
25 110 113 260 265 293 308 297
32 110 146 180 243 293 375 16
107 110 221 223 336 339 355 32
36 52 74 110 140 221 364 76
3 7 63 110 140 288 375 146
19 76 84 97 110 210 271 25
19 52 59 97 113 241 311 265
7 10 45 75 110 364 371 12
10 19 128 210 222 233 252 271
0 10 19 82 122 244 271 210
9 58 110 161 250 286 293 269
32 36 110 122 230 231 293 242
1 32 110 180 241 244 325 260
32 110 146 186 271 277 293 260
173 177 214 244 252 260 271 200
22 32 61 110 154 250 340 74
9 64 104 110 247 252 286 186
19 22 159 168 243 252 380 15
15 40 150 173 186 215 293 334
74 110 125 150 297 349 354 64
110 226 230 293 297 320 349 64
48 55 77 110 167 312 349 226
9 110 127 189 247 299 339 13
9 32 110 182 250 326 349 243
81 98 131 164 234 293 336 189
19 64 110 119 168 186 234 48
16 98 150 168 234 326 349 306
0 168 234 331 344 356 380 265
55 98 253 259 304 349 366 222
105 119 133 267 303 349 350 9
9 89 105 120 131 293 303 242
74 98 123 252 253 259 339 348
9 105 119 206 267 303 350 292
19 46 159 210 221 246 295 321
48 52 154 173 259 311 349 344
22 59 86 110 173 189 306 301
9 45 119 127 221 266 295 110
9 35 119 174 247 296 297 266
76 81 164 234 243 259 265 293
119 164 234 297 304 312 349 266
55 77 88 166 306 307 349 119
19 21 127 138 210 265 336 83
83 119 127 206 265 303 328 252
46 107 169 205 221 272 331 62
83 98 151 221 239 259 326 185
9 105 119 127 131 221 296 12
80 119 127 174 247 252 301 334
15 48 55 98 205 259 293 76
60 67 98 113 169 331 334 252
9 52 61 173 176 250 349 257
9 189 227 257 301 307 382 293
9 34 43 55 98 123 289 173
76 78 93 173 217 289 293 332
9 32 110 176 241 327 375 64
19 76 81 128 222 336 377 234
9 76 110 146 178 247 286 336
76 107 125 160 243 252 253 74
76 133 154 222 237 243 312 339
40 73 76 98 150 330 366 9
50 58 73 98 115 223 330 74
2 9 36 49 98 272 349 229
36 77 173 272 312 323 349 11
108 146 151 232 240 262 303 60
9 34 36 49 113 232 270 344
36 113 123 126 149 238 365 148
41 74 76 81 128 185 324 336
9 119 174 247 270 293 346 38
19 46 159 160 295 324 380 168
40 62 150 303 314 349 380 15
11 154 167 226 297 314 349 98
98 133 154 167 227 328 349 366
59 72 209 273 303 356 374 334
9 10 32 110 241 291 303 0
24 81 129 165 172 222 377 167
9 119 247 281 286 308 326 177
42 107 126 160 243 316 324 252
33 98 101 229 243 349 382 227
50 98 144 230 303 307 349 127
38 41 81 128 167 308 379 301
9 86 119 244 247 293 382 308
19 97 128 207 252 265 364 210
13 50 110 127 315 339 371 299
19 36 97 128 184 239 364 67
1 47 80 81 110 128 185 234
9 35 119 176 214 218 305 175
67 76 176 214 231 297 331 219
7 19 25 210 309 336 371 300
9 14 119 175 200 218 297 52
17 76 123 193 231 260 297 268
35 45 109 210 300 336 370 238
14 35 45 119 175 218 326 293
15 35 76 214 231 252 260 326
35 76 210 252 293 300 336 265
14 214 218 265 326 370 383 175
17 35 220 231 252 268 297 15
35 210 219 300 323 336 370 268
9 14 175 206 214 285 326 93
50 61 67 228 326 359 380 370
9 119 190 247 312 328 380 346
36 113 184 222 231 293 326 260
19 76 210 293 300 336 339 364
37 119 176 218 222 293 373 9
19 125 142 210 271 272 295 52
15 40 52 73 184 260 290 48
46 50 189 274 290 311 359 122
111 123 149 184 265 290 334 0
52 110 202 265 269 349 364 226
59 97 186 209 308 339 374 350
7 75 76 97 110 184 336 301
7 97 105 108 121 130 297 83
97 98 120 140 150 238 309 303
37 71 86 97 98 269 306 175
32 110 176 177 250 327 375 158
86 98 172 219 240 255 330 339
9 110 239 250 308 339 375 293
9 110 127 247 299 339 371 375
72 83 98 151 205 244 293 76
34 59 78 226 239 240 270 293
110 170 176 222 239 250 375 301
9 13 119 247 328 336 346 158
19 76 83 159 168 210 321 295
15 40 150 186 226 242 260 223
52 110 149 250 267 349 382 175
9 76 110 122 239 250 381 167
36 61 110 122 128 189 231 250
8 32 81 110 128 185 293 252
176 206 252 260 288 368 380 168
7 32 69 107 110 177 293 337
32 95 110 169 221 250 345 177
81 119 133 168 242 308 345 291
9 119 134 219 247 303 328 368
96 119 133 189 231 239 345 175
19 76 106 138 210 265 336 97
74 119 133 176 206 293 356 85
19 87 159 189 299 380 382 74
46 62 118 146 234 349 368 76
9 110 122 239 247 269 293 186
83 115 122 189 223 264 377 185
78 189 202 222 264 288 368 377
32 110 177 250 293 304 327 12
34 86 219 255 330 331 377 0
9 110 167 175 229 250 377 379
9 119 230 247 328 346 379 177
2 76 96 119 205 257 345 328
41 81 119 128 134 296 328 48
9 76 110 119 166 186 247 83
24 107 111 160 211 243 274 50
76 98 151 243 259 326 365 46
9 119 127 215 217 269 326 196
18 41 47 81 222 265 328 24
9 110 119 127 247 308 379 289
19 46 210 271 277 354 364 56
19 41 56 82 83 138 364 23
9 35 45 109 127 150 210 281
56 217 218 274 324 337 364 114
46 227 293 309 339 364 380 128
0 48 52 154 202 217 259 76
22 52 59 86 189 222 314 266
9 81 127 128 265 295 308 167
9 95 119 127 247 308 327 110
67 123 160 260 294 331 339 290
35 52 112 217 260 334 349 331
16 113 116 133 161 237 326 175
98 150 186 307 334 339 368 15
50 98 149 150 189 223 227 58
9 11 55 98 219 330 349 127
9 21 127 265 266 300 348 303
0 9 119 127 185 206 266 265
34 98 123 151 239 270 289 312
9 22 119 247 303 328 346 368
79 81 98 113 164 234 243 15
15 48 49 164 234 259 349 293
11 234 273 306 342 348 349 65
19 159 221 234 295 306 324 118
0 83 133 173 237 311 344 239
46 98 118 232 272 306 349 10
31 68 150 176 241 297 349 242
14 122 149 150 219 339 349 238
9 11 127 131 154 176 349 379
78 86 167 176 196 308 339 350
9 127 131 176 212 291 368 189
7 9 11 110 127 128 164 212
9 77 219 222 227 255 339 43
1 9 127 222 227 289 336 197
19 99 138 148 210 284 336 240
9 119 127 187 218 330 348 176
108 142 151 205 270 339 379 187
19 108 111 210 252 336 339 300
9 119 176 187 218 330 339 334
22 46 88 102 176 326 339 355
9 94 223 326 349 370 382 112
9 22 60 179 230 307 332 303
9 36 49 127 131 222 291 88
9 80 105 131 263 339 370 293
19 46 99 210 295 321 380 228
62 113 133 237 311 344 349 6
40 150 186 197 223 272 286 76
85 111 176 232 272 274 359 276
0 6 67 131 239 272 331 141
40 111 150 186 314 334 341 339
36 52 110 149 280 329 349 370
49 76 96 118 128 177 345 312
31 96 121 149 177 206 239 250
19 46 168 210 252 271 295 90
19 40 62 210 286 290 295 293
52 197 202 217 250 293 349 76
46 59 71 225 230 339 374 193
7 12 105 227 230 339 371 211
110 128 226 239 271 272 375 132
19 210 252 265 299 334 382 284
61 62 122 140 182 344 349 214
50 110 127 299 339 346 371 189
19 36 48 128 239 244 252 339
13 47 80 81 110 128 293 185
9 119 176 214 218 305 311 244
61 67 76 219 231 245 331 176
19 138 210 293 309 334 336 25
9 119 154 176 218 274 326 256
76 193 231 252 260 351 381 245
35 45 109 210 238 300 370 252
9 14 93 119 190 218 326 175
76 123 170 220 231 252 260 326
19 35 210 238 293 300 336 334
9 14 93 119 170 218 326 383
123 170 231 245 252 326 331 297
35 210 219 252 293 300 370 323
14 93 119 190 218 326 383 9
76 170 231 252 313 326 331 35
35 45 219 268 300 323 370 252
9 14 119 154 175 218 326 214
35 106 170 231 245 326 379 331
35 104 214 219 238 300 370 252
14 214 218 265 326 370 383 184
35 123 219 224 231 245 326 106
17 35 193 219 268 300 370 104
14 35 175 218 224 315 326 222
2 17 35 123 231 252 297 358
35 45 109 268 281 300 370 193
14 154 175 218 220 315 326 35
19 210 230 256 271 272 295 61
7 32 55 98 110 130 349 293
13 29 32 141 250 303 346 293
19 61 118 159 200 210 295 339
59 61 62 173 200 241 311 339
7 10 12 110 250 280 293 20
52 98 200 246 264 349 361 314
20 29 32 95 110 325 346 141
98 123 226 243 259 314 365 88
52 154 172 189 217 250 373 200
9 88 127 225 250 292 339 11
19 142 168 173 210 284 295 125
40 62 120 286 290 293 344 295
45 48 52 76 122 202 217 354
11 20 144 200 296 349 358 150
19 83 128 210 215 295 339 76
9 13 110 127 244 264 371 323
19 36 76 189 260 293 326 252
32 47 80 110 128 185 293 150
9 119 176 214 218 244 311 74
32 67 76 176 231 245 293 9
9 14 61 119 176 206 265 45
19 45 76 77 210 231 238 370
9 14 45 119 198 218 301 383
19 45 76 77 231 238 381 210
9 14 93 119 190 218 301 380
17 76 231 238 252 301 381 77
9 14 119 154 218 252 326 301
35 76 167 231 252 297 381 301
14 93 119 174 190 218 380 244
19 32 84 210 271 295 326 168
11 52 110 113 189 325 327 250
9 120 127 167 225 301 346 11
67 104 118 200 246 267 331 175
40 73 142 246 290 311 334 34
46 50 52 197 274 290 349 246
76 123 149 177 214 290 334 242
52 210 217 301 342 349 361 298
59 146 172 209 246 264 374 339
7 12 75 104 105 110 132 298
19 79 97 142 159 210 339 132
59 62 93 214 241 311 344 242
7 10 110 244 250 261 280 12
55 64 124 175 226 264 349 303
78 120 140 172 240 265 339 74
32 61 110 176 177 250 327 76
43 86 98 219 255 330 339 240
9 110 239 250 308 339 375 293
9 11 110 127 299 339 371 131
19 83 97 159 173 226 339 22
40 150 173 226 311 349 356 38
9 52 110 217 240 250 349 314
18 59 98 209 240 339 374 225
9 11 75 127 250 301 303 273
9 72 77 98 112 219 255 172
9 22 59 98 330 332 350 173
9 11 127 175 295 308 327 13
52 55 77 98 150 259 349 48
78 178 179 185 268 293 334 177
0 11 110 215 250 298 375 379
9 74 110 124 178 247 269 293
19 46 72 159 295 309 380 226
52 62 104 123 237 328 349 306
40 73 150 186 230 242 356 142
48 52 110 125 266 297 349 250
17 76 170 231 245 285 301 222
35 45 214 219 300 312 370 326
9 14 119 198 218 222 285 35
76 167 170 220 231 285 312 301
35 45 214 219 238 300 326 370
9 14 48 154 218 255 285 346
19 33 72 125 210 221 295 97
52 59 62 241 311 312 344 46
7 10 97 110 222 244 280 250
9 52 200 217 280 327 349 250
9 11 127 131 244 286 361 327
9 77 98 219 255 331 382 355
22 59 98 173 330 332 350 9
9 11 127 244 295 308 327 13
67 98 246 314 331 334 339 169
98 123 173 234 237 349 358 64
52 93 98 110 200 274 349 314
64 123 149 200 238 290 301 180
11 49 110 127 154 312 349 176
22 59 150 176 330 332 350 86
9 11 127 252 266 286 327 119
43 55 98 123 176 178 259 334
3 78 93 178 308 339 348 64
11 74 78 106 131 241 327 146
11 77 98 131 219 255 312 167
11 19 76 210 238 294 336 284
9 11 119 218 268 293 330 312
11 43 48 150 259 331 349 289
0 11 96 131 200 215 349 250
11 96 101 200 292 349 372 250
11 21 76 149 171 240 300 127
9 11 119 189 218 293 330 176
0 67 131 148 162 272 331 169
40 76 125 150 186 272 314 293
36 52 110 149 329 349 370 293
49 96 118 128 177 312 345 41
96 121 177 206 239 334 354 31
19 46 87 168 210 295 339 76
19 40 62 210 286 290 295 73
52 76 200 202 217 250 349 57
15 48 55 161 200 344 349 152
71 149 209 295 303 344 374 339
7 12 31 75 303 339 371 19
43 55 115 150 234 259 349 52
59 61 71 172 209 339 374 222
76 133 168 182 291 349 350 6
7 74 76 105 132 308 311 146
19 76 128 142 210 295 339 83
19 76 82 206 210 286 323 219
15 19 34 146 206 210 309 284
19 52 81 82 92 128 210 110
29 32 73 95 110 293 325 54
9 32 54 110 127 189 371 11
7 41 107 110 160 221 226 271
52 98 185 217 221 327 349 154
18 59 93 98 209 339 374 185
9 74 75 250 281 301 380 292
72 77 98 112 161 219 255 176
22 59 98 176 330 332 350 86
9 11 127 175 295 308 327 72
19 56 84 128 234 277 295 307
19 79 82 171 260 295 311 15
19 56 82 96 128 239 383 120
21 76 122 154 171 259 300 181
19 52 62 206 210 267 349 339
15 67 104 118 175 267 331 206
40 52 73 142 246 260 290 125
46 50 52 246 274 290 349 359
76 123 149 238 242 290 334 214
52 132 210 217 301 342 349 298
59 134 146 209 246 264 374 60
7 12 97 105 110 132 280 281
19 90 132 159 210 268 339 334
40 150 173 226 241 344 368 349
55 124 132 226 297 349 353 303
59 76 78 120 189 339 348 383
32 110 158 176 222 327 375 177
86 98 219 240 255 330 339 0
9 110 239 250 308 339 375 32
9 13 110 127 189 299 339 131
19 84 142 168 210 295 337 266
52 59 97 113 241 311 344 380
7 10 110 222 226 240 280 250
10 19 85 128 132 210 233 303
19 32 82 97 110 168 280 250
9 11 49 105 280 290 380 45
9 45 85 105 173 198 212 265
9 127 186 213 225 371 383 336
9 13 110 121 227 285 371 214
32 83 110 128 198 250 336 180
20 32 110 180 250 325 364 13
110 175 244 308 355 364 375 250
107 110 221 223 271 310 364 48
36 46 74 110 221 271 364 132
3 7 13 110 288 368 375 8
19 76 84 93 110 264 271 357
19 46 62 206 210 267 349 64
67 118 175 200 251 267 331 104
40 52 73 142 246 260 290 311
46 50 52 246 274 290 359 244
0 123 149 214 265 290 334 242
52 210 217 244 301 342 349 361
59 134 146 209 246 264 374 172
7 12 105 110 132 280 281 97
19 132 159 210 265 295 339 142
40 150 173 226 241 344 368 15
55 124 132 226 297 349 353 244
59 78 120 189 265 339 348 76
32 61 110 176 177 250 327 375
43 86 98 219 255 330 339 240
9 110 239 250 308 339 375 293
9 13 110 127 131 299 371 339
19 159 173 205 226 252 339 309
15 40 76 125 150 186 344 244
52 98 110 226 250 280 349 20
9 11 13 87 119 281 346 227
15 97 98 131 150 234 334 251
59 93 98 131 209 339 374 146
2 11 105 110 144 250 304 341
9 11 70 105 110 151 227 80
11 77 205 219 227 255 259 98
9 22 86 98 144 330 332 257
9 11 12 22 104 105 251 227
19 98 128 168 169 214 234 308
9 11 87 119 244 281 346 247
19 36 110 128 242 252 326 345
11 13 110 127 247 319 371 244
9 13 38 119 128 198 293 83
59 83 146 209 246 264 374 172
7 97 105 110 132 280 281 12
19 90 132 142 159 210 295 79
40 150 173 226 241 344 368 349
55 124 132 226 297 349 353 244
59 78 120 189 265 339 348 264
32 110 176 222 250 327 375 177
20 86 98 219 255 330 339 240
9 110 239 250 308 339 375 84
9 13 110 127 131 299 339 371
19 159 173 205 226 252 309 339
40 76 125 150 186 226 344 15
9 52 110 124 226 250 349 314
9 11 74 105 131 196 274 110
38 68 98 234 243 244 303 115
34 59 74 98 209 339 374 93
2 11 110 144 250 304 341 9
9 11 70 105 110 151 227 382
11 77 205 219 227 255 259 281
9 22 86 144 266 326 332 164
9 11 22 105 227 251 281 104
19 98 128 168 169 234 311 214
9 11 52 119 297 312 349 234
52 55 115 206 262 312 349 289
9 11 110 127 247 346 371 13
9 19 76 81 110 119 128 326
9 76 119 176 206 286 341 293
67 69 168 214 222 246 251 19
0 42 123 234 237 289 349 328
48 52 154 217 222 259 349 311
9 22 59 86 147 349 350 314
118 119 144 291 330 349 350 332
15 45 98 133 164 234 349 79
152 172 175 215 237 356 366 164
20 32 110 182 232 236 257 301
15 71 77 98 120 259 333 55
19 20 32 110 209 336 374 200
7 10 19 20 32 76 110 75
67 98 151 169 222 331 363 45
40 98 117 150 223 234 286 45
49 98 149 164 332 349 358 280
76 112 167 173 182 296 322 280
85 151 152 179 230 303 334 278
40 51 76 177 182 349 359 372
123 150 211 222 259 284 290 326
2 98 115 172 189 358 359 222
98 113 130 173 274 343 349 71
108 122 134 151 270 278 334 167
20 32 110 134 182 236 333 130
71 90 98 293 332 333 349 230
19 46 168 210 221 295 326 99
35 59 62 221 241 311 380 6
7 10 19 81 128 177 336 41
10 11 32 110 154 312 346 76
7 10 32 107 160 293 324 104
7 10 32 110 177 280 326 221
20 52 101 110 274 297 349 11
59 78 179 214 285 339 344 227
20 110 173 291 299 301 348 76
7 11 20 87 110 230 280 229
81 91 164 234 278 334 336 0
15 48 164 234 259 339 349 237
71 164 306 330 334 350 383 239
164 168 234 306 330 349 358 298
19 52 121 138 210 238 336 200
9 14 119 175 206 214 326 380
17 35 76 214 231 238 245 293
35 45 109 238 293 300 370 309
9 14 45 119 214 218 326 293
17 35 76 214 231 326 381 371
35 210 214 238 293 300 336 219
14 119 170 206 214 326 380 9
17 76 149 167 214 231 252 326
35 45 214 219 293 300 370 371
9 14 119 170 206 214 326 222
123 170 214 220 231 245 285 76
17 35 214 219 268 300 370 45
14 119 207 218 222 294 326 285
32 107 110 166 271 340 380 175
19 160 200 210 264 295 328 97
40 62 97 140 168 286 290 93
37 52 76 202 217 222 349 152
37 70 132 189 295 312 349 149
43 59 71 209 268 295 374 132
7 12 75 104 132 268 371 97
19 76 125 128 210 217 295 142
19 82 97 128 210 293 295 187
7 19 32 76 82 121 271 311
19 76 82 97 121 210 271 20
32 110 216 271 280 311 340 198
9 11 49 105 280 290 380 45
9 11 45 85 105 173 212 265
9 95 127 176 186 336 371 225
9 13 110 121 127 214 371 50
32 83 110 128 180 198 336 250
13 32 95 110 180 250 364 76
52 210 217 244 301 342 349 361
59 146 172 209 246 264 374 83
7 12 75 105 132 211 298 175
19 132 142 159 210 268 339 130
59 62 214 241 242 311 344 52
7 10 12 110 244 261 280 317
55 124 175 226 264 303 349 244
59 78 120 240 244 265 339 189
32 76 110 177 222 250 327 176
43 86 98 219 240 255 330 339
9 110 239 250 308 339 375 32
9 11 13 110 127 299 371 131
19 159 173 205 226 240 339 22
40 150 173 226 311 349 356 125
9 52 110 226 250 280 349 98
9 11 86 119 178 227 247 286
36 42 97 128 168 231 345 306
9 11 13 38 131 177 326 175
9 110 111 127 214 268 371 175
19 125 159 165 248 299 382 326
52 93 120 123 237 261 349 104
9 11 64 110 131 266 326 250
36 52 128 131 217 231 276 196
8 32 81 110 164 196 345 177
25 119 164 206 268 294 336 55
11 32 36 110 128 229 345 119
19 76 99 210 238 265 336 310
11 14 21 25 119 185 293 225
107 123 182 221 225 326 345 230
45 96 221 231 283 293 345 113
35 189 210 238 300 309 336 19
119 189 206 221 242 293 303 45
9 73 78 106 241 247 334 79
36 78 106 110 231 259 314 244
32 67 110 128 231 244 314 168
9 119 124 174 244 247 274 269
36 110 170 189 231 274 326 167
19 196 210 219 300 309 336 265
9 32 110 119 185 206 293 304
19 146 168 210 246 271 295 230
52 62 102 110 200 217 349 80
48 52 55 137 251 312 349 200
22 43 52 59 330 332 350 374
9 48 127 177 301 308 382 136
9 15 43 55 98 339 382 251
9 127 136 190 306 319 346 172
19 52 128 210 230 271 339 212
9 45 110 127 177 189 370 301
19 36 128 177 252 314 382 31
13 32 47 83 128 234 347 72
47 76 166 188 206 347 359 127
65 160 231 244 343 347 379 107
7 47 76 189 256 270 293 127
14 166 218 260 268 290 347 188
19 99 138 210 231 238 336 326
7 47 81 189 233 293 359 326
127 166 212 256 273 347 350 9
107 120 122 167 231 252 315 219
47 81 122 189 252 347 354 283
112 122 166 174 190 198 347 380
45 109 231 238 252 309 370 35
47 81 189 233 252 347 354 313
112 149 166 174 198 347 380 212
19 32 83 84 122 271 340 210
9 98 127 133 237 349 350 11
19 81 151 164 234 349 377 98
15 48 49 164 234 259 349 185
9 164 234 274 306 330 349 133
19 107 159 210 221 295 306 88
40 111 142 150 221 226 314 349
50 142 149 150 349 358 377 93
9 52 110 154 244 314 349 227
34 78 185 196 227 240 314 79
78 101 110 298 314 355 381 301
19 81 128 185 189 284 345 174
9 11 110 119 189 327 379 200
31 107 160 177 185 214 236 18
93 98 123 234 243 326 349 275
11 173 185 190 217 314 349 52
9 11 127 144 330 332 370 350
9 19 47 81 92 127 347 285
9 11 127 166 212 347 350 48
107 120 122 127 151 160 266 293
9 112 122 127 212 274 359 86
19 159 168 173 210 284 295 240
40 76 111 142 150 226 344 242
50 93 142 149 150 349 358 190
32 52 110 202 250 314 349 9
59 78 120 185 196 339 383 309
110 127 167 200 242 269 339 196
11 68 110 127 194 361 375 120
9 19 81 93 128 185 222 59
9 110 127 203 250 274 380 196
19 111 125 168 210 252 295 173
19 52 62 110 257 267 349 230
19 76 85 128 210 233 277 120
32 110 158 177 250 327 375 253
91 98 219 240 255 330 339 172
9 32 110 188 194 250 375 239
9 38 59 110 151 234 274 168
19 39 84 210 246 252 295 168
19 52 53 110 257 267 349 131
9 76 105 110 172 274 287 46
19 36 52 59 128 239 326 252
19 32 67 86 110 128 314 267
9 93 110 124 182 304 314 244
36 106 110 170 231 259 326 274
32 67 110 128 168 170 231 185
9 15 51 92 110 119 186 274
36 50 106 110 170 231 314 309
19 20 106 138 210 265 336 326
32 110 119 185 206 253 326 198
19 146 168 210 271 295 326 246
7 52 62 102 110 200 349 83
48 52 55 137 251 312 349 200
22 43 52 59 332 350 374 86
9 119 127 131 137 247 295 327
9 15 43 61 205 243 259 339
9 110 124 127 136 306 319 119
19 52 72 128 224 271 339 246
19 76 82 96 128 286 326 311
83 113 122 133 227 237 246 48
9 119 127 137 247 288 380 347
36 128 177 193 272 293 354 217
22 47 81 127 189 265 272 301
9 127 154 166 212 274 350 380
19 122 128 246 271 272 277 187
19 82 171 260 265 271 311 246
19 51 97 160 210 271 277 152
19 20 82 96 128 187 210 257
122 133 227 237 264 290 344 83
19 81 128 239 265 272 324 246
9 119 137 200 247 270 380 110
24 107 160 238 239 243 272 222
98 115 189 223 243 272 379 113
50 98 111 175 237 239 272 349
47 81 92 127 232 272 301 257
9 112 127 166 257 346 350 212
46 67 122 160 239 272 331 76
40 68 76 98 111 150 272 339
9 52 98 110 127 272 349 29
19 41 76 81 97 128 324 82
137 247 278 297 334 347 359 90
19 48 61 107 160 243 324 238
55 98 123 149 222 243 347 253
59 78 98 173 348 356 383 68
32 38 110 127 188 203 273 334
43 68 79 98 151 173 242 375
7 125 131 154 202 349 359 110
32 110 176 250 285 304 349 131
22 98 150 173 187 339 356 330
55 98 123 149 173 222 259 339
102 167 173 209 238 268 374 35
11 32 75 110 250 263 375 0
9 24 40 81 165 222 377 128
9 110 144 237 269 350 381 380
159 160 163 299 311 356 380 370
40 62 73 98 111 150 356 380
28 50 98 149 150 349 358 167
11 35 52 110 307 308 349 304
9 110 119 178 198 247 304 106
36 106 110 170 231 314 326 198
9 19 106 138 210 238 265 20
0 9 32 119 206 256 293 326
19 28 168 210 246 271 295 230
19 52 62 110 200 217 349 80
48 52 55 130 137 312 349 110
22 43 52 59 330 332 350 374
9 119 127 131 137 247 295 291
9 15 43 98 205 243 339 61
9 119 124 127 136 269 306 110
19 52 72 128 210 224 339 212
9 45 110 127 177 189 370 285
0 19 31 36 128 177 382 265
13 32 47 83 110 128 267 29
47 76 166 188 206 347 359 127
65 160 231 244 343 347 379 35
7 47 76 189 256 270 293 375
14 166 218 260 268 290 347 9
19 99 138 210 231 238 336 148
7 47 81 189 233 293 326 359
9 166 212 244 256 273 350 380
107 120 122 167 219 231 252 17
47 81 122 189 252 256 347 354
112 122 166 174 190 347 380 146
35 45 122 231 252 260 309 17
47 81 189 233 313 347 354 252
112 136 166 174 212 244 380 149
19 46 83 84 122 271 340 41
19 52 206 217 257 267 349 197
9 64 119 137 247 293 379 127
36 48 52 55 128 193 217 297
9 88 110 127 161 196 269 375
9 11 98 182 188 193 349 93
9 15 55 77 149 265 314 48
19 99 102 209 210 265 374 76
7 32 75 110 189 293 339 141
19 99 159 193 197 210 295 268
40 62 73 111 150 173 223 370
28 50 91 150 167 349 358 149
52 110 154 222 226 314 349 101
78 86 185 196 222 226 314 241
78 101 110 226 292 314 355 298
9 119 124 174 178 189 247 110
22 72 173 243 251 326 349 98
11 173 185 190 217 326 349 314
9 11 127 144 291 330 332 119
9 47 81 92 127 285 347 379
9 11 48 127 154 166 212 350
76 107 122 151 160 267 293 205
9 112 122 127 212 274 359 348
19 51 99 210 243 271 295 168
15 19 40 62 73 290 344 146
50 72 82 274 290 349 359 46
111 123 177 185 238 242 290 344
52 154 167 249 250 339 349 57
59 173 180 209 278 339 374 211
7 10 12 75 152 211 336 189
77 98 154 211 227 255 259 153
59 97 140 173 209 226 374 167
47 75 133 182 291 349 350 76
7 74 132 222 308 355 361 311
19 79 168 210 246 295 326 33
19 48 52 62 82 105 371 274
4 23 36 38 67 113 345 59
9 45 119 218 266 293 317 176
67 76 106 231 245 252 339 113
9 119 167 174 247 257 281 219
7 36 48 111 113 222 238 252
45 119 176 218 256 293 346 198
19 52 87 97 118 210 295 326
19 118 140 210 257 267 349 339
67 104 118 175 246 267 331 123
34 40 73 244 246 290 311 52
50 52 197 246 274 290 349 46
111 123 149 238 242 290 334 109
32 52 141 217 236 250 293 12
120 144 196 274 291 332 350 298
32 110 131 295 302 308 336 298
19 52 118 128 168 173 234 98
20 32 53 141 244 302 336 108
18 98 118 151 256 330 379 179
11 32 110 141 302 346 355 380
19 52 118 159 210 246 295 334
59 62 102 118 241 311 344 35
7 10 12 75 104 118 339 211
52 98 118 130 132 246 349 298
0 32 141 250 302 310 346 267
11 13 32 141 282 302 346 118
64 67 168 252 293 331 339 22
32 35 53 302 310 319 346 29
11 32 141 280 302 346 379 312
7 19 67 170 196 308 339 226
29 32 35 89 302 319 346 224
11 22 32 133 141 282 302 31
19 118 159 167 170 295 308 326
10 19 85 105 128 210 286 132
19 32 82 110 250 271 280 168
9 11 49 96 217 280 315 52
9 11 18 52 297 327 371 225
9 11 110 111 127 194 371 244
83 110 128 175 244 250 293 145
13 32 76 110 180 250 364 293
110 175 215 244 308 355 375 32
7 107 110 221 263 271 364 226
36 74 110 132 221 271 364 52
3 7 32 110 146 288 375 250
19 76 93 110 132 264 271 355
19 35 115 214 244 252 271 357
9 110 119 178 244 247 351 146
36 76 110 189 231 250 357 255
0 8 11 13 42 180 285 176
9 110 127 259 315 319 371 214
32 102 260 267 271 277 326 125
113 117 173 241 244 248 337 238
3 105 110 244 274 311 343 198
36 39 110 222 231 297 311 18
19 21 99 110 210 300 309 238
0 11 32 39 110 119 206 326
32 125 260 271 297 324 354 48
191 199 244 246 248 275 294 173
22 74 110 154 211 288 340 173
35 74 76 92 110 119 247 189
15 35 110 140 238 250 309 61
13 32 198 241 250 301 306 180
2 119 247 286 288 301 379 315
146 167 175 248 271 272 339 112
0 35 74 79 214 252 383 16
19 76 93 110 132 264 271 84
19 35 115 200 244 252 271 357
9 11 110 127 301 327 371 198
18 36 76 110 231 250 357 106
18 32 110 125 271 293 351 250
24 87 173 242 244 248 337 294
22 76 110 154 173 288 340 48
76 92 110 119 186 247 250 25
15 138 140 173 238 309 336 61
13 32 110 180 198 241 250 276
0 8 13 119 198 256 288 284
9 110 127 214 259 315 371 319
16 112 125 167 180 271 272 22
0 3 16 35 74 79 214 167
9 11 106 110 178 334 337 268
9 22 72 83 110 125 250 267
0 36 40 76 110 222 231 33
32 110 180 241 244 325 334 53
0 32 146 222 260 271 277 22
24 140 173 191 214 242 252 337
22 110 154 173 264 324 340 48
0 35 119 174 218 244 247 25
15 36 61 110 219 231 243 334
13 32 45 180 241 250 306 266
38 41 119 134 198 247 286 315
17 50 67 78 231 331 379 193
13 38 51 119 140 180 198 266
9 38 54 127 213 259 284 319
16 125 167 180 271 272 337 297
24 35 214 224 236 291 337 191
125 178 202 247 252 268 337 9
0 22 32 83 110 125 229 215
19 93 110 132 264 271 355 76
19 35 115 200 244 252 271 224
9 110 119 178 244 247 351 146
16 36 76 110 189 231 250 255
0 8 11 13 32 176 180 119
9 110 127 259 315 319 371 214
32 102 125 260 271 277 326 267
117 173 177 241 244 337 339 294
3 105 110 244 274 311 343 198
36 39 110 222 231 297 311 18
19 21 99 138 210 300 334 309
32 39 49 110 111 119 206 77
32 48 125 260 271 324 354 297
49 173 191 244 248 275 294 322
74 76 110 154 173 211 340 288
74 76 92 110 119 189 247 61
15 61 110 140 238 250 309 334
13 32 180 198 241 250 306 326
2 119 134 247 286 301 379 198
19 167 260 271 272 334 339 326
0 16 74 79 214 252 383 337
33 48 110 154 167 259 340 320
0 76 119 152 174 244 247 134
15 32 61 110 231 240 243 36
13 32 180 198 241 250 306 301
41 119 131 134 170 198 247 286
31 45 50 96 119 149 198 32
13 119 146 198 206 266 328 361
17 67 150 193 231 252 260 354
28 119 134 247 315 319 379 267
45 96 109 119 231 238 252 241
119 175 176 206 218 290 326 198
52 110 217 293 304 326 349 215
92 119 186 234 247 296 303 189
55 59 243 250 259 349 379 43
19 21 76 210 219 238 303 326
9 119 185 189 206 250 303 76
43 45 48 98 119 123 175 335
9 111 119 247 303 328 334 48
96 119 127 303 345 379 380 175
0 9 42 119 200 206 303 189
19 76 79 159 210 295 309 326
0 48 52 154 173 259 349 311
22 52 59 86 173 189 306 76
9 92 119 131 186 247 293 76
67 79 113 168 243 331 339 22
15 40 52 73 76 150 186 335
11 52 98 110 202 240 349 269
0 33 78 86 196 308 355 356
11 32 64 78 110 168 185 280
32 78 104 110 227 293 375 168
19 31 107 131 226 326 375 293
110 160 182 221 234 280 349 226
9 110 189 227 247 286 293 244
19 76 79 159 168 210 295 33
28 76 123 197 237 349 358 0
52 62 110 131 217 293 349 326
119 133 174 218 247 301 303 257
41 55 98 119 243 259 349 219
92 119 186 244 247 303 317 185
43 48 98 123 175 259 339 243
0 119 174 218 247 303 334 9
19 96 99 119 138 238 373 76
0 61 119 206 293 303 334 244
9 110 111 127 173 194 371 244
83 110 128 175 198 250 293 226
13 32 76 110 180 250 293 288
110 175 177 215 244 355 375 32
7 107 110 221 226 263 271 266
32 36 97 110 221 264 364 140
3 7 20 32 110 146 375 296
110 128 132 239 271 272 364 32
19 76 110 150 186 349 364 200
55 97 110 124 226 349 364 297
78 110 189 226 339 348 379 337
32 76 110 158 250 327 375 78
0 86 98 219 240 255 330 43
9 110 175 239 250 308 375 244
34 43 98 114 151 334 365 185
36 52 110 184 211 250 349 329
59 68 78 184 301 303 355 83
110 140 244 281 301 339 375 239
19 84 210 271 295 364 372 265
59 132 184 241 286 311 364 97
7 10 110 189 264 364 371 104
10 19 85 128 210 222 271 132
3 105 110 250 274 287 380 244
19 32 36 110 128 255 260 177
19 21 110 210 271 300 357 334
32 39 110 111 206 244 252 68
19 32 84 110 146 177 271 293
32 48 76 110 154 222 340 177
74 76 92 110 119 186 247 250
15 32 76 110 140 238 250 240
13 32 180 198 241 250 301 276
0 1 8 13 119 198 256 315
83 110 128 175 198 250 293 288
13 32 76 110 180 250 364 293
31 110 175 244 308 355 375 215
7 107 110 221 223 271 364 324
36 110 132 221 244 271 364 175
3 7 32 110 146 288 375 74
19 76 93 110 264 271 355 132
19 35 115 224 244 252 271 200
9 110 119 178 244 247 351 146
16 36 76 110 189 231 255 250
0 8 11 13 32 119 180 110
9 110 127 214 259 315 319 371
32 35 102 125 260 271 277 339
117 173 177 241 244 294 337 248
3 105 110 244 274 311 343 25
36 39 110 222 231 297 311 18
19 21 99 106 210 300 334 336
0 32 39 77 110 111 206 119
32 125 260 271 297 324 354 193
191 199 244 246 248 275 294 173
74 76 110 154 173 288 340 48
74 76 92 110 119 214 247 61
15 61 110 140 173 238 250 309
13 32 180 198 241 250 306 301
2 119 134 247 301 315 379 288
19 146 167 271 272 277 339 260
0 16 74 79 214 252 337 35
33 48 110 154 167 259 340 198
0 76 119 152 174 247 311 37
15 32 61 110 231 240 243 219
13 32 180 198 241 250 306 301
0 119 134 200 218 247 319 244
32 110 130 133 154 293 340 250
7 32 43 110 130 169 293 84
22 35 98 225 326 349 350 303
98 110 130 154 297 326 349 176
43 91 98 202 234 326 349 297
98 133 161 237 304 334 349 175
19 99 230 234 237 336 379 38
64 74 76 92 119 247 296 186
50 98 115 223 243 286 356 129
2 36 98 119 145 349 356 49
36 77 98 173 267 312 349 292
59 209 293 296 350 374 383 303
32 75 89 110 119 292 327 189
4 77 98 219 255 257 265 256
9 64 119 127 247 286 301 214
19 99 159 168 243 295 380 210
15 48 62 130 202 257 349 197
59 102 185 209 252 266 374 200
7 10 130 175 266 303 340 326
67 98 169 225 326 331 382 60
40 60 73 150 167 186 372 98
40 52 167 217 260 266 292 211
98 133 161 189 227 237 326 41
59 72 76 209 288 339 374 301
10 110 119 127 189 293 379 47
15 48 55 98 119 219 331 189
41 89 119 189 252 301 306 110
74 86 111 119 186 247 379 198
37 88 98 115 223 303 333 307
50 64 98 237 303 358 383 80
36 98 127 131 197 232 292 0
36 55 98 123 149 232 354 270
15 55 98 219 243 259 349 43
11 41 256 299 306 339 368 304
77 98 219 225 230 255 306 349
11 19 21 210 238 300 309 76
11 119 127 215 218 239 330 225
67 88 245 251 268 331 339 227
19 76 92 119 174 186 234 22
28 116 150 168 234 306 349 326
19 151 168 234 331 344 380 97
40 64 73 150 186 311 366 214
20 52 98 150 280 349 359 379
76 110 127 193 304 327 330 317
76 77 219 255 256 330 339 335
45 47 127 175 285 293 308 227
2 19 76 128 169 234 326 168
19 76 81 127 128 293 330 265
76 127 214 247 286 301 382 297
19 81 110 119 127 128 345 125
32 47 76 119 168 206 252 380
19 67 76 168 193 214 231 330
54 70 174 189 247 286 319 127
7 19 45 109 210 281 336 371
2 119 168 176 206 324 334 32
19 64 67 76 193 221 301 334
19 76 81 90 221 274 330 164
70 110 177 214 247 286 319 54
45 109 127 154 245 281 297 370
74 119 168 176 218 252 330 343
17 67 90 231 236 339 371 274
23 41 70 174 247 286 319 54
15 125 150 154 236 281 297 148
14 119 168 176 218 324 334 170
0 10 119 206 293 334 370 2
32 252 260 271 351 354 379 339
49 173 241 252 260 274 337 87
3 105 110 198 274 343 351 76
32 36 39 110 222 252 284 22
32 110 111 119 206 252 304 39
32 193 233 252 260 271 354 351
24 49 79 173 233 246 252 275
48 74 76 110 154 259 340 324
37 74 76 119 247 262 284 189
15 50 140 173 238 309 336 61
13 32 180 241 276 301 306 372
22 86 164 202 238 300 354 281
8 119 123 206 222 288 336 265
32 38 110 119 198 304 379 287
9 247 265 286 319 323 346 219
16 19 112 125 180 271 272 22
8 74 79 167 214 252 271 16
3 33 76 110 151 237 340 168
37 110 189 247 286 301 319 315
74 119 149 247 266 272 368 381
36 37 63 76 193 266 287 32
119 189 190 214 247 304 319 380
74 119 134 149 173 247 346 190
31 45 74 76 96 119 149 110
0 61 74 119 189 206 272 170
16 37 103 125 228 271 272 260
22 24 35 113 214 242 315 252
37 119 124 177 247 252 337 110
32 36 63 96 110 130 189 16
0 32 76 119 206 246 272 281
43 87 167 233 271 277 379 48
36 50 110 128 219 231 345 168
19 76 78 150 210 252 336 2
119 206 293 312 326 334 380 219
67 151 245 268 324 331 339 224
45 76 109 173 210 300 370 219
9 119 174 218 278 330 337 334
168 170 193 231 245 297 339 219
35 45 109 245 281 297 370 252
9 14 119 218 278 326 330 0
170 175 231 245 252 326 339 42
19 168 170 189 270 332 345 90
19 61 159 168 210 221 295 76
48 52 154 173 241 259 349 76
22 52 59 86 173 189 349 76
9 22 127 193 317 327 330 45
219 252 255 256 291 330 339 293
47 119 127 175 293 305 308 285
15 48 127 219 331 339 349 119
41 89 119 127 129 301 336 252
37 76 119 186 189 247 301 303
50 74 151 266 270 330 379 22
74 76 119 174 186 190 247 206
48 50 96 119 127 265 345 2
76 119 127 206 230 266 286 170
67 76 115 169 272 326 331 33
40 52 76 150 186 290 331 314
45 52 98 217 301 320 349 167
98 133 161 173 227 237 326 91
40 73 98 127 150 301 330 334
50 58 73 98 115 223 330 0
98 127 229 272 304 330 332 257
19 99 159 168 173 210 295 234
34 68 107 160 214 252 253 242
98 123 130 185 259 284 349 68
11 19 21 171 210 217 300 185
11 32 110 185 206 217 304 239
19 97 197 210 233 246 277 38
40 83 97 150 173 257 356 147
52 110 125 147 297 349 380 354
32 110 217 293 297 304 349 76
15 52 55 77 98 227 349 293
59 104 109 209 268 281 374 252
7 32 75 110 127 160 189 215
15 43 55 86 98 259 276 339
9 11 41 119 127 306 335 176
77 98 219 225 230 255 306 43
11 19 21 76 99 210 336 295
11 119 127 218 225 239 330 215
67 88 175 231 245 331 339 251
28 98 118 154 173 234 349 370
40 73 76 150 186 223 290 111
55 98 227 293 297 349 370 152
32 41 110 127 250 293 315 47
15 22 48 98 127 219 331 339
41 110 119 189 250 273 306 32
19 21 83 210 222 300 336 185
32 76 110 119 130 206 299 317
17 67 76 197 245 331 339 189
19 76 127 210 238 300 336 97
119 139 188 189 218 265 334 356
76 111 134 170 231 245 301 339
11 45 109 210 278 281 370 245
9 119 127 154 218 326 334 330
134 170 175 231 245 301 326 252
19 76 83 97 147 266 336 326
9 73 119 127 130 206 266 296
17 81 147 164 234 293 349 268
41 48 110 119 186 234 247 178
28 168 169 234 324 326 349 331
127 168 234 331 344 356 380 166
22 59 209 241 339 349 374 356
10 105 119 133 218 304 350 267
47 119 127 293 301 308 379 315
107 111 147 169 221 268 311 17
43 151 221 259 289 339 356 83
52 76 217 257 293 335 349 301
127 193 286 315 317 327 330 85
77 98 219 255 256 330 339 293
119 127 193 291 330 350 381 332
45 47 119 127 227 266 308 293
65 76 81 147 164 234 252 242
48 119 164 168 186 234 247 237
50 151 205 214 243 265 330 366
92 119 127 174 186 190 247 270
15 96 119 252 297 345 379 127
74 119 189 198 206 286 379 334
19 38 61 147 171 271 277 72
52 122 237 241 326 349 380 92
59 209 241 242 272 344 374 339
10 68 86 127 272 330 350 317
127 222 272 308 315 330 379 293
15 55 77 98 189 265 272 339
72 74 78 272 293 306 348 102
9 45 95 127 306 317 330 177
58 98 115 272 281 306 330 320
50 65 98 111 237 272 361 40
9 13 87 175 198 269 285 368
36 104 128 131 231 240 252 186
19 21 219 240 300 334 339 222
119 121 159 198 218 222 265 214
19 52 84 87 200 210 295 97
19 46 62 206 210 267 349 244
67 104 200 244 246 267 331 118
40 73 244 246 260 290 311 34
46 50 52 246 274 290 359 197
111 123 149 242 265 290 334 214
39 52 210 217 301 342 349 132
59 146 172 209 257 264 374 339
7 12 75 104 110 132 268 105
19 132 159 210 217 261 339 222
40 150 186 223 286 326 349 93
59 78 149 226 252 285 368 314
121 167 168 249 304 346 355 242
7 90 243 244 256 267 274 80
52 55 132 150 256 303 349 265
0 32 110 226 250 346 375 298
19 159 173 183 210 321 339 168
35 59 173 241 311 344 383 62
7 10 37 110 244 250 280 261
142 226 257 274 329 349 359 98
64 123 290 309 339 344 351 250
13 52 142 176 249 250 317 227
39 59 74 209 214 265 374 35
9 105 110 127 269 327 382 370
9 77 98 161 219 246 255 237
35 59 209 268 296 334 374 76
9 49 105 127 198 237 350 86
9 105 127 176 212 297 368 214
2 19 52 87 210 270 295 197
19 62 81 82 128 210 295 64
19 56 82 132 267 295 357 301
19 90 132 202 210 239 312 269
19 83 85 128 160 210 277 271
19 82 96 128 210 222 257 83
1 19 81 82 189 284 339 92
9 13 110 127 244 315 371 80
32 36 110 128 166 231 293 222
32 80 110 128 166 168 293 265
9 74 206 214 222 252 311 176
17 32 110 146 231 245 268 67
19 99 210 265 294 300 336 238
9 119 168 175 190 206 289 326
9 17 35 231 245 260 381 76
35 45 109 210 238 300 370 334
9 45 119 218 293 326 380 176
76 170 222 231 245 252 381 42
19 35 99 210 300 334 336 265
14 35 70 119 175 218 326 9
76 134 167 170 231 245 252 146
35 45 210 219 300 323 370 252
14 35 119 175 218 293 326 214
32 107 110 125 166 301 340 326
19 56 84 160 210 271 277 175
82 96 173 233 257 278 326 286
33 81 189 303 322 328 344 339
9 13 35 87 119 214 346 285
36 110 128 166 185 231 252 326
21 45 55 219 300 334 339 265
37 119 218 265 326 356 373 45
84 160 233 248 271 277 362 347
19 35 76 210 214 300 336 293
9 14 70 119 175 218 326 35
17 76 134 167 170 175 231 252
19 35 210 214 219 300 370 293
14 119 170 218 293 326 383 35
19 42 67 103 107 310 326 380
9 13 87 175 198 281 285 127
36 104 128 131 146 231 240 252
21 219 222 240 300 334 339 297
37 119 121 159 218 222 265 214
19 52 87 90 97 210 295 193
52 59 62 97 241 311 344 46
7 10 110 222 280 293 334 12
52 98 132 246 264 349 361 211
76 110 230 293 346 368 381 314
19 32 110 128 214 256 326 286
32 76 110 189 314 346 364 230
7 110 243 256 265 303 364 380
98 131 196 219 243 255 315 7
9 28 110 189 227 250 289 222
9 87 119 269 296 301 346 247
48 96 119 128 146 269 345 37
37 119 154 176 206 286 312 328
36 128 154 219 231 259 326 315
19 37 76 210 265 269 336 106
9 37 119 218 269 326 330 265
17 65 81 152 164 240 259 294
9 37 51 110 119 304 371 312
21 59 119 127 171 265 300 9
9 37 105 119 189 206 250 265
76 95 110 119 123 168 345 250
9 119 127 168 218 265 330 269
19 159 160 163 173 210 295 380
62 133 161 237 344 349 370 311
16 111 113 241 248 272 349 0
9 144 232 272 291 350 368 289
9 74 85 127 189 212 266 176
9 46 95 127 194 257 267 74
9 37 90 98 272 297 361 180
67 98 113 169 272 308 331 311
40 150 186 272 305 311 334 68
36 52 110 149 272 280 349 293
41 49 96 128 177 239 345 312
31 96 121 177 206 239 334 111
19 111 168 210 252 295 383 275
40 62 82 210 286 290 295 19
52 76 202 217 250 269 349 200
15 48 55 161 200 230 349 152
71 149 209 215 295 303 374 344
20 75 110 200 269 298 361 120
43 52 55 77 115 259 349 230
19 61 81 90 128 252 308 324
9 80 110 127 323 346 371 111
36 76 110 128 231 252 276 166
32 110 128 150 168 323 326 252
35 175 206 252 311 323 355 214
17 146 193 231 245 268 297 328
19 99 138 210 265 309 336 324
9 45 119 168 190 206 240 326
17 35 45 134 231 245 260 380
45 109 195 238 278 300 370 281
0 45 119 218 293 326 380 9
76 170 175 231 245 252 326 42
19 35 210 238 278 300 334 371
19 99 159 160 210 295 380 163
0 62 133 161 237 344 349 290
0 111 113 241 248 272 349 200
9 144 232 272 291 350 368 289
9 74 85 105 127 212 266 381
9 85 127 194 257 267 301 95
9 37 90 98 272 297 361 180
67 113 169 186 272 308 331 311
40 102 150 186 272 311 334 68
36 52 110 149 272 280 349 211
41 49 76 96 128 177 345 239
31 96 111 177 206 239 334 121
19 168 197 210 252 295 383 290
40 62 82 210 286 290 295 19
52 57 202 217 250 269 349 200
59 71 193 225 230 339 374 209
10 105 120 132 200 298 307 361
43 55 68 77 115 259 349 200
59 71 209 252 268 308 374 144
6 75 76 133 182 291 350 1
7 76 132 269 308 311 361 74
19 128 186 210 228 277 295 76
19 81 82 128 210 326 339 271
9 110 127 244 315 323 371 80
19 36 76 110 128 166 231 271
32 47 80 110 128 168 326 252
1 9 74 206 214 252 311 222
17 32 67 146 231 245 268 321
19 99 138 210 238 265 300 83
9 119 168 175 190 206 289 45
17 35 214 231 245 252 260 76
35 45 109 238 252 300 370 334
72 76 78 241 247 266 301 332
9 11 96 110 127 194 327 315
98 112 115 223 334 339 379 64
11 80 98 272 274 290 359 127
67 76 79 113 169 331 339 272
93 125 150 172 186 311 383 178
11 110 154 202 217 249 349 76
59 93 209 225 240 339 374 227
19 81 82 128 168 291 324 293
9 38 105 110 127 177 327 285
19 46 69 107 160 168 171 324
77 98 219 221 230 255 281 222
19 35 76 102 209 265 374 125
9 49 105 127 198 237 350 286
9 105 127 176 212 230 368 45
9 127 194 198 283 301 346 285
22 77 98 123 296 326 339 164
49 52 77 127 223 326 349 297
22 175 190 203 307 326 350 68
9 11 49 127 281 326 327 105
19 87 144 168 173 210 295 52
19 40 62 73 161 286 290 210
52 105 202 217 250 260 349 269
15 48 55 68 161 230 349 298
71 149 209 295 303 344 374 242
10 20 75 105 110 120 269 202
7 10 20 105 132 225 269 280
19 48 125 150 225 238 339 256
22 71 86 132 144 269 306 127
43 52 55 115 193 259 349 71
59 61 71 76 149 209 374 102
76 168 182 291 349 350 383 296
19 76 99 159 210 221 295 46
40 73 150 186 226 314 349 293
52 98 110 217 314 327 349 200
59 98 209 225 314 339 374 293
13 75 98 140 161 225 327 112
19 173 238 252 255 265 293 219
9 13 127 133 161 274 330 379
77 123 127 255 290 293 383 172
9 103 127 172 217 281 348 301
9 35 76 86 119 127 247 15
72 103 127 214 268 274 324 180
55 77 127 150 175 219 349 197
19 21 76 127 171 210 300 295
9 86 119 127 218 268 330 381
9 64 127 295 296 334 348 53
22 23 125 144 150 234 349 28
22 28 127 173 175 326 349 14
22 59 86 127 241 326 330 176
9 64 127 177 281 296 348 315
52 77 127 227 293 339 358 80
2 15 49 120 127 219 331 349
49 50 127 173 221 306 349 241
9 119 120 127 131 247 287 196
9 120 127 225 268 284 315 101
19 87 168 210 268 271 295 76
35 59 62 113 241 311 380 344
7 10 12 19 104 110 371 152
10 52 121 132 222 305 349 382
76 86 218 241 267 330 332 314
3 110 182 226 266 291 295 355
7 32 76 110 266 293 295 83
43 123 173 259 284 295 339 176
19 36 68 128 231 296 345 303
11 32 76 110 127 229 244 346
11 76 86 110 119 247 276 219
11 38 76 96 119 168 345 256
76 88 119 127 176 218 244 196
67 76 144 154 219 231 268 193
0 9 119 190 218 256 348 265
19 76 159 168 299 326 382 284
0 48 52 154 259 311 349 173
11 64 76 119 189 247 346 285
19 36 76 168 189 265 345 289
9 11 119 176 198 218 330 317
67 79 113 246 331 339 379 123
11 41 76 119 146 189 247 104
10 11 96 119 238 332 345 317
10 42 88 119 218 244 266 0
36 128 193 252 297 320 345 260
11 119 210 218 257 301 304 326
67 79 113 120 170 331 339 260
11 76 110 127 244 251 346 252
11 19 81 164 296 297 345 52
11 21 119 164 214 218 326 127
76 219 220 231 245 268 326 95
14 66 119 127 218 326 383 189
0 36 76 107 154 217 221 168
11 21 119 210 221 244 304 383
19 142 144 168 210 295 383 193
104 123 140 237 290 311 349 265
0 123 133 161 237 311 349 222
11 76 119 177 189 247 272 381
0 11 36 49 198 272 345 274
11 119 127 213 244 247 303 189
7 32 110 168 180 328 375 189
107 110 167 221 260 280 336 271
36 52 74 110 118 198 221 355
3 7 110 263 288 339 375 20
19 93 110 132 264 271 355 377
19 35 115 200 244 252 271 224
11 50 97 105 110 281 351 336
33 36 39 102 110 222 231 0
2 21 127 210 238 300 309 328
11 32 102 110 206 244 293 39
32 168 260 271 297 324 351 151
173 177 191 241 244 248 275 214
48 74 110 154 173 259 340 211
11 62 119 127 178 247 334 337
9 72 119 127 218 326 359 274
15 32 36 110 219 250 293 231
13 32 180 198 241 250 306 301
9 11 119 180 190 286 379 38
45 96 119 120 198 231 283 328
19 127 210 238 265 336 370 196
0 85 119 185 206 265 266 326
19 50 125 248 271 272 326 0
0 74 79 252 337 378 383 214
10 55 110 127 178 247 334 2
9 43 72 127 180 206 337 0
0 9 11 49 50 267 370 147
0 33 36 74 167 231 324 228
11 32 49 105 110 180 380 290
164 167 195 238 265 334 359 328
0 37 74 119 120 195 206 338
154 193 217 231 260 297 354 17
119 180 189 247 267 301 319 0
7 32 110 168 180 328 375 146
107 110 167 221 260 271 336 32
36 52 74 76 110 221 271 264
3 7 110 140 263 308 375 63
19 84 110 132 264 271 355 93
19 35 115 224 244 260 271 214
9 11 50 110 119 127 154 172
36 39 104 110 120 189 231 284
11 32 49 105 110 189 250 64
18 49 110 119 146 190 373 257
120 231 252 326 331 339 354 297
119 189 247 301 315 319 379 267
125 168 217 260 265 271 277 32
87 177 241 244 275 311 337 260
10 25 105 110 274 311 343 3
36 39 110 231 255 297 311 222
19 21 210 238 300 309 336 76
32 39 111 125 206 222 252 110
32 125 260 271 297 324 354 168
49 173 214 241 244 248 275 294
22 74 110 154 173 313 340 211
25 76 92 110 119 186 247 214
15 35 50 61 140 173 238 309
13 32 180 198 241 250 306 301
9 38 119 180 247 301 379 134
31 45 96 119 120 198 265 149
0 85 119 198 206 266 328 265
0 19 50 271 272 326 379 248
0 74 214 252 265 337 383 79
6 33 76 177 237 294 340 110
76 119 180 189 247 301 319 177
76 92 96 119 247 256 272 0
55 77 127 175 197 219 349 150
21 76 127 171 210 265 300 295
9 86 119 127 218 330 381 175
9 103 127 244 295 296 348 53
81 140 151 164 234 293 334 265
10 19 48 168 234 306 349 186
50 67 231 243 245 265 348 92
119 127 174 193 247 304 354 244
35 99 193 210 231 238 239 252
9 119 127 170 174 247 335 265
67 107 169 205 221 243 301 61
76 112 161 221 234 326 349 379
22 59 140 241 266 330 350 86
9 63 64 127 296 315 348 281
52 77 127 293 339 349 358 122
55 127 219 330 332 339 349 276
17 21 127 238 268 300 383 134
0 48 49 127 206 239 252 236
43 123 151 227 239 293 307 197
9 119 127 131 239 247 287 172
9 120 127 213 225 268 315 204
96 119 127 144 234 315 349 338
19 159 168 210 222 295 321 268
40 62 73 150 186 239 344 349
52 110 125 140 297 349 358 147
7 76 110 200 293 297 349 320
76 92 110 119 186 234 247 206
38 55 98 113 243 259 349 334
19 21 76 127 138 210 336 382
0 119 185 206 244 303 377 76
34 45 48 123 173 205 239 312
9 119 127 154 247 287 303 28
9 13 127 133 161 274 330 175
77 123 172 255 290 293 383 226
9 103 127 172 217 301 348 281
9 15 76 86 127 247 327 35
72 127 180 214 268 274 324 103
55 77 98 127 175 219 349 150
21 76 127 171 210 295 300 265
9 86 119 127 218 330 381 268
9 53 64 127 295 296 348 334
81 140 164 234 265 275 334 376
78 127 206 234 241 247 334 74
67 78 127 205 206 245 348 330
127 174 247 330 334 348 354 180
19 52 76 99 210 238 252 334
119 127 168 174 218 247 330 170
61 107 169 205 221 242 326 60
90 112 161 221 234 326 349 154
22 59 86 241 266 330 350 140
9 63 64 127 167 296 348 177
33 52 77 127 293 356 358 339
2 15 120 127 219 331 349 49
49 50 56 127 241 306 349 176
9 119 120 127 131 247 287 327
9 120 127 225 268 284 315 85
19 87 168 210 265 271 295 76
35 59 62 113 241 311 380 290
7 10 12 19 104 110 371 189
10 52 121 132 222 305 349 382
86 218 241 267 314 330 332 179
3 110 182 226 291 295 355 348
7 32 83 110 293 295 301 76
111 130 147 284 295 297 349 176
43 52 55 98 150 311 349 33
17 78 177 179 241 268 311 72
32 76 110 131 154 259 340 1
7 13 32 76 110 243 293 111
33 43 98 151 188 225 278 267
12 45 52 173 217 230 257 211
22 113 133 149 161 237 326 16
59 72 76 209 241 339 374 344
9 10 110 127 317 347 379 383
9 137 230 247 287 301 347 315
83 98 115 173 205 223 243 46
9 80 98 127 243 272 349 301
15 55 77 98 257 272 349 197
19 23 62 99 102 210 265 252
9 45 127 273 301 308 370 124
48 52 55 98 150 234 349 259
17 22 59 111 209 268 374 215
7 32 47 81 110 265 301 19
15 32 48 110 166 186 250 36
15 46 107 160 243 306 347 7
7 32 110 243 273 287 306 250
19 33 99 168 210 295 380 159
0 62 113 133 237 284 344 173
9 119 137 174 247 317 347 293
98 115 129 223 240 243 272 31
52 98 182 243 272 304 373 293
9 15 48 55 74 98 272 149
93 109 209 252 278 339 370 268
9 45 75 124 127 293 308 370
67 98 113 169 272 331 339 35
0 59 173 241 272 339 374 113
10 32 105 110 119 266 304 273
43 52 55 98 150 311 349 33
32 110 131 215 250 304 346 314
98 104 123 130 215 239 259 7
35 52 113 173 217 349 358 12
9 22 33 98 150 330 349 362
22 33 59 98 167 209 374 339
9 105 110 119 189 266 304 32
76 81 95 98 164 174 266 39
48 110 119 186 234 247 380 168
50 107 206 221 243 284 309 339
98 151 221 222 242 243 339 301
59 174 209 221 270 286 350 339
9 45 119 124 127 301 370 281
81 151 164 174 240 324 382 17
9 48 70 110 119 174 247 297
19 70 99 111 159 295 380 61
48 62 154 259 311 344 349 377
22 59 86 189 301 332 344 161
9 45 111 124 127 194 308 370
33 67 98 113 169 331 339 123
40 73 76 111 150 186 290 314
45 52 98 110 167 217 349 320
98 113 133 161 227 237 326 189
59 72 209 241 301 339 374 257
9 10 45 126 127 347 379 134
9 137 230 247 287 301 315 347
98 115 205 223 243 347 383 83
80 98 127 243 272 304 349 9
15 55 77 98 197 257 349 256
19 23 62 99 102 210 339 252
9 45 127 140 284 308 370 273
19 99 159 168 210 295 380 33
59 72 209 241 272 344 374 339
7 10 110 127 160 194 272 189
9 79 137 247 276 301 347 317
46 98 115 189 223 243 272 146
9 52 98 172 182 272 304 276
2 39 55 98 202 234 272 60
72 78 93 252 272 301 348 368
32 105 110 127 212 266 304 95
15 43 55 77 98 259 272 167
19 76 99 102 209 210 238 252
9 26 45 127 222 308 382 75
9 70 119 127 174 247 308 382
46 67 70 169 243 272 331 76
40 73 98 150 173 272 372 111
7 48 125 154 297 349 359 202
32 110 250 272 292 304 349 126
59 120 209 222 324 347 374 350
75 119 266 273 276 285 304 368
76 92 119 174 186 247 347 266
55 76 98 123 173 259 270 349
111 173 209 217 252 268 374 59
9 10 105 110 177 196 350 270
7 32 68 110 237 250 375 112
9 76 104 110 168 212 274 7
19 83 99 159 210 295 380 168
62 86 173 272 306 349 358 76
19 67 222 242 309 331 349 308
40 73 91 150 185 223 290 98
36 52 110 149 280 335 349 303
105 110 131 247 274 319 334 74
19 76 99 168 210 271 295 243
15 48 52 62 240 241 295 150
75 144 173 193 291 330 350 349
9 48 127 194 308 370 373 214
15 43 55 77 98 259 347 251
9 70 127 190 306 346 370 256
19 87 90 168 210 271 295 222
19 62 82 83 182 196 349 344
59 62 79 209 344 355 374 349
7 75 105 226 239 350 370 189
19 75 128 207 210 272 277 271
9 79 110 127 194 346 371 285
19 23 36 128 143 239 382 83
19 47 72 83 128 134 347 267
76 166 189 223 301 305 347 198
17 67 72 160 227 231 347 260
47 122 127 146 189 339 347 256
72 93 166 170 174 247 305 182
7 19 45 109 127 210 231 347
47 81 189 233 256 339 347 252
72 78 166 170 174 207 329 127
19 160 219 231 252 259 381 17
47 81 146 189 233 256 347 170
72 76 93 166 174 175 305 127
19 83 228 260 271 277 295 340
9 79 90 137 247 347 382 87
19 32 36 110 154 231 334 185
32 47 110 127 177 347 355 222
166 206 247 305 329 347 354 174
19 46 83 160 210 271 295 308
19 40 210 237 286 290 295 73
32 52 93 110 202 217 349 250
59 120 209 225 240 339 374 230
10 105 120 132 269 298 307 108
19 52 121 138 210 326 336 265
9 14 21 65 88 119 326 382
17 76 88 231 245 260 354 252
35 45 109 238 281 300 370 309
9 14 65 88 119 206 370 45
15 17 76 88 231 245 260 297
35 210 268 281 300 336 370 326
14 45 65 88 119 170 206 9
32 107 110 166 271 340 380 326
19 46 159 160 210 221 380 228
35 59 62 79 224 241 311 52
7 10 12 52 76 110 280 293
10 115 223 246 264 303 339 98
98 182 274 290 349 358 359 212
98 104 123 149 227 281 290 339
52 110 126 200 217 280 339 315
11 98 126 161 196 266 332 281
77 126 144 193 308 349 355 205
77 123 126 149 173 333 355 314
9 49 65 88 105 126 346 175
9 65 88 120 127 268 346 84
67 98 126 169 331 339 365 88
151 165 173 223 234 349 365 211
59 91 142 209 241 366 374 207
10 105 110 132 184 230 339 267
10 72 115 132 142 223 359 297
59 78 102 240 284 337 382 2
2 78 232 284 327 349 358 281
16 80 98 144 332 349 382 132
19 52 118 159 210 252 295 46
40 62 140 142 161 286 290 189
42 45 52 217 252 298 371 90
32 52 110 132 182 202 349 250
15 48 77 98 110 124 349 80
19 33 159 210 266 326 339 252
59 62 102 111 241 246 344 311
7 10 32 88 110 118 280 339
10 19 85 104 128 331 339 217
31 32 110 168 314 339 346 293
32 88 110 119 186 247 256 92
32 107 110 111 242 267 309 132
32 36 52 110 221 250 349 328
59 68 120 209 252 339 374 265
9 49 88 105 110 176 327 18
9 65 88 120 127 145 370 110
55 77 98 102 120 123 259 293
47 64 81 92 110 127 217 210
9 65 88 126 127 166 349 260
107 126 160 196 217 242 336 173
55 77 126 222 259 312 349 293
41 110 119 131 175 189 303 32
76 88 119 186 189 247 379 65
48 98 297 312 348 349 379 127
0 19 128 159 210 266 349 230
40 53 142 161 172 286 290 23
51 52 210 217 293 342 349 45
19 84 183 210 252 271 295 326
19 62 122 182 257 344 349 189
9 13 18 65 127 281 346 301
7 18 32 65 88 110 131 239
98 131 219 244 255 272 315 214
9 32 88 110 119 250 326 379
9 88 119 230 247 328 379 65
19 83 159 168 210 272 309 222
9 49 105 144 213 280 305 380
9 80 127 224 268 297 371 328
65 105 110 177 178 201 342 25
9 65 110 127 262 268 371 256
25 32 110 128 135 250 336 226
13 20 32 76 110 239 373 250
32 88 110 175 281 355 375 308
60 107 110 221 226 263 324 32
25 32 36 52 74 110 221 264
3 7 20 32 110 296 375 146
19 25 76 84 128 210 271 10
15 19 48 110 244 349 358 52
19 67 140 245 266 306 331 251
19 32 52 161 202 250 266 110
78 86 134 172 196 308 339 266
32 110 182 226 250 291 355 118
7 32 76 110 250 280 293 0
9 51 88 110 168 280 346 32
31 32 92 110 119 186 247 250
32 76 110 193 231 331 368 50
9 31 65 110 119 127 268 25
9 48 65 119 127 133 154 0
32 76 107 110 214 260 301 19
55 115 221 259 286 311 349 226
19 32 41 76 81 110 128 185
32 76 110 239 270 286 351 135
7 32 110 130 243 250 315 226
19 33 98 118 131 159 295 326
28 76 118 123 237 290 349 201
35 52 110 113 161 202 326 168
19 104 128 196 271 339 344 72
19 32 110 133 177 237 340 15
11 32 57 76 110 239 270 13
19 118 134 159 160 221 252 111
40 62 161 221 286 290 311 173
45 52 118 217 293 342 349 51
59 209 241 264 339 344 374 72
105 132 184 227 266 333 339 122
2 19 52 168 210 284 295 118
19 52 59 62 241 295 344 97
7 10 64 76 110 261 280 52
10 105 112 124 132 226 280 110
10 19 85 97 128 132 222 114
19 41 81 82 97 128 202 222
7 32 97 110 166 226 280 250
9 49 65 105 144 280 380 182
9 52 127 224 268 297 371 327
7 65 105 110 178 328 342 274
9 110 127 256 262 268 371 111
25 32 97 110 128 250 336 60
13 32 76 95 110 176 180 250
32 88 110 175 281 355 375 244
60 107 110 223 226 263 271 221
36 52 74 83 97 110 221 226
3 7 32 110 146 375 380 20
107 110 128 160 271 280 375 166
10 19 140 160 210 299 382 83
15 40 91 132 150 186 349 311
52 110 124 202 226 293 349 147
19 81 128 214 265 324 339 211
110 111 119 178 247 301 339 9
32 36 110 128 166 231 232 239
11 13 32 110 119 131 326 0
9 37 65 110 127 274 342 103
9 88 119 127 174 247 301 296
15 22 61 205 243 259 265 9
19 99 209 210 295 336 374 138
7 9 75 219 241 306 350 110
1 29 51 81 128 219 345 323
65 119 186 234 247 328 380 1
50 67 231 245 293 326 351 265
9 32 49 54 110 189 304 105
0 9 119 134 146 174 247 132
49 219 231 245 252 293 345 193
92 119 134 174 186 240 247 76
41 76 96 119 190 247 301 174
50 76 96 109 119 121 267 132
74 119 173 198 206 266 283 230
45 62 96 109 119 240 345 190
38 119 190 198 206 283 360 111
8 19 107 200 261 328 380 169
9 55 115 169 221 259 349 126
9 41 65 101 119 127 303 88
65 76 119 170 186 244 247 37
46 67 72 115 169 266 331 88
55 115 120 234 259 311 349 153
2 9 65 119 127 252 339 94
18 98 115 297 335 349 358 239
22 150 251 296 311 330 349 314
9 37 127 131 172 304 346 256
18 19 32 119 128 186 247 244
19 76 107 252 266 287 354 324
76 133 234 237 244 312 349 370
64 76 92 119 186 247 296 37
0 36 50 128 217 252 345 193
65 88 189 206 252 272 301 356
36 52 128 175 177 231 242 222
19 76 210 219 238 300 339 196
88 118 168 175 206 304 314 196
19 159 210 214 309 326 380 118
46 48 93 123 237 290 349 98
48 52 147 154 215 259 311 222
76 92 119 131 186 189 247 95
9 32 110 131 182 250 379 243
9 43 55 77 98 189 349 118
119 177 185 189 247 267 303 62
36 76 96 119 300 339 345 15
0 9 42 119 189 206 303 200
9 48 119 147 273 312 349 45
43 77 98 123 293 312 349 301
19 64 76 210 336 339 370 238
0 48 119 175 206 257 303 211
19 76 128 219 252 272 331 111
64 65 127 180 189 247 314 172
76 110 119 177 247 256 368 308
19 76 106 107 252 265 354 297
36 52 76 106 222 252 354 356
9 23 65 127 301 319 346 13
18 38 64 88 119 198 247 9
60 107 252 324 334 335 354 86
76 88 96 176 198 231 260 159
32 49 64 88 110 175 250 198
76 111 168 247 302 324 354 110
86 119 174 247 256 308 330 88
87 95 107 111 217 238 324 354
32 110 154 164 259 293 348 231
76 119 131 133 173 174 247 64
15 32 36 231 243 259 379 61
32 55 98 110 226 259 349 142
13 20 32 110 141 150 303 380
19 67 98 170 226 331 355 61
11 20 32 110 141 186 198 123
32 57 110 217 219 227 330 11
1 170 214 226 231 303 339 321
20 32 80 95 110 141 325 142
20 32 55 170 226 259 349 141
32 75 110 141 250 346 380 57
19 97 118 159 170 210 295 200
40 46 61 62 170 286 290 349
20 52 118 202 217 293 349 250
59 71 209 333 339 350 374 308
7 8 12 75 104 211 288 308
43 52 55 71 115 211 349 326
118 167 176 291 298 332 339 144
20 32 110 132 141 250 301 293
74 85 98 112 120 140 151 22
14 52 154 202 250 339 349 245
20 41 51 131 132 152 339 105
19 46 80 99 150 238 303 51
71 132 269 285 291 306 311 37
19 52 76 97 210 271 295 22
19 52 59 62 241 311 344 113
7 10 20 52 110 222 280 293
10 19 85 118 128 210 286 271
19 32 82 110 168 280 311 250
9 52 177 223 280 348 357 45
9 49 52 95 105 296 380 198
9 11 105 120 127 327 328 370
9 110 111 120 127 194 371 285
32 33 110 128 198 250 293 336
