75 48 125 22 30 103 118 67
82 48 14 79 92 65 34 122
103 75 48 30 31 29 99 7
75 48 125 103 30 118 34 76
48 34 122 14 82 92 65 79
103 75 48 30 99 16 34 29
107 82 8 79 67 95 100 26
82 50 8 107 21 55 79 56
21 82 8 50 84 27 107 66
82 61 27 33 8 108 127 21
82 33 27 11 127 126 8 42
27 8 126 33 82 61 115 42
8 4 33 82 77 27 39 61
79 4 33 8 82 127 14 100
79 84 39 8 40 43 82 93
108 8 79 39 33 4 40 66
33 8 107 68 79 11 95 82
21 55 8 56 82 127 33 50
84 21 39 8 82 36 40 127
66 4 108 33 82 42 8 127
27 8 66 108 61 17 42 4
69 2 18 4 77 40 37 14
69 24 5 8 2 39 40 14
5 24 69 8 89 37 13 98
4 95 11 45 107 8 46 82
21 55 82 50 8 127 56 4
21 36 55 8 32 40 82 42
36 39 32 5 8 84 37 79
36 35 89 106 79 113 5 37
25 36 67 126 92 113 53 37
15 25 37 43 92 126 36 113
15 84 37 43 25 5 36 67
21 50 8 56 4 81 55 82
84 8 21 127 39 40 82 119
66 127 4 40 108 18 33 42
69 66 4 42 8 33 32 108
32 39 69 24 36 5 40 42
32 126 67 40 4 69 36 42
43 38 36 37 32 5 93 39
45 95 38 107 11 32 50 4
50 8 21 16 27 55 56 82
8 42 50 68 33 82 16 21
8 21 55 82 27 56 101 63
21 55 27 82 8 61 56 63
82 21 127 77 63 4 18 33
84 127 39 82 8 33 4 69
63 82 126 23 33 39 8 40
63 82 33 41 126 127 92 8
126 63 11 8 82 32 33 127
11 107 8 63 82 33 32 127
21 27 55 82 107 8 11 50
42 21 100 82 30 33 107 11
42 82 35 14 5 21 37 93
66 108 67 42 92 40 82 25
108 67 61 17 40 66 5 27
126 40 18 61 108 4 25 5
69 18 126 4 40 37 5 25
24 5 69 102 14 78 37 56
5 40 56 102 113 37 25 126
43 38 14 37 35 103 120 106
95 107 40 4 45 81 38 11
50 21 82 8 107 4 11 27
21 42 35 82 37 84 92 14
66 108 92 25 40 37 67 81
36 39 32 84 8 43 93 119
36 108 66 32 40 113 13 62
36 113 66 108 42 4 25 14
46 113 84 32 93 36 43 8
46 113 126 32 0 8 36 108
46 113 43 103 15 32 41 83
84 43 39 113 103 119 32 46
113 32 43 0 46 119 79 36
43 32 79 113 93 8 57 22
32 43 39 38 8 10 79 46
32 43 113 38 46 126 79 18
15 43 113 46 38 83 119 23
84 15 69 43 93 8 79 32
126 15 100 14 106 61 89 40
126 100 32 113 15 46 41 43
103 41 35 36 22 43 53 69
113 95 46 25 41 100 67 11
113 46 41 25 100 15 92 103
84 113 69 36 79 93 43 25
126 100 113 46 0 4 125 43
103 35 22 41 14 43 84 79
107 45 95 67 100 25 92 50
8 50 21 16 55 27 56 82
8 42 50 68 82 33 16 79
8 21 82 50 55 42 101 33
21 42 82 8 4 33 55 27
21 42 36 55 82 8 32 37
36 39 32 79 84 67 69 8
35 36 89 79 82 106 113 25
25 36 67 126 92 66 53 113
15 25 37 43 92 113 126 36
15 69 84 43 8 37 82 25
21 50 56 55 8 82 127 15
8 110 84 21 33 82 39 50
110 33 8 27 21 82 42 108
27 110 42 33 8 21 18 82
27 8 110 61 17 93 42 82
69 2 77 93 61 18 62 8
69 77 2 93 8 113 18 62
39 69 93 24 125 32 43 62
126 8 39 93 40 46 4 62
36 32 21 8 79 66 46 15
36 39 84 32 8 79 93 119
36 66 126 32 8 113 40 25
8 36 126 43 69 32 93 18
35 36 103 43 8 15 113 67
67 36 25 66 108 107 92 32
66 113 36 25 108 67 92 4
46 113 84 32 39 93 119 8
46 113 126 0 32 25 8 108
46 113 43 103 15 41 32 83
84 43 39 113 46 119 32 103
113 32 43 0 46 119 25 79
43 32 113 79 93 8 2 69
32 39 43 38 10 79 46 8
32 43 38 113 126 46 79 18
15 43 113 46 38 25 37 83
15 84 43 69 93 8 24 62
95 113 15 43 100 4 8 45
126 8 113 100 32 55 46 15
69 4 126 113 43 100 46 21
69 84 11 126 43 8 41 100
69 126 84 17 82 39 40 100
41 126 100 11 8 18 92 77
66 33 4 110 8 127 82 18
33 110 108 8 4 115 66 18
33 110 42 8 27 18 108 82
27 8 110 42 61 17 82 126
77 8 126 18 61 27 14 93
36 18 126 77 8 32 93 113
36 39 32 79 8 93 43 84
36 61 126 32 107 8 113 17
46 84 113 79 32 93 43 0
46 113 0 126 32 79 8 93
46 113 43 32 103 41 119 15
84 43 39 113 79 32 69 119
113 32 43 0 46 79 119 62
43 32 79 113 93 8 2 69
32 39 43 38 79 8 10 46
32 43 113 38 126 79 46 18
15 43 113 46 38 119 126 83
84 15 69 43 93 79 8 62
126 15 61 100 89 106 14 46
126 32 100 113 15 46 8 41
41 84 103 69 113 126 18 43
84 41 39 103 36 113 43 57
95 113 46 11 41 32 43 57
113 46 41 103 15 43 53 57
84 113 39 79 119 43 103 37
113 32 0 25 79 119 36 43
43 32 113 79 22 57 2 46
32 43 39 38 79 46 113 10
32 113 38 43 126 46 79 18
15 43 113 46 25 38 83 119
84 15 43 69 93 24 79 62
126 15 100 43 113 46 0 125
75 48 125 103 22 30 104 118
48 82 34 14 92 65 81 122
103 75 48 30 34 7 29 71
75 48 103 125 76 30 118 104
48 34 122 75 92 14 81 65
103 75 48 30 29 34 7 58
107 82 8 67 79 100 95 26
82 50 21 8 107 56 67 55
84 39 82 21 8 40 36 127
66 108 4 82 33 42 8 84
66 8 108 82 27 110 4 127
66 108 82 27 18 127 4 8
27 108 8 93 17 18 61 66
11 18 77 61 40 82 127 4
18 126 11 77 82 79 61 93
36 32 126 18 93 21 42 8
36 39 32 79 93 84 8 43
36 35 79 89 106 82 103 25
36 25 107 67 32 113 95 40
107 25 36 113 61 67 126 79
46 84 113 79 93 119 32 8
46 113 0 126 79 8 32 93
46 113 43 103 41 32 79 119
84 43 39 113 79 69 103 119
113 43 32 0 79 46 119 25
43 32 79 113 93 8 2 98
32 39 43 38 79 8 10 46
32 43 113 38 126 46 79 18
15 43 113 46 38 119 12 90
84 15 69 43 93 79 32 62
126 15 106 100 61 89 14 41
126 100 32 113 15 46 43 41
35 42 101 113 14 55 127 67
38 93 96 120 113 106 101 31
38 113 5 35 78 37 58 105
5 93 42 37 106 35 78 38
42 35 101 37 106 31 48 93
100 48 67 37 53 30 42 92
82 124 92 67 34 48 100 31
31 53 3 30 103 48 35 37
7 48 31 53 30 75 22 58
7 22 34 30 48 58 75 31
34 22 48 111 7 58 75 29
34 111 58 22 16 48 71 75
34 16 111 58 7 22 52 71
34 53 16 67 52 100 26 22
67 45 26 34 25 22 52 81
45 40 66 4 82 50 81 105
55 82 40 67 5 96 32 42
67 39 32 22 36 69 82 40
67 66 40 32 33 82 4 22
55 40 42 126 82 61 100 67
69 15 18 84 40 119 21 39
105 89 22 82 13 14 40 15
89 35 103 67 15 13 36 40
107 67 40 100 11 15 22 82
107 40 27 82 61 67 55 17
18 77 40 113 39 2 103 82
126 40 61 113 108 18 82 17
14 40 113 103 18 82 43 22
103 35 43 30 113 40 48 14
22 7 103 30 48 35 37 58
22 7 30 103 34 29 48 71
34 22 111 7 29 48 67 71
82 35 8 37 67 5 15 66
53 67 65 35 25 31 37 5
67 100 82 25 11 15 45 125
38 100 31 67 2 96 113 39
35 53 5 38 106 66 37 78
35 42 31 37 101 106 36 25
67 100 48 37 42 53 105 35
124 82 100 79 92 67 34 48
31 3 53 37 103 35 30 105
48 53 7 31 30 37 75 22
7 22 30 34 48 75 58 29
34 22 48 58 7 111 15 29
34 111 58 22 16 48 71 75
34 16 52 111 58 7 22 71
34 26 67 107 82 8 25 53
50 82 107 8 21 55 56 52
21 82 50 84 27 55 8 127
82 27 21 61 33 8 63 108
27 33 11 8 42 126 82 18
8 27 33 126 61 115 42 82
77 4 33 41 18 23 127 46
84 39 8 33 127 4 77 82
63 33 8 126 23 39 82 40
63 33 82 126 8 92 41 127
126 11 8 33 63 32 23 82
33 8 107 68 11 95 82 110
55 21 8 56 33 101 3 27
42 21 100 30 33 67 127 82
42 21 100 30 33 67 82 72
84 42 39 21 8 36 93 40
27 8 17 66 108 61 40 42
40 2 8 14 4 77 18 5
53 35 31 103 30 37 3 48
48 53 31 30 7 37 22 75
7 22 48 30 34 75 58 31
34 22 48 58 75 7 15 30
34 22 58 111 48 16 71 75
34 52 16 58 22 7 111 71
107 34 82 26 8 79 100 67
50 8 21 82 27 16 56 55
42 50 82 21 33 8 16 11
82 21 50 55 42 56 8 33
82 21 42 27 50 84 33 55
82 61 27 33 108 8 127 21
82 33 27 11 126 127 42 8
27 82 33 126 8 61 115 42
77 33 4 82 127 0 8 41
84 39 82 33 127 8 4 77
63 33 82 126 8 23 39 40
82 63 33 126 92 127 41 8
126 11 8 63 33 82 32 127
33 8 107 68 82 11 50 95
21 55 8 56 82 127 3 19
84 21 39 8 82 127 36 40
96 14 93 105 120 37 8 89
93 61 89 56 77 5 23 102
84 93 79 43 103 77 39 15
66 8 93 17 40 81 4 105
27 18 11 127 126 40 8 33
27 8 61 17 126 42 40 5
69 2 77 40 18 61 5 8
69 5 93 39 24 8 37 43
14 8 35 40 4 37 13 5
14 35 37 93 5 106 120 36
42 35 37 36 101 31 106 48
48 100 42 53 37 67 35 82
124 82 79 92 67 100 34 48
35 53 31 103 30 3 37 48
48 53 31 30 7 75 37 22
7 22 30 48 34 75 58 31
34 22 48 58 75 7 15 111
34 22 58 111 16 48 75 71
34 16 22 58 52 111 7 75
107 34 26 82 67 79 100 8
50 8 21 82 16 27 56 55
42 50 82 21 33 8 16 11
21 82 50 55 42 56 8 33
82 21 27 42 50 84 55 33
82 61 27 33 108 110 21 127
82 110 61 27 33 126 127 8
82 27 61 63 126 33 127 8
27 82 126 61 33 63 108 77
41 82 77 33 63 103 15 127
84 39 41 82 33 103 127 63
63 126 82 33 39 23 61 8
82 63 33 126 41 92 15 61
126 63 11 82 41 32 33 8
33 8 107 68 82 11 63 50
55 21 8 33 56 82 101 50
42 21 100 33 82 30 11 67
42 21 100 82 30 33 8 67
84 39 42 82 8 21 36 40
27 8 17 66 108 61 40 42
69 2 77 40 61 18 5 93
69 5 93 24 39 40 8 2
35 14 37 5 120 36 93 62
93 78 37 96 5 102 56 120
36 93 31 37 106 123 86 120
36 93 31 106 37 5 89 120
36 93 16 31 5 25 29 89
93 36 3 105 5 37 65 51
93 36 37 5 102 78 56 86
36 93 37 31 106 51 89 5
93 36 68 19 58 37 92 105
19 93 16 13 89 81 117 74
38 93 120 96 55 37 58 31
38 58 5 37 105 120 89 117
5 93 37 42 78 38 58 120
5 93 37 42 58 106 31 48
5 67 37 53 102 100 93 25
5 67 124 3 102 53 65 25
103 53 37 3 22 35 5 106
53 25 68 67 37 5 22 29
118 13 29 49 92 109 16 94
96 120 58 106 55 93 37 92
92 118 58 117 105 111 83 5
5 78 68 92 93 37 42 58
16 118 49 74 122 72 75 94
96 58 120 55 93 37 51 16
58 83 92 71 51 118 117 49
92 94 14 83 88 104 48 71
58 93 37 48 5 92 103 75
85 68 58 48 19 81 117 37
118 49 75 109 13 94 16 111
37 94 65 5 58 117 16 93
103 58 31 36 106 37 94 120
58 36 92 117 5 31 99 29
31 120 37 106 123 36 93 58
43 8 27 61 17 93 98 24
69 77 61 43 8 2 126 119
69 39 24 8 43 77 93 119
95 61 11 46 43 13 63 8
27 8 17 61 126 98 110 115
77 61 0 17 41 113 63 46
84 8 77 113 39 0 14 119
0 113 77 32 8 119 41 79
32 8 43 79 46 2 93 113
32 39 46 8 43 125 38 41
46 126 32 61 38 95 8 0
126 46 113 18 41 12 43 119
46 32 126 69 79 2 18 113
32 39 113 46 79 125 69 10
95 107 46 45 11 8 110 100
21 8 50 55 56 23 15 12
84 8 21 39 119 36 127 40
8 14 66 127 93 4 5 40
14 93 96 5 120 37 123 24
93 61 89 58 77 23 100 56
84 93 103 43 79 77 100 39
93 66 89 37 81 40 23 58
66 8 40 93 17 108 81 27
32 18 2 69 8 77 46 40
8 67 32 93 18 39 5 40
32 67 8 4 110 18 40 33
42 40 14 35 8 37 5 51
35 31 14 37 42 93 58 5
67 113 58 92 22 25 37 29
67 40 66 8 3 45 92 31
67 113 8 66 4 25 92 100
84 113 8 5 67 119 14 40
42 37 5 14 106 93 18 35
37 42 48 35 31 58 93 106
37 67 30 48 85 100 125 53
124 82 92 67 100 8 37 85
30 31 37 3 53 103 48 7
30 48 75 85 37 51 125 7
92 82 14 124 34 48 85 65
103 30 31 48 37 75 58 7
67 26 48 37 5 100 53 92
107 68 8 95 67 26 82 3
21 55 8 56 82 50 101 127
21 8 55 82 127 84 27 56
27 8 21 63 61 33 82 5
27 61 8 126 33 63 21 108
41 77 63 33 15 18 103 72
84 41 39 8 33 15 93 43
63 126 33 8 93 14 23 89
82 41 92 127 51 89 37 83
126 63 11 8 41 33 32 15
126 41 63 8 61 100 33 46
126 41 18 63 127 46 37 72
84 69 37 43 127 39 41 8
14 5 35 37 40 106 127 42
37 31 35 5 42 48 93 14
37 67 48 31 53 5 85 30
82 37 67 92 124 100 48 85
31 37 53 3 30 48 103 92
48 37 30 75 85 31 67 105
48 92 37 14 82 105 67 34
31 103 30 37 48 34 58 67
67 48 26 37 5 53 100 85
107 68 67 95 33 8 26 100
18 100 40 8 107 4 95 45
21 50 8 18 56 82 55 81
8 110 84 21 33 82 39 50
33 66 8 108 4 63 115 82
33 66 4 110 82 127 8 27
33 110 108 8 4 115 66 82
8 42 27 17 110 33 115 61
8 27 110 82 115 18 36 33
36 79 2 69 57 21 37 82
79 36 8 32 69 2 93 57
32 100 10 69 36 79 14 8
39 125 8 32 79 93 62 43
108 17 79 62 8 32 36 66
79 82 18 8 11 126 57 33
126 8 18 11 32 79 36 46
18 46 4 113 127 41 8 72
69 84 8 113 100 40 32 37
18 39 125 8 46 62 40 77
95 107 110 11 8 4 45 46
8 107 50 3 82 68 33 95
21 8 55 82 56 101 127 3
84 127 39 8 82 21 33 119
66 27 8 108 33 127 17 61
27 127 18 8 33 11 126 40
27 8 61 17 126 42 40 5
2 5 8 77 14 69 37 18
100 126 61 40 8 5 81 93
14 69 5 8 102 100 40 42
102 5 37 14 31 42 69 56
100 40 67 37 102 107 53 11
27 8 11 50 21 40 100 107
21 42 107 11 127 30 72 50
84 42 39 8 82 21 36 93
42 66 108 33 4 82 8 40
108 4 8 17 40 5 93 27
14 18 93 96 120 38 105 5
93 79 18 2 77 103 58 99
93 79 36 18 103 39 2 37
93 79 108 13 89 58 23 62
93 40 18 81 4 8 105 107
81 18 4 40 8 45 50 127
8 27 4 66 40 110 33 127
103 4 84 127 61 77 21 33
4 108 84 127 8 33 82 66
108 27 17 61 8 40 82 66
27 126 61 77 40 8 108 18
2 36 79 69 37 40 14 57
69 2 79 36 93 40 8 100
39 93 79 36 8 24 40 10
108 93 17 79 40 8 13 62
82 18 8 79 11 126 40 57
126 11 8 18 40 36 93 95
18 127 37 41 46 4 40 113
69 84 8 40 37 113 93 32
18 39 125 8 40 5 77 37
95 107 11 45 8 127 4 81
21 50 127 8 56 82 55 15
84 21 40 14 69 100 5 87
18 39 125 40 24 84 41 5
66 84 126 8 4 18 40 33
66 4 18 108 107 84 33 40
42 14 8 5 37 82 18 35
42 35 37 14 122 58 103 31
67 37 48 30 85 100 125 42
79 36 84 15 122 43 57 21
79 108 8 36 84 66 57 82
79 2 69 36 108 8 30 100
79 2 69 8 93 36 100 40
39 79 93 36 8 24 10 62
39 79 36 95 93 8 110 62
108 110 66 79 8 36 93 100
17 108 93 8 79 110 36 27
18 77 17 79 93 113 46 103
84 69 93 18 40 79 100 77
18 39 125 93 62 79 46 43
126 17 95 18 79 8 46 93
69 36 8 2 32 126 79 18
32 69 36 8 10 2 40 79
39 32 8 36 46 10 40 2
95 107 110 8 36 32 11 79
8 50 21 16 27 55 56 82
42 21 50 8 33 16 82 4
21 50 82 42 8 33 57 11
21 79 33 8 82 57 50 42
79 21 33 82 57 108 8 4
79 33 82 21 57 4 100 8
79 33 82 8 4 32 57 0
79 39 33 8 10 32 82 4
79 33 84 126 8 0 4 10
79 33 8 107 68 50 57 82
8 21 55 27 82 56 33 50
21 8 55 27 82 61 33 56
127 82 21 77 18 4 63 15
84 127 39 8 82 33 43 69
107 8 127 11 82 33 63 95
107 127 21 82 8 4 33 66
43 84 8 39 40 93 37 119
43 14 8 40 4 127 89 93
93 14 96 120 37 5 38 43
93 18 79 2 37 77 102 108
93 79 36 18 39 103 37 78
93 79 108 13 58 89 17 78
8 33 107 95 68 110 81 4
8 68 101 33 16 55 82 60
101 19 8 114 60 55 68 16
101 8 16 33 82 14 55 60
33 101 8 56 27 55 82 115
77 33 4 56 119 23 64 80
84 56 39 33 8 40 93 43
33 68 95 8 4 107 110 82
21 56 127 55 4 33 64 51
84 21 39 40 127 24 36 8
27 66 8 61 110 17 108 40
27 61 66 110 40 127 18 126
27 8 40 17 110 93 61 126
69 77 2 18 61 14 103 4
69 2 8 93 24 46 77 43
13 24 39 46 67 36 93 5
14 35 13 4 40 8 12 46
14 37 96 120 93 8 5 31
100 40 113 58 37 125 25 43
100 4 8 14 82 81 66 92
126 4 100 40 8 110 46 25
21 4 68 11 33 42 107 110
8 101 127 19 68 42 37 14
14 101 127 42 8 19 37 82
120 55 101 42 93 96 5 114
18 31 100 106 37 58 93 78
36 8 18 40 93 126 77 27
36 2 79 69 43 57 119 14
69 2 36 79 93 8 40 43
39 93 36 79 8 24 43 18
108 17 93 79 36 8 40 13
18 8 79 126 57 82 40 93
126 18 8 11 40 36 93 79
69 36 8 32 18 2 40 126
36 8 39 32 115 33 2 40
8 107 95 68 110 33 45 11
68 101 16 3 127 8 19 60
63 56 101 33 55 8 82 51
33 92 8 14 41 82 67 51
33 67 63 65 19 51 8 52
67 33 42 26 52 28 51 104
8 56 61 55 27 33 82 115
27 8 56 115 61 55 33 17
77 83 23 94 72 61 119 103
84 39 127 77 8 43 103 23
33 8 95 68 127 11 110 23
21 55 8 56 127 33 27 82
21 8 55 127 84 27 56 33
61 27 8 33 21 127 17 42
27 61 33 8 21 41 126 32
41 77 33 18 103 72 127 94
84 41 103 39 127 8 33 43
33 8 68 107 11 127 32 95
42 101 68 19 55 8 127 37
42 67 127 33 101 85 88 28
42 52 67 55 101 8 5 40
35 14 37 93 101 55 42 5
37 5 35 53 67 58 3 66
15 24 40 5 84 46 77 67
126 95 40 61 11 33 8 63
21 14 4 40 2 127 82 37
48 14 51 35 106 122 96 3
92 66 51 67 48 100 29 81
66 108 4 92 100 40 81 67
108 66 40 81 100 92 25 67
15 14 35 103 92 37 48 40
15 40 92 4 66 25 37 45
15 126 40 82 55 50 31 92
126 40 92 21 82 15 41 100
126 84 40 15 82 21 11 63
11 15 100 107 41 63 125 40
15 11 100 41 95 40 18 125
14 40 48 4 21 15 35 37
48 35 106 96 14 51 92 122
92 51 29 15 48 66 67 12
66 108 92 81 4 100 40 48
66 108 4 11 81 40 100 67
108 40 30 25 126 66 81 36
15 103 35 14 48 37 92 53
15 45 40 92 100 4 11 48
15 126 55 40 82 50 48 92
92 41 15 126 119 40 72 100
15 84 126 100 40 82 41 48
107 68 100 11 45 50 95 41
55 21 56 50 27 82 11 101
2 67 33 82 21 125 30 41
68 33 107 67 66 95 8 82
42 101 33 68 82 3 55 107
101 55 35 3 42 82 21 14
66 35 53 5 92 105 25 37
48 106 96 35 51 3 122 74
29 48 34 124 122 30 35 71
34 16 48 106 29 124 76 71
48 34 29 124 111 76 16 92
68 34 81 92 48 45 26 67
56 21 55 82 50 105 101 67
84 127 39 48 82 119 1 21
66 108 27 40 8 82 107 110
66 27 108 17 40 61 82 8
27 17 61 82 108 40 126 32
14 103 77 40 2 57 82 48
48 14 106 35 122 51 103 96
92 67 48 51 57 100 103 29
95 57 11 61 46 100 40 67
14 100 48 40 103 92 35 53
48 35 123 106 92 103 122 14
92 48 29 51 67 103 57 40
67 92 40 66 25 49 2 39
67 39 92 49 38 25 40 57
126 11 61 38 95 27 32 57
36 57 21 46 32 11 27 82
100 108 36 57 46 66 32 67
36 57 108 100 32 17 46 67
57 108 36 18 126 100 46 17
15 57 18 100 46 83 12 43
84 15 39 57 43 18 24 69
107 68 95 11 57 45 50 8
55 56 2 82 8 33 46 21
33 82 22 67 105 89 46 77
33 67 82 22 46 8 77 103
67 68 33 8 82 107 85 22
42 33 101 82 8 67 55 68
42 101 55 35 21 40 82 5
35 101 14 55 5 93 37 3
5 35 66 92 53 3 37 42
5 37 35 92 31 53 48 14
48 106 122 96 51 35 74 3
48 99 29 124 105 122 96 35
29 34 16 64 124 48 71 90
48 34 92 81 26 29 53 122
68 67 45 100 107 50 40 53
50 68 101 105 45 81 58 67
21 56 55 101 42 12 3 40
84 39 40 36 8 21 119 93
27 40 17 108 5 8 66 93
15 69 40 2 61 77 18 41
15 40 69 8 12 93 2 41
14 100 15 40 12 10 35 41
14 15 100 69 24 5 36 10
36 37 14 21 105 48 35 82
36 37 5 14 35 93 48 31
67 100 15 40 22 37 36 85
15 67 40 63 22 36 46 24
95 107 68 11 40 45 63 57
68 101 16 50 60 3 104 19
55 56 33 101 8 2 82 21
33 67 56 2 125 8 30 100
33 67 56 8 41 125 39 93
33 67 68 95 107 11 63 125
55 101 42 82 68 3 8 35
67 42 33 82 101 72 3 21
67 42 55 101 52 35 40 5
35 55 14 93 101 37 5 82
35 5 37 67 53 58 92 3
36 126 67 100 40 57 95 46
15 103 48 14 43 35 92 37
107 68 15 95 8 92 67 25
8 42 101 55 50 82 68 19
55 101 42 4 48 82 40 14
48 101 106 35 51 3 122 96
92 48 67 51 66 29 122 64
66 57 67 92 100 82 4 108
57 66 108 40 67 100 17 105
57 18 11 68 100 40 107 48
50 57 48 45 101 105 82 100
55 14 48 101 42 82 40 3
48 122 51 106 96 35 3 101
51 92 29 48 67 66 64 122
66 57 108 92 48 100 67 105
57 105 48 108 40 81 100 67
57 68 45 100 107 18 50 11
8 55 82 21 27 56 63 50
21 42 8 82 33 63 50 11
21 82 33 8 11 42 50 57
21 82 42 57 127 92 100 33
84 82 21 8 24 79 39 40
13 41 40 39 82 8 89 46
66 33 82 108 40 46 4 95
42 14 82 108 126 66 40 57
21 105 14 37 82 36 40 35
48 35 106 51 120 14 92 122
92 67 66 48 51 29 100 25
66 53 126 37 100 25 67 40
15 103 37 92 43 14 53 48
36 15 53 92 37 66 57 95
36 15 53 14 37 92 48 105
84 8 56 50 40 21 127 81
66 8 61 17 82 14 27 40
27 8 61 17 108 40 83 66
27 8 126 61 17 18 108 77
32 36 41 18 77 126 103 40
36 32 39 8 41 15 84 119
32 36 126 63 38 40 15 8
15 43 14 119 126 41 37 83
84 15 43 24 39 8 5 119
15 95 11 32 36 63 46 41
27 126 17 61 8 5 40 37
84 61 103 77 17 40 18 72
126 61 17 108 46 40 27 18
103 126 18 41 46 77 72 83
84 103 93 43 5 24 69 37
95 11 45 107 13 41 63 46
27 55 21 8 56 50 40 11
36 21 32 8 103 40 41 57
14 36 100 5 2 32 17 78
77 36 107 11 40 46 95 63
107 103 84 36 41 77 83 18
61 27 107 17 108 40 8 41
27 61 77 126 40 18 8 36
36 72 77 83 41 46 122 37
79 84 69 36 40 93 57 21
30 32 22 125 46 79 100 40
22 125 67 39 32 38 41 79
22 126 66 38 67 125 32 79
15 43 41 119 72 83 46 14
15 84 43 24 93 103 37 40
66 17 108 8 13 61 46 126
18 36 11 108 69 4 79 126
38 39 84 32 93 69 79 77
14 38 4 48 40 35 82 8
48 106 35 14 3 122 51 96
92 67 48 29 25 51 100 122
46 92 95 67 45 48 40 100
14 48 100 53 92 4 37 26
48 106 123 35 96 92 122 51
92 48 29 67 51 25 104 45
126 61 46 67 95 25 17 40
15 126 18 37 92 43 46 12
84 15 69 43 39 24 103 93
15 35 14 43 36 106 13 48
126 61 11 37 15 92 40 25
57 36 2 21 40 82 37 104
57 2 36 11 21 100 82 30
57 38 2 32 36 39 46 10
57 108 38 32 66 46 0 10
57 108 38 46 36 77 30 103
57 17 46 38 0 108 32 77
107 11 18 57 95 45 8 50
84 50 8 56 82 21 57 40
66 27 84 8 11 108 40 127
27 17 40 108 8 61 37 93
77 113 18 41 83 37 104 61
84 113 93 5 37 14 41 18
113 93 18 41 25 5 40 37
43 113 41 119 46 15 12 49
43 84 69 17 8 40 46 93
43 18 39 84 46 79 103 93
107 8 68 95 45 11 50 79
55 8 2 56 82 21 33 101
2 40 113 39 33 8 82 93
84 79 39 82 40 4 43 8
108 33 79 4 82 63 8 17
63 126 79 82 33 50 11 8
82 63 33 79 92 41 124 15
126 11 63 79 8 82 33 32
8 33 107 68 82 11 79 50
8 55 21 56 33 82 101 27
42 21 100 33 30 82 11 67
42 21 100 30 33 82 8 67
84 42 39 36 21 8 82 127
27 8 17 66 108 61 40 42
69 2 77 40 18 61 93 8
69 5 40 8 18 93 2 77
24 39 5 49 69 8 93 40
8 126 40 4 5 93 61 38
14 120 93 96 106 5 35 43
40 45 92 107 95 4 8 81
27 8 11 50 40 21 127 84
21 42 127 107 50 11 72 81
84 42 21 40 127 103 36 72
27 61 8 108 17 5 40 3
126 61 27 63 40 18 41 77
103 14 35 37 43 31 5 77
126 37 25 53 92 40 67 5
15 92 37 25 126 67 41 43
15 84 37 5 25 93 43 40
15 126 25 37 32 5 40 119
43 14 15 35 103 37 5 41
31 43 37 35 5 106 93 58
43 15 25 113 89 92 22 53
53 3 105 5 25 37 14 113
82 14 3 15 48 101 37 53
100 126 38 32 18 63 10 11
11 41 100 38 63 95 46 18
100 126 32 11 38 41 18 63
107 95 68 45 11 8 100 46
21 55 56 8 50 127 51 41
84 21 8 127 33 69 100 82
18 39 8 84 127 36 33 40
8 66 14 127 4 93 18 35
14 93 96 120 37 5 123 102
93 77 18 103 79 48 102 124
93 18 102 77 69 103 79 37
93 10 125 79 80 100 24 113
93 66 37 58 86 89 40 127
66 8 63 17 108 40 4 81
63 18 11 126 4 33 8 27
27 46 126 61 8 17 18 40
39 38 2 32 77 46 8 93
38 32 126 46 40 8 87 63
43 15 14 46 41 126 72 38
69 84 43 126 8 15 63 32
41 95 46 11 100 63 15 43
69 32 41 43 100 15 30 123
43 100 41 15 126 18 63 32
43 41 15 100 119 18 125 49
43 84 41 39 103 15 24 46
95 46 11 63 41 107 15 32
27 126 17 63 61 8 50 41
27 126 41 8 18 17 63 61
41 18 103 63 72 46 91 15
41 84 103 69 63 39 91 8
107 41 11 95 45 100 46 63
21 8 27 55 36 41 56 100
79 108 82 113 0 18 33 4
79 126 108 18 11 0 82 33
27 79 17 126 61 82 63 40
77 61 79 41 63 18 82 17
84 41 39 77 103 82 79 63
107 8 79 82 33 95 68 110
8 55 21 82 56 33 50 101
42 21 100 82 33 30 11 8
42 8 82 21 33 61 100 36
42 8 33 27 82 84 21 100
82 63 61 8 27 108 33 42
82 27 61 33 127 42 8 63
77 127 82 33 63 41 72 4
84 127 39 82 8 33 43 77
63 82 126 33 39 23 40 8
63 82 33 41 92 126 127 67
126 63 11 8 32 82 33 41
11 33 63 8 107 82 127 95
21 82 127 56 55 41 42 50
84 39 21 82 40 8 127 24
66 27 108 8 40 17 61 82
69 2 18 40 77 63 37 14
69 24 39 93 8 5 2 36
36 14 35 37 5 93 8 120
95 25 61 92 40 36 11 67
27 61 17 8 37 5 126 93
61 103 84 77 17 12 83 92
126 61 17 108 8 27 40 93
69 15 126 18 37 14 41 119
69 24 5 37 15 93 8 102
69 15 126 37 5 32 8 93
43 38 39 93 8 5 32 15
79 108 113 82 0 18 33 4
79 126 108 11 18 0 82 33
79 126 27 17 8 61 82 40
77 79 18 41 61 63 103 40
84 77 39 79 103 82 40 43
107 8 79 82 33 95 68 110
8 55 21 82 56 33 50 101
42 21 100 30 33 82 11 107
42 8 82 21 33 61 100 127
42 8 33 27 82 84 21 100
82 27 33 8 108 61 42 115
77 33 4 82 127 61 63 8
84 39 127 33 82 8 4 77
63 33 126 82 8 23 39 40
82 33 63 8 41 92 126 127
126 11 8 63 33 82 32 127
11 33 107 8 82 63 95 4
21 127 82 56 55 41 42 8
84 39 21 82 8 40 127 36
66 27 8 108 40 17 61 82
69 2 18 77 40 63 14 37
69 24 8 39 93 5 2 36
36 35 14 8 37 93 5 13
95 25 92 40 61 67 11 36
27 17 61 93 25 40 37 126
69 77 2 18 37 14 41 119
69 77 93 37 2 40 18 102
125 39 69 93 24 5 37 36
39 40 126 125 8 93 95 4
66 108 8 4 40 100 84 36
108 69 66 4 14 30 100 42
69 93 24 8 80 43 5 36
79 84 39 82 43 33 127 15
79 66 108 82 4 33 0 100
79 108 4 82 33 113 0 18
79 107 11 33 82 8 95 50
50 82 21 8 55 79 33 56
21 82 50 8 84 27 33 55
82 61 27 63 108 127 8 33
82 27 61 108 126 33 63 8
41 33 77 63 82 127 15 103
84 41 39 33 82 127 15 8
63 126 33 82 23 39 8 61
82 63 33 126 41 92 15 61
126 63 11 8 41 82 32 33
33 8 107 68 11 82 63 79
55 8 21 56 33 101 82 27
42 21 100 30 33 82 11 67
42 21 100 30 82 33 8 61
84 127 42 39 8 33 82 21
27 8 66 108 17 61 82 42
77 61 18 83 4 17 92 94
84 69 39 103 24 77 93 8
126 61 108 17 95 8 40 13
69 126 15 4 14 37 18 119
69 24 15 5 8 37 39 36
15 69 126 37 32 5 40 8
43 38 39 8 15 93 32 5
95 107 11 38 45 15 8 4
8 21 50 82 110 4 107 11
42 21 4 37 14 82 92 35
48 96 106 14 42 22 16 120
48 100 66 67 22 4 81 125
66 4 100 67 108 17 40 81
77 33 4 82 127 8 41 80
84 39 33 127 82 8 4 77
63 33 126 82 8 23 39 40
33 82 63 92 126 8 41 127
126 11 8 63 33 82 32 23
33 8 107 68 11 82 95 110
55 8 21 33 56 101 82 42
42 21 100 33 30 82 67 11
42 21 100 30 82 33 8 67
84 42 39 8 36 21 40 82
27 8 66 108 40 42 17 93
69 2 18 77 37 40 93 14
69 24 93 8 39 5 2 36
36 35 14 8 93 37 5 106
107 95 25 40 4 45 8 67
21 56 92 50 25 37 55 40
8 110 84 21 33 82 39 40
110 33 21 27 108 8 107 42
27 110 42 33 21 18 15 57
27 110 17 8 61 42 37 93
77 37 18 61 4 93 41 72
69 93 10 8 18 77 2 84
100 10 69 8 93 110 62 36
10 93 36 24 79 80 113 8
10 126 95 46 17 8 93 62
35 103 69 43 14 84 93 37
107 95 45 25 11 100 92 37
50 8 21 55 16 56 27 82
42 21 50 33 82 16 8 4
42 2 21 82 55 92 4 37
69 24 2 92 80 67 93 82
66 4 17 108 107 8 63 100
36 38 126 17 0 41 57 95
126 41 43 15 38 57 103 18
84 43 103 39 69 24 41 93
95 36 107 11 8 110 45 50
8 21 50 110 82 107 11 4
2 21 42 55 84 92 14 82
41 24 38 2 18 103 22 49
38 66 95 4 108 107 100 40
38 24 2 39 40 108 41 67
38 39 4 66 100 67 46 95
108 17 63 100 66 40 38 13
18 108 126 63 17 40 38 41
41 18 103 57 63 125 100 77
69 103 41 57 84 18 100 43
57 100 40 41 69 125 10 32
57 36 100 40 10 103 30 69
57 39 10 67 36 125 18 41
126 57 63 10 41 13 125 18
15 43 126 41 13 83 113 119
84 15 43 24 13 39 103 79
107 8 95 68 50 45 82 79
21 8 55 56 82 50 19 101
84 8 21 127 82 33 37 79
8 66 126 127 17 33 100 82
18 8 100 107 127 66 33 4
42 14 127 18 8 37 4 35
48 14 106 122 35 96 93 37
7 48 99 75 71 34 16 22
34 48 7 71 75 29 22 93
34 48 122 75 7 29 111 71
34 48 7 122 71 76 75 111
34 7 75 48 71 111 76 99
36 38 126 17 0 41 57 95
126 41 43 15 38 57 103 18
84 43 39 103 69 24 41 5
95 36 107 11 8 110 45 50
8 21 50 110 82 107 11 4
2 21 42 55 84 92 82 14
41 24 38 2 18 103 22 10
66 38 95 4 108 107 100 40
38 24 2 39 40 108 41 67
38 39 4 66 100 67 40 46
108 17 63 100 40 66 38 13
18 108 126 63 17 40 38 41
41 18 103 57 63 125 100 40
69 57 41 103 84 18 100 43
57 100 40 41 69 10 125 32
57 36 100 103 10 40 30 69
57 39 67 10 36 18 41 125
126 57 63 10 41 13 125 18
15 43 126 41 13 119 18 83
84 15 43 24 13 39 103 79
107 8 95 68 50 45 82 79
21 8 55 56 82 50 19 104
84 8 21 127 82 33 37 79
66 8 126 127 17 33 82 100
18 100 8 107 127 66 33 4
42 14 127 18 8 37 4 35
48 14 122 106 35 96 93 37
7 48 99 75 71 34 22 16
48 34 7 71 75 29 22 111
34 48 75 122 7 29 71 111
34 48 7 71 122 75 76 111
34 7 75 48 71 111 76 99
36 38 126 17 0 41 57 95
126 41 43 15 57 38 103 18
84 43 103 39 69 24 41 5
95 36 107 11 8 110 45 50
8 21 50 110 82 107 11 4
2 21 42 55 84 92 14 82
41 24 38 2 18 103 22 49
38 66 95 4 108 107 100 40
38 24 2 39 40 108 41 37
38 39 4 66 100 67 40 46
108 17 63 100 66 40 38 13
18 17 63 108 126 40 61 0
18 41 63 126 103 15 46 72
18 126 41 63 103 84 15 40
18 126 41 63 15 40 48 17
43 41 15 18 119 125 100 46
43 84 41 103 39 15 24 13
107 95 45 11 50 8 4 41
8 107 50 3 68 82 19 45
21 55 8 56 82 101 50 3
84 21 127 8 82 33 39 37
66 8 126 127 17 33 100 82
18 100 107 8 127 66 33 4
42 14 127 18 8 4 37 35
48 14 106 122 35 96 16 93
7 48 99 75 71 34 22 16
48 34 7 71 75 29 22 93
34 48 122 75 29 7 71 111
34 7 48 122 71 76 75 111
34 7 75 48 71 111 76 99
34 71 7 75 48 111 76 122
34 7 71 75 48 58 111 76
36 38 126 17 0 41 57 95
126 41 43 15 57 38 103 18
84 43 103 69 39 24 41 93
95 36 107 11 8 110 45 50
8 21 50 110 82 107 11 4
2 21 42 55 84 92 82 14
41 24 38 2 18 103 22 49
38 66 95 4 108 107 100 40
66 4 38 100 42 113 108 41
84 39 38 24 40 22 100 113
126 38 113 13 0 100 67 62
126 113 41 43 119 15 38 92
126 84 43 41 103 13 40 18
126 18 43 41 40 13 38 48
43 41 15 119 18 125 49 100
43 84 41 103 39 24 15 13
107 95 45 50 11 4 100 13
21 50 55 82 8 4 56 100
21 50 4 42 82 8 36 11
42 4 21 36 127 72 100 15
42 21 4 36 27 82 8 127
21 36 42 92 113 15 58 127
84 21 39 36 127 43 8 15
66 108 127 100 42 58 36 82
14 42 127 37 48 35 5 4
48 14 122 42 106 93 30 35
48 30 7 75 122 106 22 99
48 22 7 30 34 75 29 99
67 100 22 107 34 48 85 26
107 67 100 21 34 4 42 92
84 107 21 127 39 40 119 41
107 66 108 40 127 82 42 100
36 2 32 57 40 93 63 8
41 24 36 103 38 57 18 8
36 38 126 17 0 41 95 57
126 41 43 15 38 57 103 46
84 43 39 103 69 24 41 8
95 36 107 11 8 110 45 50
8 21 50 110 82 107 11 4
2 21 55 42 84 92 14 82
41 24 38 2 103 18 22 10
66 38 95 4 108 107 100 40
38 24 2 39 40 108 37 69
38 39 4 66 100 95 67 40
108 17 63 100 66 40 4 38
18 17 63 108 126 40 61 0
18 41 63 126 15 103 46 72
18 126 41 63 84 103 15 40
18 126 41 63 15 40 17 48
43 41 15 18 119 125 46 100
43 84 41 103 39 15 24 12
107 95 45 11 50 8 4 100
21 50 82 8 55 4 56 100
21 50 4 42 8 82 36 11
42 4 21 36 127 72 48 15
42 21 4 36 27 82 8 127
21 36 42 92 113 15 37 127
84 21 39 36 127 43 8 37
66 108 4 8 127 100 82 15
14 42 127 82 37 48 35 18
48 14 122 106 42 35 96 30
48 30 7 122 106 75 22 99
48 22 7 30 34 75 29 103
67 100 22 107 34 48 85 26
126 41 43 15 38 18 46 93
84 43 39 69 103 24 41 93
95 107 11 8 110 45 50 15
8 21 50 110 82 107 4 11
21 42 8 50 82 4 107 92
21 42 27 55 82 11 8 33
42 21 100 11 33 8 82 107
42 100 21 30 82 61 33 67
84 39 127 42 82 33 40 8
27 108 61 66 17 42 8 40
27 61 77 126 40 8 127 18
79 32 36 21 46 93 57 8
32 39 36 38 79 8 93 40
32 38 66 126 79 36 40 8
15 14 43 35 84 103 93 106
108 32 66 15 79 92 95 25
108 38 24 57 79 40 93 32
95 107 11 38 50 45 57 8
21 50 27 55 8 56 82 36
21 84 36 82 100 15 8 92
84 21 108 36 66 82 4 33
84 21 108 100 33 36 4 82
33 84 108 21 4 8 82 39
107 33 21 42 11 4 36 50
84 107 42 21 103 82 57 33
27 107 108 17 61 40 42 8
69 2 77 18 40 41 127 61
69 2 5 40 18 93 37 57
49 24 39 69 5 103 93 36
107 45 50 11 95 57 40 63
50 21 27 11 36 8 82 57
36 42 21 107 57 11 41 100
84 56 40 8 37 50 15 92
27 8 17 61 40 66 93 108
14 2 84 77 93 120 35 5
126 92 61 40 5 81 108 25
14 92 69 103 5 126 113 81
103 93 5 69 35 37 40 48
100 67 11 40 95 85 45 22
67 11 100 50 40 85 45 95
11 27 8 40 100 61 67 50
61 8 27 40 17 93 5 14
27 8 61 17 40 83 5 42
27 126 8 61 40 18 5 17
41 77 103 18 37 46 12 40
84 41 103 69 39 5 43 37
126 41 61 32 13 25 40 8
35 103 14 43 69 37 31 58
53 35 66 67 25 37 31 40
92 15 14 82 124 83 88 48
53 65 37 35 103 78 25 31
126 100 25 67 40 62 5 18
103 35 53 100 22 106 36 37
53 35 37 58 67 25 100 92
53 35 37 106 92 113 25 14
31 37 35 103 106 5 58 93
113 15 25 92 58 53 22 89
53 113 105 3 37 25 89 65
65 14 92 104 3 82 67 85
65 53 103 30 3 25 78 22
107 68 8 67 45 95 40 100
8 21 55 56 50 15 82 104
15 8 21 84 69 82 55 33
15 8 84 21 33 82 4 39
93 113 24 10 79 90 73 56
66 17 93 61 27 40 8 108
14 93 102 77 5 96 2 120
126 77 61 18 40 93 127 102
18 37 126 77 41 92 81 25
69 84 39 93 103 5 77 24
35 14 36 120 93 5 13 106
95 25 40 92 61 81 37 11
11 27 40 100 61 25 37 81
61 27 126 42 40 11 102 18
84 69 41 40 126 42 100 103
84 69 24 41 5 78 93 36
107 95 11 45 100 41 46 4
27 11 50 21 82 8 84 41
84 42 21 82 103 36 41 127
27 61 17 108 46 66 40 8
46 61 77 18 83 103 17 38
46 32 39 38 84 77 103 18
46 11 95 38 32 107 18 33
21 50 55 82 56 127 27 8
21 50 84 82 27 127 55 38
61 27 33 21 8 82 17 42
61 84 103 33 46 4 17 63
33 126 108 61 32 41 8 82
126 41 63 33 77 8 32 61
41 15 126 82 92 33 63 100
126 41 11 32 8 63 33 103
8 33 68 107 11 41 32 42
21 55 8 27 61 56 33 82
21 27 18 8 55 42 126 33
18 41 42 113 21 69 33 77
14 69 84 93 42 100 5 33
69 36 42 8 4 40 108 32
36 69 39 2 93 8 40 5
36 39 100 40 62 25 8 4
36 108 8 4 100 40 17 38
113 4 18 77 46 43 83 25
84 113 69 93 43 8 79 18
113 93 10 39 43 24 0 79
8 126 95 0 82 113 79 46
113 0 126 8 46 93 4 95
113 18 46 43 41 119 0 69
38 39 8 32 84 113 46 69
0 17 38 63 8 32 126 39
18 63 38 126 0 17 32 46
18 15 43 126 41 77 119 38
84 15 43 39 8 18 40 127
107 95 45 8 110 23 113 11
8 21 50 55 82 4 56 127
21 50 8 84 82 55 127 38
21 27 61 8 33 63 82 127
27 61 8 33 126 63 108 21
41 33 77 63 15 18 8 72
84 41 39 33 103 8 63 15
63 126 33 8 23 39 61 89
41 63 33 126 92 82 8 15
126 63 8 11 41 32 33 15
126 8 63 61 41 33 11 100
126 41 63 33 18 100 69 127
69 84 39 8 33 43 127 41
14 8 37 40 5 127 35 18
14 122 5 37 93 35 106 58
16 48 122 99 106 14 37 7
34 122 48 93 29 30 37 64
66 84 126 8 33 82 127 15
66 33 82 108 4 84 107 100
42 14 4 37 82 127 8 5
14 122 48 35 106 93 37 42
16 48 106 99 122 14 7 35
34 48 122 7 29 93 106 30
34 48 7 16 122 75 71 29
34 67 4 48 107 40 81 82
50 107 82 4 100 67 34 66
84 21 82 50 107 8 4 42
27 82 110 8 107 21 108 66
27 82 81 127 110 94 30 92
82 27 61 17 108 8 40 5
27 126 82 61 108 17 77 98
41 77 63 18 103 126 40 82
84 39 41 103 82 15 40 69
63 126 39 82 23 40 33 61
82 63 126 41 92 33 61 15
126 11 63 32 8 41 82 79
126 110 61 41 63 32 11 82
126 27 61 110 17 82 8 41
126 27 110 17 82 41 8 61
27 82 79 41 39 61 110 77
79 84 4 82 103 33 39 63
79 108 17 40 39 61 82 93
8 107 82 33 68 79 50 95
8 55 21 82 50 56 33 101
42 21 100 82 30 33 11 107
42 8 82 21 33 61 100 36
42 33 8 21 82 27 100 84
63 42 61 27 33 8 82 21
33 42 27 61 82 8 127 63
84 56 50 55 3 21 8 82
27 8 17 66 40 61 108 93
14 2 77 84 93 120 18 35
126 92 61 40 5 81 66 108
14 69 92 103 5 126 40 35
103 5 93 69 35 48 40 37
67 100 40 11 95 45 22 85
67 100 40 45 50 4 81 85
66 40 100 108 27 67 110 8
17 27 40 108 66 8 5 61
77 113 18 40 61 41 83 37
69 77 84 113 8 93 40 18
39 8 113 33 93 18 40 84
11 107 68 95 8 50 40 45
84 50 56 55 3 21 8 40
27 66 17 40 61 108 8 86
61 77 40 17 113 18 78 5
84 113 78 93 5 40 77 37
113 78 18 40 93 5 77 41
43 113 41 119 15 12 46 93
43 84 39 93 103 12 24 5
35 43 14 93 36 106 13 37
113 43 95 67 25 107 40 92
45 67 25 43 113 66 40 95
113 66 25 67 4 108 29 58
113 42 14 35 25 58 66 37
35 22 37 48 58 103 53 93
67 100 22 126 4 85 40 25
15 84 67 100 126 22 69 4
84 67 4 15 126 100 11 82
107 45 50 68 11 67 4 8
27 21 11 50 8 82 84 55
95 107 8 36 110 11 100 13
50 21 55 82 8 4 56 27
50 21 84 82 27 55 8 38
27 21 61 63 8 33 82 17
27 61 33 126 8 108 63 82
41 77 33 63 18 15 103 8
84 39 41 33 8 15 103 127
63 126 33 8 39 23 82 61
63 126 33 41 82 92 15 127
126 63 8 11 32 33 41 15
8 33 107 68 11 63 95 110
55 8 21 56 101 33 27 3
42 21 100 30 33 11 67 82
42 35 21 14 55 37 82 93
66 67 108 100 92 113 42 25
113 67 66 25 92 100 4 42
113 84 67 25 5 93 39 37
113 25 67 22 92 5 57 42
43 113 119 12 41 15 25 46
43 84 39 12 24 103 93 62
95 113 107 45 11 50 43 4
21 55 50 56 8 82 4 127
21 55 113 42 43 82 92 119
84 69 39 43 21 82 37 8
14 37 35 40 8 5 127 18
14 122 48 35 93 37 106 5
16 48 106 14 99 122 7 35
48 34 122 29 93 7 30 58
34 48 16 7 71 29 58 75
34 107 66 67 40 4 81 100
107 35 34 37 3 31 42 48
66 107 67 108 4 92 25 100
33 108 8 63 4 17 79 23
63 126 33 8 18 79 105 82
82 8 92 79 41 33 63 18
8 63 126 11 33 18 79 32
33 107 8 68 11 110 79 63
19 8 42 101 68 55 51 52
42 67 101 19 82 88 94 127
42 67 52 19 101 8 85 92
8 27 56 101 61 55 42 17
69 77 2 8 61 40 5 93
69 5 8 40 77 18 93 43
5 69 24 39 93 8 49 43
35 14 5 40 8 13 36 18
35 120 14 93 5 106 37 58
92 45 25 95 40 8 67 5
8 107 95 26 50 45 11 40
84 56 50 3 21 55 40 4
84 39 40 5 8 119 37 66
66 40 108 8 18 84 110 4
17 8 66 5 27 40 108 18
2 32 8 77 69 40 18 5
32 38 39 10 40 8 18 93
32 38 126 40 8 46 10 17
43 15 14 72 41 119 46 12
84 43 69 39 24 103 5 119
14 13 43 35 40 89 12 15
14 35 43 120 3 5 36 103
95 45 107 68 8 25 50 92
50 68 52 101 29 51 86 104
67 52 94 72 50 42 51 104
52 67 42 94 101 104 16 14
56 61 55 8 101 27 93 14
38 77 8 93 113 39 32 84
38 0 113 77 18 32 17 8
43 32 36 18 38 113 46 77
36 43 39 32 8 84 93 18
107 95 11 8 45 50 46 36
27 8 11 21 50 82 84 107
21 42 8 82 107 50 127 11
42 84 21 36 103 127 107 51
27 17 40 42 108 61 8 5
77 113 18 41 83 37 61 117
84 113 93 5 37 14 8 40
113 93 18 5 41 25 40 77
43 113 41 46 119 37 15 49
43 84 93 5 37 24 46 39
95 43 113 23 11 13 63 15
45 43 95 113 13 50 89 23
113 66 4 108 13 25 81 89
113 4 42 66 23 25 119 18
113 84 39 8 42 119 5 37
113 42 25 0 5 119 43 15
32 43 8 113 79 2 5 93
32 39 10 38 43 8 40 36
107 8 95 68 50 45 82 11
8 55 21 82 33 27 56 50
42 21 8 82 33 50 63 11
63 42 21 82 33 77 50 55
42 100 33 21 11 50 82 41
21 82 42 100 56 41 50 127
84 24 82 93 5 39 37 21
5 23 39 13 66 40 8 78
66 40 4 108 82 95 37 113
66 4 69 40 108 82 37 18
84 8 39 36 93 21 40 67
14 66 8 127 93 5 35 40
93 96 120 14 37 102 123 62
49 93 62 30 56 100 106 41
18 93 46 100 62 36 49 56
18 93 46 24 41 49 62 102
93 66 89 23 40 37 4 58
66 93 8 40 17 27 108 37
69 18 93 37 2 77 31 40
69 8 37 36 93 39 24 5
14 35 36 40 37 8 89 13
14 35 38 120 31 58 106 37
37 58 38 25 92 23 5 89
126 95 25 40 4 61 8 108
126 8 36 18 40 15 93 37
107 8 68 11 95 45 18 40
50 101 37 68 3 51 86 29
67 50 127 72 94 104 101 37
21 56 67 51 52 72 37 42
84 5 37 8 93 21 14 40
21 113 25 37 40 119 5 92
43 14 35 113 37 40 41 15
43 14 38 35 106 103 31 96
43 38 25 113 13 92 58 66
113 66 25 43 107 40 95 62
113 35 14 42 37 105 25 29
35 113 14 37 103 22 5 58
35 37 53 67 113 5 25 3
92 14 15 51 29 37 85 88
22 37 53 35 67 103 58 15
67 45 22 100 68 107 25 52
29 52 51 3 37 101 104 122
77 36 2 69 61 93 32 82
36 39 2 93 113 77 62 69
82 36 126 32 110 11 95 4
36 126 0 93 32 8 115 40
18 4 46 113 119 80 41 43
38 84 32 8 39 69 113 119
38 32 0 39 63 113 119 8
43 38 46 119 113 41 91 12
43 84 69 79 8 32 93 119
43 100 95 46 113 32 11 38
43 100 123 79 69 32 113 93
39 43 113 38 8 79 10 41
43 38 126 113 46 32 10 0
15 43 126 46 38 113 119 62
84 43 15 39 93 8 24 79
95 107 110 8 82 36 45 11
8 21 82 50 55 4 56 27
50 21 84 82 8 27 127 55
27 61 8 33 21 82 17 50
8 27 33 61 21 41 82 126
41 77 33 103 61 18 8 32
84 41 39 8 103 33 127 43
63 126 33 8 23 39 61 82
33 63 82 41 126 92 8 127
126 11 8 32 41 63 33 23
8 33 107 68 11 95 110 63
55 8 21 56 33 101 42 27
42 21 100 30 33 67 11 82
42 35 14 21 37 55 82 58
66 67 108 100 92 42 113 25
113 67 66 25 92 100 4 42
113 84 67 25 8 5 37 22
39 36 2 93 113 8 77 62
36 82 126 32 93 11 79 110
36 126 8 93 0 32 113 115
18 113 46 4 41 119 43 80
38 8 84 32 39 69 113 93
38 32 0 8 63 113 39 119
43 38 46 119 113 12 41 91
43 69 84 8 79 32 93 119
43 100 46 95 113 32 11 38
43 100 123 79 113 69 32 8
39 43 8 113 38 79 10 41
43 38 126 113 46 32 10 0
15 43 46 113 38 126 119 12
84 43 15 39 8 93 24 79
95 107 8 110 45 46 11 82
8 21 55 50 82 56 4 27
8 21 84 82 50 27 127 33
82 8 61 27 63 127 108 33
27 82 61 8 126 33 108 63
33 41 77 63 82 8 127 15
84 39 41 8 33 82 127 103
63 126 33 8 82 23 39 61
82 63 126 33 41 92 8 127
126 63 8 11 41 33 82 32
8 33 107 68 11 82 63 95
55 8 21 56 33 101 42 82
42 21 100 30 33 67 82 11
42 21 100 30 33 8 67 82
84 127 42 8 39 33 82 21
27 8 61 17 66 108 42 40
77 113 61 18 41 72 103 94
84 93 79 113 8 14 39 103
95 25 107 45 38 81 92 8
21 56 51 37 64 72 92 41
84 37 8 21 127 15 119 40
66 8 17 100 126 127 89 18
18 66 100 107 8 127 108 110
14 42 18 127 40 8 64 60
14 38 35 96 31 37 42 58
35 5 37 66 14 38 58 53
5 37 42 14 35 106 93 78
37 48 35 31 42 14 58 106
48 30 125 75 37 67 100 22
14 92 34 48 85 104 67 76
75 30 103 48 31 22 37 7
75 48 125 118 7 76 111 22
34 92 48 85 104 14 76 7
103 75 30 48 7 58 31 76
75 30 48 125 76 118 92 111
14 92 34 85 76 30 48 74
75 103 30 48 58 99 31 29
48 67 15 22 26 7 14 92
107 68 67 8 45 26 100 81
68 19 101 52 104 29 51 88
67 52 94 127 104 34 81 7
52 67 104 14 101 42 88 92
27 8 56 55 17 101 42 93
38 8 2 56 39 77 93 79
38 56 8 93 113 79 40 0
43 14 79 38 22 119 15 83
43 93 103 79 14 15 35 62
43 67 100 46 95 25 62 79
14 67 100 43 35 123 92 53
31 38 37 92 43 106 35 5
95 45 4 8 107 40 38 18
21 50 56 8 4 81 55 127
8 110 84 21 33 82 39 50
33 66 8 108 4 63 115 110
66 33 4 110 127 8 18 27
33 110 108 4 8 115 66 18
33 110 42 8 27 108 18 115
27 61 110 8 17 42 126 82
77 61 113 41 63 103 18 0
84 77 39 103 79 43 119 57
77 0 32 18 25 79 93 113
93 79 46 43 38 32 8 39
110 46 0 77 32 43 38 8
46 110 126 0 38 77 79 18
17 126 27 63 43 79 110 46
77 17 63 61 41 103 46 18
69 41 84 77 18 79 43 103
39 10 79 125 84 8 113 41
95 11 113 8 10 45 57 4
31 35 14 42 100 37 48 51
67 100 8 11 45 82 66 35
126 67 108 61 17 100 79 110
126 67 41 103 113 69 61 46
126 69 84 41 103 113 63 15
126 41 63 18 103 113 119 15
43 41 15 18 125 100 119 30
84 43 41 39 15 103 24 125
11 95 41 46 43 61 15 63
41 46 113 61 15 43 45 18
69 113 84 100 79 10 43 41
39 10 125 113 79 119 84 18
45 95 113 11 66 10 4 100
35 55 14 101 93 37 48 42
35 3 5 37 67 53 92 48
53 5 92 78 35 65 37 25
31 38 37 106 93 92 5 35
31 5 113 37 78 45 117 25
61 66 17 107 38 40 67 27
18 77 14 40 2 38 35 61
35 14 103 77 18 37 48 92
67 22 92 40 25 113 66 14
126 61 67 108 25 40 17 66
103 69 14 18 22 67 92 48
103 22 67 53 35 37 48 25
67 107 100 11 22 45 95 18
50 126 11 8 67 100 4 82
21 84 15 82 127 83 57 72
21 38 108 32 66 82 15 42
32 22 2 14 18 82 72 38
32 22 103 2 30 36 14 35
39 67 32 22 38 2 119 8
67 32 22 38 126 108 46 18
15 43 67 119 46 38 12 37
84 15 43 67 24 39 62 32
107 11 95 68 45 50 8 57
50 101 68 82 3 51 29 37
67 50 82 45 101 42 48 127
55 42 52 67 35 14 127 82
35 14 37 55 5 96 48 106
37 5 35 92 3 53 66 25
37 38 35 92 96 53 99 67
5 102 78 37 93 124 58 106
31 5 37 102 106 93 89 35
31 103 37 5 93 106 48 102
50 10 110 33 57 8 82 100
21 82 50 84 8 33 57 127
82 8 21 27 66 127 108 50
82 27 61 127 108 33 8 63
27 82 61 33 108 126 8 127
33 103 84 63 41 61 77 82
63 126 82 33 61 41 11 15
82 33 126 41 15 92 63 100
126 63 11 33 82 32 8 41
33 8 107 68 11 82 79 110
8 55 21 33 56 82 101 19
42 21 100 33 82 30 11 67
42 21 8 27 82 63 61 55
21 42 27 8 33 82 61 55
77 127 82 63 18 41 4 33
84 39 8 127 69 82 40 24
4 8 39 40 127 82 23 43
107 8 95 4 33 11 82 127
21 127 82 56 4 55 8 107
84 21 39 40 24 36 82 37
27 66 61 108 17 40 8 127
27 61 77 40 126 8 18 93
36 37 40 46 92 72 77 79
84 39 79 37 40 93 36 43
39 8 40 89 79 58 93 84
35 14 66 36 37 106 93 79
66 92 108 25 67 79 40 29
32 108 66 79 93 25 36 62
32 14 30 36 37 4 100 40
14 30 48 37 100 36 106 35
38 32 67 100 30 48 92 36
107 95 11 100 38 50 45 57
84 39 41 33 103 15 127 82
63 126 33 82 39 23 61 8
63 33 82 126 41 92 61 15
126 63 11 8 32 33 41 82
33 8 107 68 11 82 95 63
55 8 21 33 56 82 101 27
42 21 100 33 30 82 11 67
42 21 100 82 33 30 8 67
84 42 39 8 36 21 82 93
27 61 66 8 108 17 42 40
27 77 61 8 126 40 93 18
36 72 92 37 77 79 93 46
84 39 79 93 43 36 37 8
39 8 58 89 79 93 84 12
35 14 66 93 36 106 79 120
66 92 108 25 67 79 29 81
14 93 4 79 37 92 48 53
14 48 93 106 122 30 103 79
107 100 67 92 95 4 45 40
21 50 27 55 8 56 92 100
84 36 21 103 92 100 72 15
36 108 84 21 100 103 66 8
107 11 36 100 108 66 42 4
107 84 100 36 103 42 57 11
27 107 108 40 61 17 66 36
14 18 37 77 103 127 41 35
48 14 96 93 106 16 37 35
107 92 45 50 67 95 100 25
50 21 8 57 107 82 11 56
21 82 27 8 57 33 50 55
21 57 127 37 72 92 82 15
84 21 39 37 127 57 15 119
82 63 33 41 126 92 15 127
126 63 11 82 8 33 41 32
33 8 107 68 82 11 63 79
55 8 21 56 33 82 101 42
42 21 100 33 82 30 11 67
42 21 100 82 33 30 8 61
84 42 39 8 36 21 82 93
66 27 108 8 17 42 40 33
27 11 18 126 8 127 33 42
27 61 17 126 40 8 42 93
77 61 113 41 40 18 63 72
84 93 113 78 5 39 77 40
113 78 77 93 40 18 5 41
43 113 41 119 12 15 93 46
43 84 39 93 24 12 79 103
35 43 14 93 106 13 36 120
107 95 113 45 40 25 67 92
21 50 55 8 56 82 4 127
21 14 4 69 42 2 82 8
48 24 14 106 96 42 43 16
107 66 64 81 4 95 40 82
107 66 84 21 4 81 82 42
107 84 66 4 42 108 81 21
42 66 4 108 82 22 30 14
48 22 42 14 35 103 30 82
22 67 32 39 38 85 8 2
107 67 22 45 95 50 11 38
27 50 11 21 82 8 84 107
21 84 42 36 82 107 127 41
42 108 21 27 36 84 82 107
2 69 42 36 40 30 82 14
14 2 69 40 5 33 63 36
39 10 79 93 24 62 43 46
10 126 36 110 93 79 62 108
110 126 11 100 18 36 10 79
126 69 27 2 61 93 37 62
27 126 61 17 83 8 49 40
32 77 61 36 2 69 40 16
36 39 38 32 40 41 43 10
95 107 36 110 11 38 82 8
50 21 8 82 27 16 56 55
8 42 50 33 68 82 21 11
55 21 82 8 56 33 101 50
42 21 82 33 100 11 30 67
42 21 82 100 33 30 67 4
84 127 82 42 39 33 8 21
27 8 108 66 82 17 61 42
61 77 18 4 17 83 72 92
84 103 39 69 24 77 93 5
126 61 108 17 95 8 40 4
69 126 15 4 37 18 14 119
69 24 5 15 37 8 93 39
69 15 126 37 32 5 4 8
43 38 39 15 5 32 93 36
95 107 11 38 45 8 15 4
27 11 50 8 82 21 84 127
84 42 21 82 103 36 61 127
27 61 108 17 8 82 5 42
27 61 126 108 17 8 63 18
32 36 126 41 61 77 103 18
36 32 39 84 41 103 119 15
36 32 126 61 38 63 15 40
15 43 14 126 36 37 41 119
15 84 43 36 32 39 40 5
82 63 33 126 41 92 15 127
126 63 11 82 8 33 41 32
33 8 107 68 82 11 63 79
8 55 21 56 33 82 101 42
42 21 100 33 82 30 67 11
42 21 100 82 33 8 30 61
84 42 39 8 36 21 82 93
27 8 66 17 108 61 93 42
77 61 18 4 17 83 93 40
84 39 69 103 93 24 77 5
14 35 93 36 106 13 120 5
126 61 108 25 17 92 95 93
69 15 126 37 4 14 18 25
69 24 5 15 37 93 39 8
69 15 126 37 32 5 93 8
43 38 39 93 15 36 5 32
95 107 11 38 45 15 8 46
84 21 50 8 82 55 56 4
84 4 21 50 8 82 33 66
21 42 33 4 27 110 8 50
2 38 21 24 84 39 5 8
38 4 66 108 40 95 13 89
108 8 24 5 57 32 40 89
126 100 10 57 4 110 40 108
15 24 84 8 57 43 5 64
15 95 64 107 4 11 100 57
50 110 107 8 21 100 4 11
21 27 17 8 61 40 42 5
84 103 38 61 40 77 17 117
11 107 95 108 110 66 77 61
110 108 107 10 66 33 0 8
110 100 10 11 126 33 4 82
82 63 33 126 41 92 127 15
126 63 11 82 8 33 41 32
33 8 107 68 82 11 63 79
55 8 21 56 33 82 101 27
42 21 100 33 82 30 11 67
42 21 100 82 33 30 8 67
84 42 39 8 36 21 82 93
27 8 66 17 108 61 93 42
77 61 18 4 83 17 93 40
84 39 69 103 93 24 77 5
14 35 93 36 106 13 5 120
126 61 108 25 17 92 95 93
69 15 126 37 4 14 18 93
69 24 5 15 37 93 8 39
69 15 126 37 5 32 93 8
43 38 39 93 5 15 36 8
95 107 11 38 45 8 15 46
21 8 50 82 4 107 110 56
21 42 4 14 37 82 92 35
48 106 96 42 24 14 82 16
66 64 121 48 81 4 40 5
66 4 108 17 40 81 100 107
42 14 18 106 37 5 3 48
48 42 106 96 122 74 14 83
92 48 67 53 99 29 117 37
48 92 31 53 37 75 100 3
48 16 106 75 83 123 99 74
92 48 29 122 75 83 99 117
92 48 75 29 103 118 104 30
16 48 75 74 106 123 83 76
92 48 29 75 122 117 34 104
92 48 75 29 76 118 103 104
107 68 8 67 33 95 79 100
55 21 8 56 27 82 50 33
42 21 30 100 107 67 72 125
42 21 100 30 67 61 72 82
84 39 42 8 36 93 21 82
14 127 66 43 5 35 42 8
93 14 96 5 35 37 24 120
93 113 58 24 96 103 90 15
93 66 37 58 89 23 92 81
66 81 4 108 40 25 95 107
4 108 40 8 66 17 5 127
18 126 4 40 8 61 127 5
8 38 18 2 40 37 39 5
14 38 40 35 5 89 105 37
35 5 31 93 113 14 37 120
5 37 66 25 35 67 14 42
92 56 93 37 5 102 96 3
36 31 93 37 5 106 14 78
36 37 5 31 53 105 67 14
67 25 40 36 37 105 89 45
40 95 25 67 38 81 89 18
14 37 35 40 36 105 94 113
37 35 14 31 113 5 36 123
37 5 14 29 58 25 53 66
5 37 53 3 92 14 25 29
107 45 95 40 67 100 25 36
21 127 50 56 51 52 15 37
84 21 39 36 40 119 127 5
66 27 40 8 108 17 61 37
27 18 11 126 40 127 8 63
27 8 61 126 17 40 5 42
69 77 2 18 40 61 5 14
82 61 27 33 108 8 21 127
33 82 27 11 127 126 42 8
27 8 82 33 126 61 115 42
77 33 4 82 127 8 41 63
84 39 33 127 82 8 4 77
63 33 126 8 82 23 39 40
63 82 33 8 126 92 41 127
126 11 8 63 33 32 82 127
33 8 107 68 11 82 95 79
21 55 8 56 82 33 101 19
84 39 21 8 36 86 82 40
66 8 27 108 17 40 33 63
27 18 40 8 126 108 33 4
14 35 93 2 37 113 41 69
53 35 5 92 37 40 78 14
92 82 37 14 51 83 15 94
53 103 37 35 93 5 92 48
107 67 40 100 37 45 25 53
27 50 11 107 8 21 40 82
21 84 42 82 107 36 127 40
42 21 108 107 27 84 82 66
2 69 30 82 14 42 36 40
14 69 2 40 36 5 8 63
24 36 40 63 2 67 46 8
40 39 63 82 95 127 33 4
108 17 63 40 27 61 8 126
18 126 63 40 11 17 108 41
18 63 41 126 8 40 10 108
18 126 11 63 41 36 40 77
36 37 2 69 100 35 41 43
108 100 66 40 92 25 67 53
108 57 36 100 66 25 92 53
126 40 61 100 25 92 67 8
84 126 69 61 38 4 100 32
39 84 40 38 32 113 4 67
107 95 11 38 50 67 100 4
27 11 50 8 21 82 84 107
21 84 42 82 36 107 40 8
42 21 108 27 84 82 107 36
2 69 40 42 82 30 14 36
2 69 8 40 82 36 39 24
39 40 8 82 63 33 46 61
108 17 63 27 40 8 13 61
18 126 63 11 41 77 40 14
35 37 120 14 78 36 113 21
53 78 66 37 14 40 35 5
82 124 79 92 8 57 15 14
53 78 103 37 41 25 36 57
107 100 45 67 40 11 25 95
50 21 27 8 16 82 55 56
8 50 42 68 82 33 16 21
21 82 55 8 56 50 101 19
84 82 21 37 8 127 33 79
84 66 8 126 33 82 127 43
66 33 82 4 108 107 8 84
14 78 42 2 96 82 69 37
125 58 93 20 41 83 78 37
66 37 53 58 78 42 5 82
82 37 105 14 81 92 48 42
37 53 93 35 31 5 78 58
67 100 82 40 53 37 25 11
120 100 37 96 67 123 31 113
20 58 93 113 32 125 18 103
66 53 37 58 35 78 40 89
15 24 40 36 69 8 63 67
15 40 63 39 46 61 8 82
27 108 17 61 8 40 63 66
11 126 18 63 40 17 41 61
18 126 11 8 63 41 100 82
11 18 126 100 36 63 57 41
2 36 14 78 84 120 40 100
125 58 93 20 41 83 78 13
53 66 36 78 40 93 79 81
82 14 3 41 92 15 8 79
36 53 103 78 41 37 93 57
107 68 40 45 67 100 8 11
21 55 8 56 82 50 15 19
15 21 55 82 92 127 8 37
15 21 69 82 84 33 8 127
15 8 67 33 39 40 82 84
107 15 68 66 8 33 67 82
42 107 101 82 33 8 68 3
101 55 42 78 14 3 82 35
125 58 93 20 41 78 83 13
66 40 108 105 58 113 61 82
66 105 108 81 14 58 40 72
14 58 30 93 35 94 103 105
100 67 11 40 82 107 125 85
67 100 45 50 85 22 82 125
100 66 67 108 30 113 85 4
66 108 100 82 67 40 113 57
108 100 82 57 40 66 67 18
57 22 36 82 100 103 15 49
57 22 103 30 35 36 15 53
22 100 57 67 107 11 85 15
107 100 50 57 67 11 22 110
107 82 79 100 50 67 95 45
82 50 21 107 8 55 79 56
50 21 82 84 27 55 107 38
27 82 61 21 33 8 63 42
33 27 42 11 82 126 8 61
27 63 126 61 8 33 42 82
27 33 126 42 61 8 82 63
77 127 41 82 63 18 113 33
84 39 127 8 82 33 69 43
63 126 33 82 23 39 40 8
63 82 126 33 41 92 61 127
126 63 11 8 32 33 82 41
33 8 107 11 68 82 63 95
55 21 8 56 33 101 82 27
42 21 100 30 33 82 11 67
42 21 100 30 82 33 8 67
84 42 39 36 8 40 86 93
27 8 17 108 66 61 42 40
8 77 2 14 113 40 18 4
113 93 14 35 120 37 106 82
113 92 40 66 4 93 100 25
126 92 113 61 100 67 95 40
113 18 37 77 4 40 126 119
69 39 4 8 40 84 5 37
14 37 35 102 96 89 8 93
31 37 113 102 35 93 5 106
37 31 120 113 78 36 42 102
125 58 20 93 37 113 41 120
37 78 53 58 113 13 81 89
14 37 82 65 31 81 105 124
65 53 103 37 58 3 31 30
37 67 53 25 26 85 58 22
60 127 33 82 8 72 41 113
33 63 8 82 14 84 39 79
82 41 92 51 127 79 100 15
33 8 69 63 32 84 127 60
41 33 8 127 60 67 121 39
33 8 68 107 127 19 42 82
19 101 42 55 8 68 51 127
67 42 82 127 88 101 94 72
56 67 21 42 8 55 52 82
84 39 40 36 93 67 119 8
66 27 8 108 40 17 63 93
27 18 40 126 8 108 61 63
40 14 127 18 41 35 8 4
14 78 93 35 96 102 69 37
125 58 93 20 41 30 91 73
78 53 37 58 35 5 66 93
14 37 88 92 81 105 51 72
53 37 35 58 93 13 31 48
67 100 40 125 85 22 30 52
67 100 40 11 95 41 63 81
14 40 35 94 127 41 100 88
96 14 120 37 93 41 113 31
58 20 93 32 125 113 103 18
58 66 53 14 37 105 78 89
14 88 51 92 72 81 83 94
53 103 37 58 30 35 13 31
67 107 100 68 45 50 85 41
50 101 51 52 68 94 86 88
67 94 50 72 127 52 88 41
21 67 51 56 72 52 41 94
14 40 84 21 127 100 42 52
14 69 5 84 96 24 93 42
93 41 89 79 46 5 23 102
93 79 63 41 17 113 58 20
79 108 17 40 93 66 61 81
79 18 40 126 11 61 93 0
27 126 61 79 40 21 93 17
2 18 14 78 69 113 77 79
125 58 93 20 41 78 91 83
53 78 79 40 113 35 5 66
82 79 92 8 14 15 51 81
53 35 93 37 78 31 13 103
100 67 79 40 11 82 53 46
2 100 113 120 67 32 14 96
58 20 113 93 32 125 18 100
66 53 40 113 35 37 79 78
82 79 14 92 15 81 51 104
53 35 37 103 31 30 104 58
107 82 79 100 67 50 95 45
82 50 21 107 8 55 79 56
21 82 84 50 27 8 33 107
82 63 61 108 27 33 60 21
82 27 61 33 108 127 8 126
41 82 33 77 63 127 103 15
84 41 39 82 127 33 103 8
63 82 33 126 23 39 8 89
82 41 126 127 63 15 33 92
126 63 11 41 82 32 33 8
8 33 107 82 68 11 95 79
55 8 21 56 82 33 101 19
42 21 100 82 30 33 67 11
42 21 100 82 30 33 8 67
84 39 42 36 8 82 40 93
27 8 17 66 108 40 61 93
27 61 17 8 77 42 40 5
77 113 18 72 83 89 94 103
93 113 8 77 84 79 69 18
46 113 93 10 79 8 0 57
46 113 0 10 126 93 8 79
46 32 43 69 8 2 93 113
32 39 46 38 8 43 103 36
95 107 46 8 38 11 45 50
8 21 50 82 110 107 56 11
21 42 4 82 8 92 30 113
84 21 8 127 82 39 42 119
66 8 108 42 82 107 110 40
18 108 127 66 4 82 42 113
42 113 18 4 66 108 40 72
113 69 8 108 10 93 18 79
46 10 113 32 57 93 39 79
46 10 113 126 0 79 100 32
36 46 32 43 69 113 100 8
36 46 32 43 79 30 57 100
36 32 46 69 8 43 100 67
32 39 36 46 43 8 93 38
126 46 36 32 113 8 79 38
27 126 17 61 8 57 2 43
107 8 95 68 50 45 11 82
21 8 55 56 82 50 19 104
84 8 127 21 82 33 37 98
66 8 126 127 17 100 33 82
18 8 100 107 127 66 33 82
42 14 8 18 127 35 82 5
35 42 48 14 37 106 122 31
48 67 30 37 75 100 85 125
82 67 48 8 124 92 3 100
27 61 63 17 42 108 40 8
27 61 126 17 42 108 8 40
77 41 103 18 63 72 14 40
84 69 93 79 8 77 43 37
46 113 10 79 93 39 57 43
46 0 10 113 126 79 57 93
46 32 43 69 2 8 113 93
32 39 46 38 8 43 103 41
95 107 8 11 46 38 45 50
50 21 56 55 8 41 82 83
84 8 21 127 39 82 40 119
66 8 108 110 40 82 127 18
18 66 127 108 40 82 4 33
42 33 8 4 127 40 82 108
84 2 21 69 100 79 42 8
113 46 10 79 93 43 2 39
8 107 95 68 82 45 79 11
8 21 82 50 55 56 33 127
21 42 82 4 8 92 127 30
84 21 82 33 42 8 39 79
66 84 126 8 33 82 127 21
33 66 82 107 4 42 108 100
42 14 82 8 5 35 37 48
35 42 48 14 103 122 106 31
48 67 30 37 75 100 35 125
82 124 67 48 3 92 100 14
31 75 103 3 48 30 35 37
48 75 22 125 85 103 7 117
48 82 34 92 14 67 103 105
103 75 48 29 7 30 34 99
75 48 30 118 125 34 76 103
48 34 92 14 75 65 82 122
46 113 0 79 10 8 93 126
46 32 43 69 8 2 93 79
32 39 46 38 8 43 79 93
46 126 32 38 8 79 113 95
27 126 17 8 61 2 43 57
77 61 126 17 103 43 41 46
84 103 77 39 8 93 43 24
95 107 46 11 8 57 45 15
107 8 11 110 57 50 95 82
21 27 8 42 63 33 82 50
42 21 8 33 11 82 57 63
42 21 82 57 63 50 77 41
84 39 82 127 8 21 33 40
66 108 27 127 82 11 8 33
27 8 108 17 61 66 40 82
14 2 77 84 18 5 35 120
126 61 92 40 25 81 5 108
126 113 92 40 18 81 37 41
84 46 113 69 39 32 40 119
46 113 0 126 32 8 40 33
46 43 113 15 103 41 83 119
69 43 84 113 32 46 79 8
100 46 43 113 95 11 125 40
100 69 30 123 125 43 103 113
39 125 43 67 8 41 84 30
107 95 50 8 45 57 11 82
50 8 21 16 27 55 82 56
42 50 21 82 33 8 16 4
42 82 21 36 27 8 50 33
21 36 84 33 82 42 4 8
36 84 33 82 108 4 42 21
33 82 2 108 4 61 8 84
36 126 8 93 32 0 115 113
18 46 113 41 43 69 119 4
84 69 93 113 24 46 98 32
0 46 32 8 113 126 98 39
43 46 103 77 62 119 83 113
43 84 103 39 32 98 46 24
95 107 8 110 45 11 46 13
8 21 55 50 82 56 4 127
8 21 84 82 50 27 33 127
82 33 61 27 110 8 108 127
110 82 27 61 8 33 127 126
82 27 110 33 8 126 115 61
77 33 4 82 8 127 0 80
84 39 33 82 127 8 4 77
63 33 126 82 8 23 39 79
33 82 63 126 92 8 41 127
126 11 8 63 82 33 32 127
33 8 107 68 82 11 110 95
55 8 21 56 33 101 82 19
42 21 100 30 33 82 11 67
42 21 100 30 8 33 82 67
84 127 8 42 39 98 33 82
27 8 61 108 66 17 38 127
61 77 17 18 83 38 103 72
14 38 103 84 8 35 77 98
92 23 8 39 5 81 25 98
95 11 107 45 61 40 38 63
21 50 56 51 55 83 89 41
84 21 8 127 98 39 37 119
66 84 126 8 33 127 15 100
66 33 4 108 107 100 127 84
42 14 5 8 106 127 37 35
8 21 55 82 56 50 101 79
8 21 55 82 84 127 56 19
8 21 27 33 61 63 82 5
27 8 61 33 126 63 21 82
41 77 33 63 15 18 103 8
84 41 39 8 33 15 103 127
126 8 33 61 63 95 15 41
126 41 127 63 18 33 119 5
69 84 8 39 127 43 33 37
14 127 40 8 5 18 89 82
14 38 35 96 58 93 31 43
5 37 35 38 58 66 14 93
5 42 37 93 106 35 14 38
48 42 35 37 106 31 93 103
30 48 75 125 67 37 92 81
124 48 67 82 92 37 93 3
31 75 48 103 30 3 53 37
75 48 125 76 7 22 85 103
48 92 90 83 65 75 76 81
103 75 48 30 31 7 29 99
75 48 30 76 118 92 125 90
48 92 75 90 30 34 65 76
75 103 48 30 7 34 31 76
48 67 5 26 22 85 53 81
107 68 8 33 95 67 82 127
55 19 101 68 8 82 37 52
67 82 42 33 101 8 19 127
55 42 56 67 52 21 101 8
42 100 30 21 67 52 36 11
42 100 30 21 61 67 72 41
84 42 39 93 5 24 67 119
42 108 66 40 13 5 100 4
46 113 0 79 10 8 93 126
46 32 43 69 8 93 2 79
32 39 46 38 8 43 103 90
46 126 32 38 8 79 113 95
27 126 8 17 61 2 43 57
77 61 126 17 103 43 41 46
84 103 77 39 8 93 43 24
95 107 8 45 46 110 11 50
8 50 21 16 55 56 27 82
42 21 50 8 33 82 16 4
42 63 21 50 82 33 8 55
33 50 8 42 100 11 68 21
8 21 33 50 82 55 42 56
21 42 82 8 4 92 33 127
84 21 82 8 33 42 127 39
66 84 126 8 33 82 127 21
33 66 82 4 107 108 8 42
42 14 8 82 35 127 5 37
35 42 48 14 31 37 106 122
48 67 30 75 37 125 100 35
82 124 48 67 100 92 3 8
31 75 48 103 3 30 35 37
48 75 22 125 85 103 7 117
48 82 92 14 34 67 75 122
103 75 48 29 7 30 31 34
75 48 30 118 76 34 92 125
48 34 92 14 75 82 122 74
75 103 48 30 34 7 99 29
107 82 67 8 26 50 48 127
50 21 55 8 82 56 107 67
33 63 8 82 21 67 39 30
33 63 82 108 66 67 42 8
39 125 84 113 30 67 79 98
125 25 67 113 41 63 62 30
43 38 35 14 106 67 37 103
106 43 35 31 58 103 25 15
43 66 25 67 92 15 29 35
66 43 95 25 113 67 46 81
66 113 25 67 100 43 81 46
84 100 69 113 30 25 36 43
125 39 113 30 43 24 84 41
125 113 25 41 30 22 43 57
43 38 35 14 103 15 106 104
43 103 58 35 106 25 31 37
43 25 45 66 15 67 29 81
108 66 25 107 38 67 46 113
46 108 98 32 82 125 2 25
46 83 82 99 98 14 104 74
108 46 24 93 79 98 32 10
46 100 11 45 95 107 62 25
50 4 100 27 82 21 8 107
42 21 84 46 4 18 113 62
113 62 69 46 84 125 25 21
46 113 30 125 10 100 62 24
46 113 24 125 51 8 10 93
46 62 113 108 66 125 107 25
46 14 62 35 113 125 42 25
103 35 62 30 14 46 25 48
107 8 50 82 68 67 45 95
21 55 8 82 56 50 127 104
84 127 21 8 82 33 39 79
66 127 82 33 108 42 100 18
42 14 127 8 82 35 5 48
35 42 48 122 37 14 106 103
125 49 56 98 67 41 8 30
41 95 40 13 33 63 82 67
31 14 82 35 55 103 93 67
67 92 40 66 15 26 31 82
67 68 95 107 26 33 3 45
101 16 3 8 19 37 92 74
42 3 101 28 8 19 92 127
101 55 35 42 103 3 92 14
66 61 67 38 92 25 108 17
18 32 61 126 38 108 25 17
18 14 35 88 15 22 41 105
103 35 41 18 15 36 69 58
126 100 67 25 18 41 53 22
100 14 22 36 67 92 105 103
103 22 53 35 100 36 67 30
67 100 45 22 85 11 40 95
8 21 126 67 82 11 100 50
21 35 82 14 113 37 58 103
66 35 82 37 113 100 53 67
88 92 14 94 118 15 83 111
53 22 35 29 37 103 67 15
107 67 100 68 57 45 22 125
101 67 16 104 68 105 29 37
67 101 104 29 88 83 94 22
67 52 104 16 42 101 105 88
56 55 40 67 96 113 12 93
125 49 56 67 30 24 46 98
41 45 13 95 46 67 40 63
35 31 14 55 103 93 37 96
67 92 45 41 26 99 16 113
67 68 45 95 107 81 16 26
16 81 105 3 28 92 13 41
69 2 8 80 21 24 10 93
46 10 125 39 80 62 93 91
66 4 46 95 107 8 108 62
4 66 8 108 46 17 62 33
4 18 8 66 126 108 46 62
4 18 69 42 46 62 126 8
69 39 46 8 93 18 62 36
46 69 62 8 4 32 18 25
43 39 32 8 38 46 69 36
43 38 46 35 113 32 8 62
35 31 42 14 37 43 106 113
92 37 25 67 31 35 48 53
31 35 37 53 123 103 3 25
25 67 46 45 92 37 43 29
4 67 25 92 8 82 46 43
46 25 126 8 4 62 67 66
35 103 21 84 42 14 25 106
53 66 25 37 35 48 3 36
103 53 35 15 37 3 25 36
25 46 11 41 53 125 15 45
21 25 46 113 37 100 62 92
21 113 25 62 84 69 37 100
46 113 30 125 62 24 100 10
113 46 125 24 25 51 41 62
46 113 66 62 95 45 35 51
24 14 35 96 113 46 37 5
45 46 113 66 95 64 25 51
46 113 25 62 125 51 18 43
43 46 113 25 103 62 119 37
43 62 69 84 125 25 113 30
43 125 39 30 113 67 8 84
43 125 25 67 113 62 41 22
69 2 8 80 21 24 10 93
46 10 125 39 80 62 93 24
66 4 46 95 107 8 33 62
4 66 8 108 46 17 62 33
4 18 8 66 126 108 46 62
4 18 69 42 46 62 126 8
69 39 46 93 8 18 62 36
46 69 62 8 4 18 32 25
43 39 46 38 36 32 62 15
43 46 35 4 38 95 8 62
35 38 31 14 106 42 96 43
106 31 35 58 37 25 83 29
25 37 92 53 81 48 26 67
31 38 35 37 14 3 25 53
58 31 106 35 103 37 25 29
25 45 26 37 81 29 46 53
4 25 67 92 8 82 66 3
46 126 25 8 4 62 18 66
21 46 113 25 4 42 62 92
21 113 62 84 25 69 2 14
46 30 113 125 24 100 10 62
46 113 24 125 51 25 41 62
46 113 66 95 62 45 51 4
24 14 35 113 46 96 5 31
46 45 113 66 95 64 25 92
46 113 25 62 125 51 92 18
43 46 113 25 103 62 80 92
43 62 69 125 25 84 30 113
43 125 39 30 113 67 84 8
43 125 25 67 113 62 41 22
43 38 35 14 15 67 106 103
43 106 35 31 103 83 25 58
25 21 113 46 50 66 67 100
24 14 84 113 46 69 93 5
46 25 113 62 92 41 51 126
46 43 113 25 62 103 37 92
43 62 69 113 84 25 46 37
43 125 39 113 67 30 84 24
43 125 67 25 113 62 41 22
43 38 35 14 67 106 37 62
106 43 35 31 58 25 103 83
43 25 15 67 92 29 66 45
43 46 25 95 113 53 67 62
113 43 25 46 67 81 53 100
84 69 100 113 30 25 43 36
125 39 113 30 43 84 24 41
125 113 41 25 22 30 43 80
43 38 14 35 103 15 106 37
43 106 35 58 103 37 31 25
43 25 45 15 29 67 92 37
107 46 25 113 66 108 41 62
14 105 25 104 113 48 42 18
35 103 30 25 53 48 14 37
107 45 67 100 50 82 25 8
50 21 8 16 55 82 27 56
8 42 50 68 82 33 107 16
55 21 8 82 56 101 50 19
42 21 100 30 33 82 67 11
42 8 82 84 21 33 100 127
42 8 27 82 110 33 107 66
42 82 27 127 30 94 81 122
27 61 8 82 42 17 33 93
27 8 61 33 82 17 41 126
41 77 103 61 18 33 46 32
48 34 82 92 81 14 65 85
75 30 103 48 34 7 65 76
75 7 48 30 99 71 76 34
107 82 8 67 79 95 100 26
50 8 21 82 16 27 56 55
42 50 82 21 33 16 8 11
82 21 50 55 42 56 33 8
82 21 42 27 84 50 55 33
82 61 27 33 108 8 127 21
82 33 27 11 126 127 42 8
27 82 8 33 126 61 115 42
33 82 8 4 27 77 39 115
79 4 33 82 8 127 14 100
79 84 39 127 82 8 43 33
108 8 33 79 39 82 110 4
79 126 63 33 61 8 82 18
79 63 33 82 92 126 18 41
11 126 79 8 33 63 32 18
33 8 107 68 79 11 82 95
55 21 8 33 56 101 50 42
42 21 100 30 33 82 127 11
42 21 100 30 33 82 8 67
84 42 39 8 21 82 127 36
66 108 8 27 42 40 4 127
32 2 40 8 108 46 69 62
67 32 69 2 8 40 93 46
18 32 67 24 8 46 40 49
32 95 107 67 11 46 38 45
21 50 56 55 82 127 67 41
84 21 69 40 8 82 32 37
125 84 49 8 24 39 67 41
17 66 108 41 61 8 27 40
14 66 8 93 5 35 36 127
93 96 14 120 5 123 37 102
93 77 102 56 37 86 48 61
84 93 18 79 37 69 102 24
93 100 62 36 79 24 108 46
93 66 37 40 81 100 58 5
66 93 8 40 27 17 81 37
32 18 2 40 93 37 69 8
67 39 93 32 8 5 37 24
35 14 67 40 38 37 8 36
35 14 36 67 37 31 3 106
67 92 25 35 37 43 58 113
67 25 92 100 81 95 43 46
35 14 37 36 92 31 113 100
35 103 36 37 123 14 31 58
67 92 25 99 22 125 58 43
67 126 25 4 61 95 100 40
126 8 67 15 18 25 36 93
11 95 18 15 46 67 100 38
27 17 93 8 40 61 37 5
69 77 18 37 2 93 41 14
69 93 5 36 37 39 24 8
107 8 68 95 45 100 11 67
84 8 21 55 56 50 15 82
84 21 8 127 55 60 82 33
8 33 39 21 82 4 42 127
33 4 79 8 127 100 21 43
84 79 127 39 8 43 33 4
108 8 33 39 110 38 40 127
33 68 8 107 110 11 18 79
42 101 55 19 68 8 37 51
42 67 101 33 82 37 72 127
107 8 68 67 95 26 79 82
55 21 8 56 27 82 101 33
42 21 30 100 67 107 11 72
42 84 100 8 30 21 72 67
8 27 61 42 17 5 37 40
14 77 40 35 5 18 86 8
14 35 37 93 120 5 96 106
35 5 14 37 67 53 78 25
92 14 37 67 48 105 81 88
53 37 35 5 67 58 93 78
67 100 40 37 41 15 25 85
100 40 67 95 11 25 61 81
27 61 40 17 5 37 100 8
14 35 77 40 18 113 37 5
35 37 14 113 5 96 58 120
37 113 29 35 53 92 14 25
31 35 37 53 113 123 3 5
37 53 5 113 35 25 31 78
37 35 96 14 5 53 93 31
58 37 31 103 122 35 30 104
81 48 37 53 125 25 58 78
37 123 31 105 58 14 53 96
31 58 103 30 37 29 7 99
25 40 45 95 107 81 67 11
50 107 126 11 21 40 8 61
21 42 35 14 92 37 4 127
35 14 37 42 58 103 48 113
35 37 66 42 5 53 58 3
92 14 37 88 48 51 94 15
37 58 35 48 53 75 29 117
22 67 100 15 125 45 7 34
67 11 100 22 15 25 125 81
82 50 21 8 107 55 79 56
21 82 84 50 27 8 33 55
82 27 61 33 8 108 21 127
82 33 27 11 127 126 42 8
27 8 82 33 126 61 115 42
77 33 4 82 8 127 41 63
84 39 33 8 82 127 4 77
63 33 126 8 82 23 39 40
82 33 63 126 92 41 8 127
126 11 8 63 33 32 82 23
33 8 107 68 82 11 95 79
21 55 8 56 82 19 33 101
84 8 39 21 82 36 86 40
8 61 27 108 38 17 66 93
103 14 35 61 105 41 77 37
61 126 67 92 25 17 63 32
69 14 40 35 37 22 41 82
103 69 35 53 37 67 31 41
126 67 41 100 40 63 61 8
126 100 41 8 67 25 30 85
41 103 22 36 100 82 57 67
103 22 41 36 48 35 37 53
22 7 36 103 48 75 41 99
22 34 29 48 7 111 75 16
34 67 45 22 40 95 11 4
8 126 21 11 82 27 4 50
21 4 82 57 113 15 37 40
84 40 21 37 39 82 24 113
108 66 40 46 62 113 82 4
14 82 35 62 22 40 37 42
35 103 62 37 30 14 53 41
126 100 67 22 62 30 40 53
14 123 37 58 35 120 92 96
58 31 36 103 30 37 100 35
67 107 45 95 25 81 40 50
21 50 56 55 67 8 82 81
8 110 84 21 33 82 39 50
33 66 8 108 4 63 115 110
66 33 4 110 127 8 108 82
33 110 108 8 115 4 66 18
33 110 42 27 8 108 18 115
27 110 42 8 17 61 126 82
77 113 41 72 103 14 18 43
8 79 69 93 84 113 77 82
39 79 10 93 62 113 8 57
10 79 113 8 0 93 62 57
63 79 43 93 113 38 10 8
113 95 38 8 10 11 63 32
36 8 11 82 4 27 50 57
36 2 39 38 8 63 82 79
36 38 95 32 11 63 23 57
110 38 63 126 10 79 43 0
126 110 17 43 27 79 8 61
14 103 2 35 77 43 57 84
103 35 58 31 122 57 104 14
126 108 17 61 25 67 79 81
103 126 69 57 67 93 37 18
126 17 95 110 100 46 67 61
69 2 8 36 126 32 82 77
39 38 36 32 69 46 2 8
38 126 8 36 32 46 0 40
14 43 2 37 35 62 103 5
103 37 43 31 35 83 29 30
95 107 45 82 57 110 50 100
79 82 124 48 81 92 37 88
37 53 48 93 35 31 58 67
67 22 100 85 15 37 45 25
79 95 67 11 100 46 40 15
14 37 35 79 127 100 81 40
14 96 35 37 58 120 5 123
37 58 103 31 35 30 96 122
37 53 58 48 35 14 5 67
37 14 35 105 48 53 5 58
65 103 30 48 37 35 58 53
107 8 68 79 33 95 100 67
21 55 56 8 127 82 104 105
84 21 127 39 8 119 86 36
66 4 108 33 127 82 8 119
8 108 110 66 27 33 17 4
18 110 27 126 8 127 4 66
18 8 126 27 110 93 17 40
77 18 113 41 119 72 83 89
8 79 93 0 113 69 32 84
79 113 39 8 93 119 10 43
79 113 10 0 93 8 36 119
79 113 43 38 8 93 39 32
110 0 8 43 38 79 10 32
110 126 38 79 113 46 0 8
110 126 17 8 43 79 27 93
14 2 113 35 103 77 18 41
14 35 103 93 113 43 119 77
103 35 58 14 122 31 30 37
67 113 81 125 25 37 40 58
126 17 108 25 61 67 81 79
103 126 69 18 57 67 93 79
36 100 11 67 95 22 57 15
82 124 92 79 48 67 81 15
37 53 48 35 93 67 31 5
67 100 82 11 15 25 22 45
14 35 37 96 123 31 120 92
31 58 103 37 30 35 100 122
66 53 35 37 58 100 25 48
35 14 37 48 5 53 105 58
65 103 30 35 48 37 58 75
107 67 100 45 82 50 95 85
21 50 82 56 67 100 55 107
84 21 39 40 82 8 36 119
66 4 108 82 33 127 84 40
66 8 108 27 82 4 110 40
66 27 108 18 82 4 127 8
27 108 17 40 18 66 93 61
69 77 2 18 93 40 61 41
69 93 24 39 2 36 5 40
95 36 11 40 100 4 45 63
11 50 8 95 82 100 36 40
21 61 82 8 66 14 27 11
21 8 27 11 82 127 40 66
127 4 21 82 69 80 119 18
127 84 39 82 8 69 4 40
127 107 4 8 11 82 66 40
84 107 127 42 4 66 82 103
108 27 8 61 17 107 82 66
126 61 63 17 41 27 18 108
69 14 18 22 40 41 82 103
103 69 41 35 14 22 67 93
126 67 100 22 40 25 41 63
67 100 82 22 36 92 85 14
22 103 36 93 100 37 67 48
42 21 82 50 33 16 4 107
82 42 21 84 50 127 33 92
82 27 42 110 8 66 21 108
82 27 127 42 110 81 92 108
82 27 61 110 108 8 33 17
27 82 110 33 108 61 8 77
82 79 27 39 33 77 61 8
79 84 4 82 33 43 14 100
79 84 39 82 4 33 127 8
108 79 33 39 82 110 8 17
79 63 126 82 61 33 2 18
82 79 33 63 126 92 41 18
79 126 11 8 63 32 33 82
8 33 107 79 68 82 11 50
8 55 21 33 56 82 50 101
42 21 100 33 82 30 11 8
42 21 100 82 30 33 8 67
84 127 42 39 82 8 33 21
61 108 27 8 17 66 82 38
27 108 61 8 126 17 63 82
41 77 18 103 63 46 61 40
14 38 84 69 8 35 103 39
5 92 23 39 8 40 25 32
61 95 11 40 41 63 15 32
27 5 61 17 8 126 40 82
32 77 61 46 18 103 40 17
32 77 30 8 18 38 46 103
32 39 38 84 8 93 5 113
126 38 32 39 40 25 8 46
113 46 41 79 15 21 43 72
84 39 113 79 43 40 5 14
108 113 40 66 4 0 89 43
55 19 101 68 8 82 114 52
67 82 42 19 33 101 127 79
67 56 42 21 8 55 52 82
84 8 39 36 21 93 40 67
14 66 8 127 93 43 35 40
14 93 96 5 43 102 31 58
93 43 79 69 32 15 58 67
125 93 43 79 10 100 32 56
125 93 43 10 79 49 90 56
93 43 38 83 79 89 125 23
38 93 46 32 43 89 90 79
93 66 38 40 127 58 81 89
66 40 107 81 3 4 95 108
40 4 66 8 108 127 93 17
18 8 126 40 4 127 66 110
18 126 93 40 17 27 8 5
69 18 2 77 93 40 41 63
69 39 8 93 5 36 77 2
69 93 77 32 36 18 5 40
38 43 36 8 93 5 39 37
35 14 38 36 8 43 40 37
14 38 35 43 31 120 106 36
38 58 25 45 43 92 81 37
95 38 25 43 81 40 92 36
27 17 126 61 93 37 40 25
69 77 2 93 18 37 104 41
69 93 5 36 77 39 37 2
107 8 95 100 11 68 45 50
50 101 3 52 68 51 29 37
50 67 45 127 104 52 28 72
21 56 52 67 51 55 42 72
84 8 39 40 21 93 69 5
55 21 8 56 27 82 101 33
42 21 30 100 107 67 72 125
42 84 100 8 30 72 21 67
61 42 8 27 5 17 4 40
77 113 4 18 72 61 5 83
84 39 36 93 8 5 40 77
14 4 127 8 5 35 93 40
93 14 96 43 120 5 3 58
93 43 79 69 32 15 58 67
125 93 43 79 10 100 32 56
125 93 43 10 79 49 56 90
93 43 38 83 79 89 125 23
38 93 46 32 43 89 79 90
93 38 58 40 89 81 117 113
126 93 4 40 8 61 95 81
126 113 37 127 40 81 117 119
84 69 127 37 8 39 40 93
14 127 18 35 40 113 58 89
14 38 96 58 35 31 3 106
107 68 95 8 81 127 40 4
55 21 8 27 56 40 61 101
15 21 41 40 12 37 119 77
15 84 41 36 40 39 43 69
15 107 40 11 66 41 95 127
107 15 84 127 41 72 51 66
61 27 107 40 17 127 8 66
14 18 77 127 40 35 113 5
113 14 93 96 120 5 31 35
113 5 35 78 53 58 31 100
14 92 105 37 15 51 58 72
53 5 35 37 93 58 31 103
22 5 53 7 37 58 13 35
82 100 79 124 92 67 48 85
103 30 31 35 100 53 3 48
30 48 75 125 67 100 104 22
82 48 67 92 14 34 15 79
103 30 48 75 31 67 7 53
107 79 82 100 8 67 40 95
82 50 21 107 8 55 79 56
82 21 50 84 27 8 107 127
82 61 27 33 108 110 21 8
82 110 27 61 33 127 8 126
82 27 33 110 126 115 61 8
77 82 33 4 127 63 79 0
84 39 82 127 33 4 79 77
63 82 33 126 23 79 39 8
82 33 63 92 127 41 79 126
126 11 82 63 8 33 32 79
33 8 107 82 68 11 79 110
55 21 8 56 82 33 101 42
42 21 100 30 33 82 67 11
42 21 100 82 30 33 8 67
84 42 39 8 21 82 36 127
27 66 61 8 108 17 42 40
27 77 61 126 8 40 93 127
32 79 36 46 93 21 57 43
39 32 38 36 8 79 93 119
32 38 66 126 36 8 79 46
15 14 38 43 35 8 106 31
32 38 108 15 66 25 95 92
108 32 93 79 8 57 40 67
107 95 11 100 57 45 67 50
21 50 55 27 8 56 82 36
21 84 36 100 82 15 8 92
103 48 75 30 7 58 16 34
75 48 76 34 111 104 118 125
48 122 34 92 14 104 76 85
103 58 48 75 29 30 34 7
107 67 26 82 127 8 25 100
82 50 8 107 21 55 84 127
82 27 8 66 21 108 50 107
82 27 127 21 81 92 66 110
82 27 61 8 110 108 17 33
27 82 110 8 33 61 108 77
82 27 79 8 39 77 33 61
79 4 82 100 113 33 14 57
79 84 39 82 127 43 4 8
79 108 39 33 82 8 40 110
79 11 95 33 82 63 8 18
27 61 82 79 17 8 77 126
77 113 79 61 18 92 23 41
79 77 84 113 39 93 18 23
63 79 33 39 89 126 82 77
63 82 79 41 126 33 92 18
126 11 79 8 63 32 82 33
8 107 33 79 11 82 68 95
8 55 21 56 82 33 50 101
42 21 100 30 33 82 11 67
42 21 100 30 82 33 67 8
84 127 42 39 8 82 33 21
27 66 108 61 8 17 42 127
27 77 61 126 40 8 127 18
36 79 84 103 15 57 72 46
108 79 36 8 57 66 84 38
2 69 79 36 108 30 57 14
14 69 2 79 36 100 82 22
82 27 8 66 21 108 110 50
82 27 127 21 81 92 110 66
82 27 61 8 110 108 33 17
27 82 110 8 33 61 108 77
82 27 79 8 77 39 33 61
79 4 82 100 113 33 14 43
79 84 39 82 127 43 4 8
79 108 39 33 82 8 40 110
79 11 95 33 82 63 8 18
27 61 82 79 17 8 77 126
77 113 79 61 18 23 92 104
79 84 77 113 39 93 18 82
8 107 79 33 95 82 68 11
55 8 21 56 82 33 50 19
42 21 100 30 33 82 11 67
42 82 8 21 33 100 61 127
42 33 21 8 82 27 100 84
27 8 42 61 82 21 17 33
77 127 61 63 94 72 119 5
84 127 39 77 8 5 82 60
63 126 8 23 82 40 33 127
63 41 82 92 127 33 126 61
126 11 63 8 32 127 33 77
11 63 107 33 8 127 95 61
21 127 56 41 55 50 82 72
14 84 113 5 69 82 93 21
66 113 40 92 83 108 4 100
113 66 105 40 25 108 22 82
103 35 25 53 122 40 37 83
106 35 22 37 124 53 82 122
29 22 30 122 124 99 25 34
22 34 122 53 29 65 48 52
127 113 25 81 21 37 92 104
84 127 39 37 8 15 69 113
14 127 66 18 35 58 113 89
14 38 35 96 58 104 31 106
35 66 5 37 14 58 38 3
5 42 37 14 106 35 93 48
35 42 48 37 31 106 58 103
30 48 67 75 125 37 100 85
92 85 67 124 3 82 34 100
30 31 103 3 75 48 117 53
67 48 22 3 25 26 85 15
107 67 25 45 95 26 40 66
127 35 107 55 50 88 104 14
35 31 14 93 55 113 37 42
35 5 37 92 113 53 3 25
92 88 51 14 104 74 48 76
53 37 103 35 58 48 31 93
107 67 68 100 8 45 95 127
21 55 8 56 82 50 101 127
21 8 55 127 56 82 84 27
27 21 63 8 61 33 82 17
27 61 8 126 33 63 21 17
41 77 63 33 15 18 103 72
84 41 39 8 33 103 15 127
63 126 33 23 8 39 89 82
126 41 63 92 33 127 15 82
126 63 11 41 8 32 33 15
33 8 11 68 63 107 41 127
8 68 101 33 16 124 60 82
101 19 60 68 16 114 3 55
101 56 63 55 33 82 114 16
67 92 41 82 33 52 56 104
82 50 107 21 84 55 8 127
82 27 21 8 110 66 107 50
82 27 21 127 110 81 92 66
82 27 61 8 110 108 17 33
27 82 110 33 8 61 108 77
82 27 79 39 8 77 33 61
79 4 82 33 100 113 14 21
79 84 39 82 43 33 15 62
79 108 82 33 113 0 4 100
79 126 11 33 82 108 4 0
82 61 69 2 4 126 79 74
126 27 82 61 79 8 4 17
77 4 61 18 79 82 46 103
84 39 77 4 103 127 82 98
63 126 82 39 23 8 61 40
82 63 126 41 79 92 33 61
126 11 63 8 32 82 79 33
8 107 33 82 68 79 11 110
8 21 55 82 56 33 50 101
42 21 100 30 82 33 11 67
42 21 100 30 82 8 33 67
84 127 39 42 8 82 33 21
66 108 27 8 17 42 61 33
27 18 11 126 127 8 33 42
27 61 17 126 8 40 42 5
77 61 113 41 18 40 72 63
84 113 93 5 78 14 77 39
113 78 5 77 18 93 40 41
43 38 14 35 103 106 58 41
113 43 95 38 40 25 81 78
45 95 113 43 81 38 4 25
113 66 4 81 25 108 18 58
48 34 92 76 75 81 74 7
75 103 48 111 76 30 34 29
67 127 26 48 81 34 107 52
31 96 58 55 93 67 37 105
113 31 58 5 35 37 89 66
92 48 104 81 127 14 74 88
103 35 22 75 48 53 37 58
107 45 67 50 100 82 127 48
82 50 21 55 107 84 8 127
82 27 8 21 66 50 110 107
82 27 21 127 81 92 110 94
82 27 61 8 110 108 33 17
27 82 110 8 33 61 108 77
82 79 27 8 39 77 33 61
79 4 82 100 113 33 14 43
79 84 39 82 127 43 4 8
79 108 39 33 82 8 63 110
79 63 126 82 2 61 33 18
79 82 63 41 92 33 126 18
79 11 126 8 63 32 18 33
11 79 95 63 41 100 61 82
11 27 79 8 82 100 63 61
27 61 8 17 82 42 115 79
77 79 113 18 61 41 83 72
79 84 39 77 113 33 119 98
8 107 33 79 95 82 68 50
8 55 21 56 82 33 50 19
42 21 100 30 33 82 11 67
42 21 100 30 82 33 67 72
84 127 42 39 82 8 33 21
27 8 17 108 66 61 127 42
120 93 16 35 124 83 77 96
18 46 77 103 83 72 113 119
33 18 32 8 77 69 93 46
33 38 8 32 18 93 39 46
107 33 8 68 110 4 18 32
42 101 8 68 19 51 55 37
42 67 101 33 82 88 127 3
42 56 67 21 8 55 101 52
21 84 42 8 67 30 52 100
39 67 84 125 8 93 30 41
66 108 67 125 42 40 62 113
108 67 36 93 125 24 66 13
100 11 45 68 107 95 67 8
52 101 50 68 3 29 122 51
67 50 100 42 48 101 52 72
56 67 42 21 51 100 72 52
38 84 39 21 32 67 119 8
46 108 17 32 61 66 8 27
32 126 46 17 108 18 61 27
69 32 2 103 18 36 46 100
100 46 95 11 36 15 18 57
100 69 36 32 2 123 103 43
100 46 11 45 95 68 107 50
3 50 29 122 83 16 51 86
50 67 48 45 88 28 29 41
32 55 56 21 36 42 67 46
32 39 38 36 84 119 87 67
32 108 38 66 36 46 62 87
108 32 57 66 36 10 38 87
108 32 38 57 18 36 25 126
36 100 11 57 103 49 15 41
36 100 57 8 41 46 49 92
36 57 126 18 108 38 25 41
5 93 42 37 58 48 106 28
48 93 42 106 75 31 35 16
75 48 67 85 22 125 7 81
48 31 34 67 74 14 85 92
75 103 31 48 3 53 30 7
75 48 30 76 92 85 7 117
48 34 92 65 76 105 67 85
75 30 48 103 31 58 16 76
75 48 76 111 34 7 90 109
48 34 75 76 90 65 92 122
75 103 48 30 76 111 123 29
68 48 5 67 34 81 58 25
93 55 58 120 96 105 48 114
5 113 105 89 58 13 83 37
105 48 14 51 74 88 92 83
22 75 48 103 16 35 5 29
67 22 68 85 48 29 105 100
16 67 127 81 34 92 3 41
68 50 107 127 45 81 67 8
56 21 55 84 127 50 104 52
30 104 94 72 92 127 66 99
30 27 66 8 108 21 61 33
27 17 61 108 93 126 5 82
77 18 83 104 41 94 72 119
84 39 77 93 40 43 103 119
11 95 61 63 40 77 72 46
27 61 17 40 8 93 126 127
77 113 83 61 104 72 41 94
113 84 77 103 79 39 43 127
107 68 95 11 127 8 113 33
8 68 16 124 60 101 82 33
101 60 16 19 68 3 114 104
92 124 48 85 67 34 3 82
103 75 31 48 3 7 30 53
48 75 30 76 92 118 22 85
48 92 34 81 85 65 104 14
75 48 103 30 31 58 16 99
75 48 76 111 104 7 34 22
48 92 34 81 65 76 75 74
75 103 48 30 76 111 29 34
26 48 53 67 34 81 52 104
31 93 96 58 37 106 35 48
31 37 92 58 5 53 25 35
92 104 83 81 29 48 74 76
53 37 103 75 31 58 99 48
26 45 67 127 15 81 37 100
107 68 8 67 50 127 26 45
55 21 8 56 27 82 50 52
42 21 100 30 67 107 11 127
42 100 21 30 67 72 41 104
84 38 39 8 42 40 82 21
38 42 108 40 66 4 32 33
108 40 17 8 38 61 5 32
18 11 40 107 68 8 95 38
101 42 50 68 8 86 3 40
101 42 35 40 14 55 3 5
96 120 14 106 101 42 31 93
42 5 35 113 58 78 3 92
92 105 14 48 37 81 88 74
5 48 93 58 37 103 42 35
67 100 45 26 40 22 85 92
40 66 100 45 3 67 82 50
21 8 82 11 27 4 66 50
84 21 82 4 36 100 57 42
79 49 38 32 43 62 8 93
32 38 79 8 93 62 126 46
79 113 21 46 62 15 25 43
84 46 79 113 21 8 32 62
46 113 21 0 79 8 32 126
46 43 113 32 79 103 15 38
43 113 69 84 79 32 8 46
113 100 46 43 95 79 62 0
43 79 113 123 69 100 32 8
39 113 38 43 8 79 41 10
46 113 95 0 108 107 66 32
46 0 113 108 62 126 79 8
46 108 79 0 11 113 8 62
36 57 79 30 35 62 82 46
36 35 30 57 103 22 62 79
67 100 107 45 22 95 8 50
8 50 21 82 55 107 56 27
8 21 82 84 50 27 55 33
82 33 27 61 110 8 108 21
82 110 27 61 33 8 127 126
82 27 110 33 8 126 115 61
33 77 4 82 127 8 0 79
84 39 82 33 127 8 79 4
63 33 82 126 8 23 79 39
82 33 63 92 126 127 8 41
126 11 82 8 63 33 32 127
8 33 107 68 82 11 110 95
55 8 21 33 56 82 101 27
42 21 100 30 33 82 67 11
42 21 100 30 33 8 82 67
84 38 8 39 42 82 21 40
14 120 35 96 106 113 37 38
113 21 46 15 41 43 12 62
84 46 113 21 79 32 8 43
46 113 0 21 8 32 79 126
46 43 113 103 41 15 32 83
113 43 69 84 32 79 8 46
113 100 46 43 95 62 79 41
43 113 123 69 100 79 32 8
113 39 43 8 38 62 10 46
46 0 113 95 107 108 32 66
46 0 113 108 126 62 8 66
108 46 0 8 11 79 113 66
36 57 30 22 46 15 62 113
36 35 30 57 103 62 22 113
107 67 8 100 68 95 45 50
21 8 55 50 56 33 127 4
21 8 127 33 50 55 84 72
61 8 27 33 21 17 127 94
33 27 8 61 21 41 126 32
41 77 33 103 18 127 72 94
41 84 127 103 39 8 33 43
11 95 41 23 61 63 33 127
27 126 61 41 110 8 33 127
27 33 61 127 110 126 77 63
84 33 4 63 127 79 103 72
33 108 63 4 17 8 79 110
126 33 110 18 4 63 79 46
18 41 46 72 126 119 64 4
84 69 39 43 8 33 127 37
14 5 35 37 40 106 127 8
31 37 35 5 42 14 58 106
37 67 48 31 30 53 100 5
124 37 85 92 67 3 100 14
32 79 38 8 93 62 126 46
79 113 21 46 62 15 25 43
84 113 79 8 69 21 62 14
46 113 8 79 24 62 84 43
46 113 0 10 8 79 62 126
46 113 43 15 103 41 38 62
113 43 69 84 79 8 32 46
113 100 46 43 95 79 62 15
43 113 79 123 69 100 8 32
39 113 8 38 43 41 10 79
46 113 95 0 108 62 107 66
46 108 113 0 66 79 62 57
46 108 8 57 79 0 18 113
36 100 11 57 79 8 15 62
36 8 100 57 79 46 41 92
126 57 79 36 46 18 113 62
36 57 22 79 103 15 18 35
103 35 36 22 53 57 62 67
107 45 67 100 95 50 8 57
8 50 21 55 82 27 33 63
42 21 8 50 82 33 63 11
42 82 57 21 36 2 50 55
42 57 21 82 100 50 33 11
50 42 100 63 82 57 27 21
42 57 11 50 82 63 33 21
55 50 27 63 56 82 21 8
42 21 82 50 63 11 33 57
42 21 82 50 57 63 127 55
84 33 21 82 39 8 127 42
127 108 33 82 8 66 27 4
127 4 82 14 42 8 18 33
2 82 24 93 55 79 42 14
15 25 67 66 45 92 43 37
126 8 25 15 93 67 32 62
21 113 15 25 46 92 41 12
84 46 113 21 8 32 79 119
46 113 21 0 8 32 79 126
46 113 43 103 15 41 32 119
113 43 69 84 32 79 8 46
113 100 46 43 95 79 62 0
113 43 123 79 69 100 8 32
113 8 39 43 38 79 62 46
113 38 43 126 0 46 79 95
15 43 113 46 12 38 119 62
84 15 43 69 14 113 32 62
84 15 43 49 24 69 39 8
46 113 95 107 15 66 0 32
46 113 0 108 126 62 8 66
46 108 113 0 8 66 11 79
36 57 30 22 113 15 35 18
36 35 30 57 103 22 62 113
67 107 100 45 95 22 57 25
8 21 50 55 82 107 56 4
21 8 50 84 127 55 82 27
8 21 27 63 61 33 82 17
8 27 126 33 61 63 21 17
41 77 33 63 15 18 103 72
84 41 8 39 33 127 15 103
63 126 33 8 23 39 82 89
41 126 15 92 127 33 63 8
126 63 11 8 41 33 32 127
126 63 8 41 61 33 11 100
41 126 63 18 127 46 72 119
84 69 8 39 127 43 33 41
103 75 48 34 76 111 123 7
75 48 76 111 118 90 125 34
48 75 76 34 74 92 111 122
75 103 48 30 58 34 76 7
75 30 48 76 92 125 81 90
48 75 92 76 85 34 74 7
75 30 48 103 58 99 29 7
48 67 53 26 22 58 3 15
68 67 45 107 26 48 50 81
50 127 68 101 105 81 67 45
42 101 127 35 14 28 3 55
93 14 96 58 55 101 48 113
113 35 5 58 78 42 105 37
14 48 105 92 37 88 58 81
58 48 53 37 103 35 31 42
68 100 67 107 45 26 85 92
21 56 55 104 50 105 127 41
84 21 39 8 36 82 119 127
14 66 127 8 35 43 5 93
93 96 14 120 5 37 123 102
93 100 58 113 79 16 36 90
38 93 63 113 10 79 56 41
93 66 38 81 58 127 37 89
66 8 27 40 61 17 81 93
2 69 8 14 40 5 32 98
2 24 8 69 98 23 5 49
110 126 95 23 8 4 46 38
126 8 17 110 27 61 23 18
77 41 113 14 103 18 94 117
84 93 8 77 79 69 14 43
39 79 93 113 41 8 119 10
10 113 79 93 0 41 8 32
75 30 76 48 118 125 92 111
75 76 48 74 92 30 34 111
75 30 103 48 58 99 76 7
67 48 26 53 58 15 92 5
67 68 45 26 81 107 50 53
16 81 41 68 28 34 94 51
50 101 81 105 127 29 3 34
101 42 127 55 35 14 16 104
96 58 93 14 55 31 120 113
113 58 5 35 78 105 53 37
14 105 88 92 94 58 74 122
58 53 37 31 5 103 35 48
100 67 68 41 45 85 81 125
16 41 81 94 3 68 104 105
105 50 29 101 3 81 117 104
101 35 127 42 14 58 88 29
35 14 58 96 55 101 120 31
58 35 92 5 37 53 105 113
92 14 88 94 105 15 76 104
22 53 58 37 75 48 35 31
67 22 45 68 85 125 41 81
41 16 81 94 34 104 122 92
105 29 117 34 81 101 104 3
101 35 127 14 88 29 58 118
96 14 58 93 120 101 35 3
58 105 37 5 51 92 25 31
106 5 93 35 42 14 37 28
65 30 103 58 31 35 37 49
30 125 75 49 48 67 41 100
105 48 3 53 106 14 31 37
103 65 30 75 48 58 31 49
75 30 48 125 49 41 104 117
125 113 41 25 126 57 22 67
43 113 41 15 119 89 83 125
43 14 38 84 35 119 37 93
43 23 92 39 25 40 81 5
95 107 45 8 82 11 40 57
21 8 55 2 82 56 50 4
69 2 63 93 21 40 82 14
66 63 95 108 4 40 41 46
0 41 63 108 36 40 17 66
18 11 57 126 32 36 108 40
11 18 57 126 36 40 100 46
36 57 21 113 41 46 72 42
84 113 69 14 21 36 40 119
46 113 84 0 10 32 119 8
46 113 0 10 62 126 32 21
46 113 43 41 15 103 119 72
84 113 39 43 32 38 46 103
38 113 126 0 43 46 32 40
113 43 126 119 41 15 18 38
69 84 113 43 32 40 36 119
100 113 46 43 95 11 14 18
100 69 123 43 113 14 84 36
39 125 43 113 38 41 84 119
46 113 108 95 107 0 66 38
46 108 57 113 0 66 25 41
46 108 57 18 100 0 36 25
36 100 11 57 15 46 113 79
36 100 8 57 46 41 53 92
57 36 126 18 46 100 108 41
113 41 36 46 57 18 103 100
84 113 103 69 43 57 36 41
107 8 68 95 45 82 100 57
63 43 93 38 79 113 36 10
82 41 8 95 32 126 79 57
126 8 0 32 113 93 36 41
18 113 41 46 4 0 43 63
14 38 84 69 8 35 39 106
8 5 39 23 92 78 81 40
95 40 13 11 8 38 46 32
46 40 113 13 8 81 89 18
84 69 113 39 8 93 14 28
95 107 8 100 45 82 11 50
8 21 50 82 55 127 56 4
8 21 82 84 50 127 27 33
82 61 8 27 127 63 108 33
27 82 61 8 126 33 108 63
41 33 77 63 82 127 8 15
84 41 39 33 8 127 82 103
63 126 33 8 82 23 39 61
63 82 41 126 33 8 92 127
126 63 8 11 41 33 32 82
8 33 107 68 11 82 63 95
55 8 21 33 56 101 42 82
42 21 100 30 33 82 67 127
42 21 100 30 33 82 8 67
84 127 42 39 8 33 82 21
27 8 17 108 61 66 127 40
69 2 77 61 18 40 5 14
69 8 93 2 14 5 40 98
69 8 24 93 23 2 98 5
23 39 98 8 77 93 24 5
4 8 126 40 5 61 38 18
14 120 96 93 24 43 35 3
45 95 107 4 8 40 92 25
66 108 36 32 8 41 46 63
36 108 17 8 32 113 46 66
18 77 46 113 41 103 72 119
8 39 33 18 84 46 0 40
33 0 8 46 4 110 126 18
21 43 113 46 42 119 14 122
84 113 69 14 21 8 43 79
46 113 8 24 43 0 84 62
46 113 0 10 62 8 126 32
46 113 43 41 103 15 72 119
113 84 43 39 32 38 46 8
113 38 126 0 46 43 32 62
113 43 119 126 41 72 46 15
69 84 113 43 32 8 36 9
100 46 113 43 95 18 14 11
100 69 43 123 113 32 36 14
39 8 43 125 38 32 113 41
46 113 108 66 95 0 107 38
46 108 113 0 57 8 66 25
46 108 57 18 8 36 0 25
36 100 11 57 8 15 46 79
36 8 100 57 46 41 79 53
36 57 126 18 46 113 41 25
35 113 14 36 41 57 103 53
14 113 103 41 35 119 58 28
107 95 45 57 50 11 100 8
21 8 50 56 15 64 41 51
84 8 21 39 119 127 36 64
27 66 8 61 4 17 127 40
2 69 8 98 14 32 40 93
2 8 24 98 69 23 5 49
126 23 8 95 46 110 4 61
103 75 48 34 76 111 7 123
75 48 76 111 118 90 103 34
48 75 34 76 74 92 7 111
75 103 48 30 58 34 76 7
75 30 48 76 92 125 81 90
48 75 92 76 34 85 74 7
75 30 48 103 58 99 76 7
48 67 53 26 22 34 58 92
68 67 45 107 26 48 50 81
50 127 68 101 105 81 67 45
42 101 127 35 14 28 55 3
93 96 14 58 55 31 101 113
113 35 5 58 78 42 105 37
14 105 48 92 37 74 94 88
58 48 35 37 53 103 31 42
68 100 67 107 45 26 92 50
21 56 55 104 50 105 127 41
84 21 39 8 36 119 82 40
14 66 127 8 35 43 5 36
93 96 14 120 5 37 123 102
93 100 58 79 113 16 36 22
38 93 63 113 10 79 56 41
93 66 38 58 81 127 37 89
66 40 81 107 8 93 108 3
66 27 108 61 93 40 8 17
27 61 66 108 40 110 81 8
27 17 93 61 126 110 8 77
77 41 113 103 18 14 83 72
93 79 84 77 69 8 103 43
39 79 93 113 119 41 10 43
10 79 113 93 0 36 41 119
79 93 43 63 38 113 10 32
68 67 45 81 107 26 48 127
50 68 105 127 101 81 67 45
101 127 35 14 42 28 41 55
96 14 38 35 101 42 31 58
58 38 35 29 103 93 31 48
58 37 35 105 48 53 5 14
42 48 5 37 14 28 58 93
48 103 58 35 37 14 42 122
30 48 75 125 88 37 67 100
48 92 85 34 14 105 67 74
30 75 103 31 48 117 53 7
75 48 30 118 125 7 76 111
48 34 76 92 122 7 75 88
103 30 75 48 58 7 29 31
48 67 26 22 53 7 30 92
68 67 107 45 100 81 26 50
11 21 8 27 55 56 82 33
42 107 21 68 11 33 100 8
42 101 68 21 107 127 100 28
42 101 35 127 14 21 28 3
35 14 42 101 96 58 37 55
35 67 5 58 53 37 92 42
53 103 35 37 5 92 48 96
105 53 37 48 35 58 92 118
37 35 103 53 96 48 106 105
48 105 92 37 53 35 58 113
92 88 81 105 48 76 15 74
58 103 48 30 53 75 37 105
68 67 107 100 26 50 45 81
21 8 56 27 50 55 107 84
21 42 107 125 127 57 30 15
84 21 42 72 127 52 125 57
35 37 14 103 36 123 5 31
67 92 25 99 58 41 29 22
67 46 95 25 11 45 81 61
27 17 93 37 41 25 61 8
77 113 41 18 37 104 83 72
84 113 37 93 5 14 41 119
113 93 25 5 18 41 37 119
43 113 41 119 46 12 15 37
43 69 93 8 79 62 113 10
100 10 93 36 41 43 79 57
57 49 100 36 8 93 79 69
57 93 43 100 49 36 10 8
10 41 18 93 43 100 79 62
43 93 41 24 10 46 18 8
43 46 62 79 95 10 39 93
108 110 79 36 43 66 62 93
108 36 30 18 79 100 66 25
17 46 108 79 93 8 43 36
126 18 46 17 79 62 93 108
126 18 17 27 8 61 79 62
39 77 38 32 2 8 18 79
38 126 32 61 18 77 62 17
36 32 126 69 43 11 8 18
36 14 35 42 67 43 57 79
36 35 14 43 103 42 37 15
67 36 43 15 25 92 100 13
36 43 67 25 15 95 100 11
36 14 15 35 37 92 43 88
36 103 43 35 15 14 37 123
36 67 43 15 22 41 13 99
126 36 67 25 61 62 100 32
36 126 32 18 67 15 69 100
103 75 48 30 7 58 99 29
75 30 48 125 76 118 111 92
118 75 30 74 76 111 48 88
75 30 48 103 7 58 99 123
75 30 48 118 111 76 125 104
75 30 111 118 76 74 48 71
103 75 30 48 58 7 111 31
67 26 48 15 92 100 85 53
67 107 15 45 79 81 127 52
95 79 43 67 45 81 15 25
14 127 104 35 88 94 81 41
35 14 103 37 22 96 93 104
35 53 37 14 92 5 67 25
118 92 94 88 111 74 14 99
53 37 103 35 22 48 75 99
107 67 95 25 15 100 81 11
107 8 61 21 127 94 82 104
107 8 127 60 94 81 27 66
8 27 63 61 33 127 17 21
27 8 126 61 33 63 77 17
41 77 63 15 103 18 72 119
84 41 39 8 103 127 15 33
63 126 8 23 33 39 89 40
41 63 126 92 127 8 33 15
126 63 8 11 41 32 33 23
107 33 8 68 11 63 127 95
8 68 101 33 16 55 82 60
101 19 114 8 60 55 68 16
101 8 16 14 55 33 90 28
33 101 8 56 27 55 82 115
77 33 4 56 119 23 41 80
84 39 56 8 33 43 4 93
27 40 66 108 8 17 61 93
69 2 18 40 77 63 61 37
69 8 39 40 2 36 5 24
69 40 32 36 18 77 5 37
43 38 8 36 93 5 37 39
95 38 36 43 11 32 40 15
2 69 36 43 37 40 14 38
14 69 22 35 36 37 100 93
67 39 113 25 92 8 22 40
95 107 45 8 67 11 40 4
21 50 8 56 55 41 72 127
84 8 21 127 39 40 82 37
127 66 40 108 18 4 33 42
69 42 66 18 40 4 127 37
69 8 5 24 40 93 2 37
36 100 8 126 40 4 17 5
36 8 40 18 126 27 77 4
36 79 2 32 8 40 93 21
36 39 2 32 40 79 8 93
36 108 0 32 66 79 46 40
36 108 17 32 0 46 33 8
8 107 95 68 45 33 11 50
55 8 21 27 82 56 63 50
21 55 8 27 82 61 33 56
21 127 77 82 18 63 15 41
84 127 39 8 82 33 43 4
107 11 127 8 82 33 63 95
107 127 84 8 21 82 33 15
107 8 127 108 66 33 82 84
2 127 69 33 8 107 82 4
8 40 82 2 69 39 14 60
89 118 37 40 5 13 4 105
92 48 81 14 104 15 74 122
53 31 37 65 103 30 48 22
67 15 26 45 100 31 81 127
107 8 68 33 95 67 82 26
55 21 8 56 27 82 101 33
42 21 100 30 107 67 72 33
42 100 21 30 67 72 61 82
84 42 8 39 36 40 21 82
14 127 66 42 43 8 4 35
14 93 96 120 5 123 106 43
93 77 103 41 102 79 37 90
93 66 89 81 23 58 37 13
66 93 40 108 8 17 27 81
32 18 2 77 40 69 93 46
67 8 93 32 18 39 5 40
32 67 8 4 40 38 107 110
14 42 40 35 37 127 5 67
14 38 31 96 35 42 58 120
58 38 37 40 92 113 64 81
66 40 38 8 4 81 67 100
66 4 81 100 67 40 25 92
69 4 66 40 25 81 42 18
69 5 24 36 93 25 40 37
5 69 25 40 36 93 119 32
43 38 36 5 93 8 37 39
95 45 38 36 43 107 11 4
45 11 95 38 100 40 4 15
14 42 35 40 92 94 21 36
14 35 37 93 36 5 103 22
67 92 22 25 66 99 113 37
66 67 25 100 81 4 92 40
66 25 67 100 81 92 4 108
33 82 27 21 8 61 42 63
33 8 27 42 11 126 82 18
8 27 33 126 61 42 115 82
77 33 4 8 23 41 72 94
84 39 8 33 127 77 4 82
63 8 33 126 23 39 82 89
63 8 33 41 92 82 126 127
126 8 11 63 33 32 23 82
33 8 107 68 11 95 110 82
21 55 8 56 82 101 19 127
84 8 21 39 36 82 86 119
66 8 27 108 17 93 40 61
14 38 35 8 2 31 93 77
38 126 108 18 25 95 40 4
69 126 4 25 81 14 18 92
69 24 5 8 25 36 39 93
69 126 5 25 37 36 32 18
43 38 36 8 93 5 37 39
95 38 11 43 36 15 46 40
14 35 36 37 2 93 123 22
67 66 126 25 92 100 4 108
69 25 67 126 92 100 4 81
69 25 67 5 39 36 37 93
95 107 45 100 11 4 15 36
21 56 50 72 83 12 51 127
84 8 21 127 40 39 119 37
66 127 40 18 108 33 4 42
69 42 18 66 4 37 127 40
69 8 24 5 40 93 37 36
36 100 126 8 40 4 17 5
36 8 40 18 126 27 77 93
36 72 57 41 79 46 49 21
31 37 53 25 92 5 35 58
92 118 74 88 94 122 76 99
53 37 99 22 31 75 103 29
67 37 104 14 26 53 15 25
107 8 79 95 40 67 43 15
107 8 127 84 81 15 60 72
107 8 110 27 81 127 66 94
94 30 71 72 122 127 51 104
8 27 33 110 115 61 4 107
8 4 33 77 39 27 63 115
79 4 14 100 30 127 80 113
84 79 39 43 8 40 119 36
108 8 79 4 39 33 66 40
11 95 79 4 18 63 33 8
27 8 61 4 17 79 126 77
77 84 103 4 61 0 18 80
17 8 0 84 77 63 40 79
63 77 8 39 0 40 89 23
126 63 41 8 79 33 92 95
126 11 8 63 32 77 79 0
107 8 33 68 95 110 11 79
8 68 101 33 16 55 124 60
101 19 114 8 60 55 68 16
56 55 8 101 36 82 2 93
8 4 33 56 23 89 32 93
68 33 8 4 95 23 107 38
21 56 55 8 127 4 64 23
84 39 21 8 93 40 36 119
14 66 127 93 8 4 35 43
93 14 96 5 120 123 102 43
93 77 103 41 79 102 37 24
93 66 89 23 13 58 81 37
37 67 25 26 53 104 31 81
107 8 95 79 67 40 15 66
107 8 127 84 81 15 60 82
107 8 110 27 81 127 66 51
94 30 71 127 72 122 51 117
27 8 61 4 17 110 5 98
77 4 103 83 80 49 18 119
84 39 103 4 8 77 98 43
63 126 8 23 39 89 40 61
41 92 82 89 8 23 63 51
126 11 63 8 32 23 77 33
107 8 33 68 11 95 127 110
8 68 101 16 33 82 124 55
101 19 114 8 60 55 68 16
33 56 101 8 82 55 93 2
33 8 56 115 82 10 17 39
33 68 8 95 82 38 110 107
33 8 42 55 101 19 68 82
101 42 55 35 21 40 82 5
14 38 35 101 96 93 42 55
35 5 58 37 38 66 53 78
5 42 37 93 35 78 14 31
48 35 37 31 42 93 58 103
48 75 30 67 125 22 37 100
48 14 34 92 67 85 88 3
48 75 30 103 31 53 3 7
48 75 30 117 76 7 111 118
48 34 92 76 88 85 122 7
75 103 48 30 31 29 7 34
75 48 125 76 118 34 111 7
48 75 34 76 88 7 74 122
103 75 48 30 7 58 34 29
69 15 43 90 79 8 93 126
69 15 43 93 32 14 62 79
69 43 93 15 24 8 49 39
126 8 15 93 46 39 79 32
113 21 46 79 15 43 25 41
84 46 113 79 21 8 32 43
46 113 21 0 8 79 32 126
46 43 113 103 15 32 79 41
84 43 113 69 79 46 32 103
46 100 113 43 95 79 62 41
43 79 113 123 69 100 32 8
39 113 38 43 8 79 41 46
46 95 113 107 0 108 66 32
46 0 113 108 126 62 8 66
46 108 79 0 11 8 66 113
36 57 30 15 35 79 46 14
36 35 30 103 57 22 62 46
22 35 67 36 30 106 103 7
107 45 67 95 22 25 8 50
8 21 50 55 82 27 33 56
42 21 8 50 82 33 63 11
63 42 21 82 50 33 77 55
42 21 100 11 33 50 82 41
21 42 33 82 50 100 11 27
21 82 42 4 57 127 46 72
21 84 33 39 82 8 127 110
33 66 108 4 82 8 127 63
66 4 33 82 108 127 27 110
27 108 17 82 61 4 127 8
61 17 77 4 108 18 82 126
84 39 103 77 24 43 93 62
126 11 61 108 82 95 32 57
14 36 35 113 13 100 8 40
36 35 14 113 31 93 120 37
107 25 67 95 45 8 92 40
84 8 56 81 37 21 40 92
27 8 61 17 108 93 66 5
77 61 83 18 17 72 41 46
84 103 77 39 93 37 32 43
11 95 61 46 77 40 63 89
11 27 61 8 77 40 63 126
27 61 17 8 40 5 93 102
69 2 77 61 40 14 5 18
69 2 5 93 14 8 102 98
69 41 24 8 93 2 18 98
41 8 13 39 63 4 46 89
126 110 41 8 61 63 46 13
126 17 41 27 8 110 61 43
77 41 103 14 113 43 18 72
93 84 8 77 79 43 69 103
39 79 93 113 8 41 43 10
10 113 79 93 41 8 0 36
43 39 38 8 79 32 93 22
38 43 32 113 39 79 46 8
108 43 38 32 79 110 66 113
108 30 36 113 79 18 38 94
17 108 32 79 93 8 61 110
18 108 46 126 32 93 8 77
46 126 100 18 11 17 10 61
126 46 27 17 61 18 8 100
11 36 77 46 18 61 100 8
36 46 2 77 15 92 79 14
36 46 27 77 17 61 126 103
77 14 103 35 18 46 41 12
108 79 43 32 110 38 66 113
108 79 36 30 113 38 93 18
108 79 36 32 17 126 18 61
69 15 43 79 18 126 36 62
69 15 93 32 43 36 79 14
15 69 93 24 49 43 8 39
82 79 4 15 8 95 46 36
126 8 79 46 93 110 62 32
21 32 36 42 46 79 8 62
39 32 38 36 84 62 119 25
108 32 38 66 46 36 62 25
108 32 8 36 46 38 62 100
15 22 18 41 14 46 32 35
15 22 103 35 32 30 62 36
22 35 15 67 30 103 79 7
22 67 15 18 25 126 46 10
36 67 46 100 22 43 32 103
46 103 32 43 67 10 126 36
107 95 45 8 46 50 11 100
8 21 50 55 82 27 33 63
42 21 8 50 82 33 11 63
42 21 82 36 27 33 8 11
11 36 82 33 42 50 21 100
21 50 82 42 27 33 8 79
21 82 4 42 57 127 46 37
84 82 21 39 127 8 33 4
27 108 61 66 82 17 8 127
61 77 17 108 18 83 4 82
84 39 77 103 93 24 43 5
126 11 61 108 40 82 13 32
107 11 95 50 82 100 61 57
50 107 11 82 110 100 21 42
38 43 36 93 5 8 37 39
95 45 38 8 68 14 36 40
45 50 36 68 14 86 105 37
42 14 40 35 101 5 37 36
35 93 14 96 31 36 37 120
66 67 25 45 92 37 113 40
55 67 37 5 25 69 92 105
69 93 25 36 5 67 39 92
45 95 100 68 14 36 8 107
56 21 55 50 8 104 92 101
8 84 110 33 21 82 93 39
33 21 8 110 82 4 119 127
43 33 119 8 15 127 14 41
43 84 39 8 36 93 119 15
110 33 107 8 43 66 108 40
110 27 33 8 42 127 43 81
27 110 8 93 17 61 43 126
77 113 93 41 43 122 14 94
93 79 8 84 69 43 77 119
39 79 93 113 119 8 43 10
79 93 10 113 0 8 36 62
43 39 38 79 93 8 32 36
43 38 79 113 93 126 32 67
69 15 43 90 93 79 126 8
69 15 43 93 32 14 62 8
69 93 43 15 8 24 49 39
126 15 93 8 46 39 62 79
113 21 46 15 79 41 43 25
84 46 113 79 21 8 32 43
46 113 0 21 8 79 32 126
46 113 43 103 15 41 119 83
43 84 113 69 79 46 32 103
92 81 48 14 74 15 76 80
53 31 65 37 103 30 48 35
67 26 15 100 45 31 81 127
107 8 68 33 67 95 82 26
55 21 8 56 27 82 33 101
42 21 100 30 67 107 127 33
42 21 100 30 67 72 61 33
84 42 39 36 8 21 40 93
14 127 66 42 43 8 35 93
93 96 14 120 5 37 123 102
93 113 10 80 58 79 16 125
93 66 81 23 58 37 40 89
66 81 40 108 4 93 107 3
40 4 108 66 8 127 17 93
18 126 40 4 8 61 93 127
8 38 18 40 2 93 39 37
14 38 40 35 89 5 127 8
14 38 96 35 31 120 58 106
38 58 25 92 113 37 40 81
40 45 4 38 3 31 81 92
31 55 40 37 5 92 8 14
69 92 36 5 39 14 25 67
69 5 40 92 25 36 32 119
43 38 36 5 93 37 8 39
45 95 38 36 43 40 4 12
95 40 38 18 45 81 43 46
14 40 35 37 36 113 119 42
14 35 37 36 5 113 93 96
67 92 22 113 25 37 99 58
45 66 4 67 40 92 100 25
69 40 25 31 55 37 66 4
69 36 39 25 92 5 58 119
92 105 48 104 81 88 74 99
65 53 30 48 25 92 75 67
22 30 48 75 7 99 53 37
68 67 48 85 22 25 81 105
56 21 55 105 82 101 67 8
84 8 21 36 39 119 93 82
93 96 14 120 5 37 123 102
93 10 113 80 79 125 90 16
93 66 8 27 61 17 81 107
61 77 17 93 81 83 40 18
84 77 103 39 93 69 32 43
39 8 93 58 89 77 98 5
95 11 61 46 40 63 89 93
11 27 61 8 40 93 77 63
27 61 17 40 8 93 5 102
69 2 77 61 40 14 5 18
69 98 93 2 14 5 102 8
69 24 41 93 2 8 18 98
41 8 13 39 4 63 46 89
126 110 41 8 61 63 46 4
126 17 41 27 8 110 61 43
77 41 14 103 113 43 18 83
93 84 77 79 43 69 103 8
39 79 93 113 41 10 119 43
10 113 79 93 41 0 8 36
43 39 38 79 93 32 8 22
38 43 32 113 39 79 46 8
108 43 38 32 79 110 66 113
108 30 36 113 79 18 38 100
17 108 32 79 93 8 10 113
18 126 17 32 8 79 108 46
69 15 18 126 43 46 12 41
107 110 11 95 8 18 33 45
8 21 50 55 82 56 33 4
8 21 84 82 50 27 33 55
82 8 61 27 63 108 33 127
82 27 61 8 33 126 108 63
33 41 77 63 82 8 127 15
84 39 41 8 33 82 127 15
63 126 33 8 82 23 39 61
63 41 82 33 126 92 8 15
126 63 8 11 41 33 82 32
126 63 8 61 41 33 11 100
126 41 63 33 127 82 8 69
69 84 39 8 33 82 127 43
14 8 82 127 5 40 33 126
82 42 35 37 5 31 127 14
67 37 85 100 48 127 82 81
124 82 67 100 8 85 79 92
31 30 37 3 103 35 48 53
48 22 67 85 75 30 100 37
48 82 67 14 92 34 79 85
48 30 75 103 67 29 34 7
48 75 30 34 67 22 125 104
48 34 92 82 67 14 85 81
48 103 30 75 34 16 29 7
8 107 33 68 67 82 95 127
8 55 21 56 82 33 101 27
42 21 100 30 33 82 67 11
42 21 100 30 33 82 67 8
84 127 42 39 8 82 33 21
27 8 66 61 108 127 17 42
24 5 2 102 56 14 69 8
126 40 81 95 61 110 5 64
50 8 21 16 27 55 56 82
42 21 50 82 33 16 8 92
42 21 82 50 33 92 4 55
84 82 39 21 36 127 40 8
66 108 4 82 33 42 127 84
4 108 82 40 17 66 8 127
93 18 96 14 2 37 24 120
93 113 79 24 10 102 62 90
4 40 95 93 82 81 107 45
50 4 82 107 11 57 81 8
82 21 84 50 127 8 57 107
82 108 21 66 127 8 57 50
57 82 108 127 21 66 81 15
57 27 82 108 8 33 21 127
57 11 82 100 10 126 27 33
57 82 10 30 79 4 39 33
79 39 33 82 57 10 2 8
79 84 57 33 82 66 39 0
79 108 66 82 33 57 84 43
17 79 33 108 82 110 39 0
57 8 107 33 95 79 82 11
82 50 8 21 57 55 33 79
50 82 21 33 84 8 27 55
27 21 33 61 82 8 63 108
27 33 61 8 82 126 108 21
33 41 77 63 82 18 15 127
84 39 41 33 8 103 15 127
63 126 33 8 39 23 82 61
82 63 41 33 126 92 15 127
126 63 8 11 33 32 41 82
33 8 107 68 11 82 63 79
55 8 21 33 56 101 82 27
108 0 33 66 46 32 10 79
108 8 17 0 33 10 46 32
107 95 11 110 18 8 45 33
8 21 50 55 82 4 56 27
8 21 84 82 50 27 33 55
82 8 61 63 27 108 33 127
27 82 61 8 33 126 108 63
33 41 77 63 82 8 127 15
84 39 41 8 33 82 127 15
63 126 33 8 82 23 39 61
82 63 33 126 41 92 8 127
126 63 8 11 41 33 82 32
126 63 8 61 41 33 11 82
126 41 63 33 127 82 8 69
69 84 8 39 33 82 127 43
14 8 82 127 5 40 33 126
42 82 35 37 31 127 58 5
67 37 100 85 127 48 82 30
124 82 67 100 8 85 92 79
31 3 30 37 103 35 53 105
48 75 67 85 22 30 100 37
82 48 67 14 92 34 85 65
30 48 75 103 67 29 7 31
48 75 30 34 67 22 104 125
48 34 92 82 67 14 85 65
30 48 103 75 34 29 16 7
107 8 33 68 67 82 95 127
8 55 21 56 82 33 101 27
42 21 100 30 33 82 67 11
42 21 100 30 33 8 82 67
84 127 42 39 8 33 82 21
27 8 108 17 61 66 42 127
48 75 30 34 103 16 29 7
107 82 79 8 95 67 33 26
8 107 82 68 3 50 33 79
21 55 8 56 82 33 101 3
42 21 100 30 33 82 127 11
42 21 100 30 82 33 67 61
84 42 39 8 82 21 36 93
66 42 108 33 4 82 127 40
108 4 8 17 40 61 27 93
93 96 18 14 120 2 37 123
93 113 79 90 102 10 24 56
40 4 93 95 81 18 11 89
27 40 17 93 66 8 61 108
69 2 18 40 77 93 37 61
69 2 5 8 39 93 37 36
69 36 40 5 77 93 18 32
38 43 36 93 8 5 37 39
95 107 38 45 11 36 4 40
21 50 56 127 37 55 81 8
8 110 84 21 33 82 39 50
33 66 108 8 4 63 115 110
66 33 4 110 127 18 27 82
33 110 108 4 115 8 66 18
42 27 8 17 110 33 108 61
2 69 77 61 18 36 82 8
39 69 2 93 79 14 8 36
39 110 40 8 95 82 93 126
8 108 93 40 17 110 25 27
2 32 69 36 18 8 77 33
39 36 8 32 33 2 40 93
107 95 11 36 110 33 45 57
21 8 82 50 55 127 4 33
43 0 46 36 79 126 103 77
84 38 43 113 0 32 39 79
38 0 43 113 32 79 8 62
43 39 38 79 32 77 93 103
108 95 0 46 32 36 43 107
108 17 0 36 32 33 46 43
95 107 11 82 110 36 33 8
82 21 50 55 8 33 4 56
82 21 84 50 27 8 33 127
82 61 27 108 33 63 127 8
82 27 61 33 126 108 63 127
33 41 82 77 63 127 15 18
84 39 41 33 82 127 103 15
63 126 33 82 39 23 8 61
82 33 126 63 41 92 15 127
126 63 11 82 41 33 8 32
126 63 61 41 8 82 33 11
126 41 33 82 63 127 69 18
69 84 39 82 33 43 127 8
14 82 8 5 127 33 40 126
82 42 35 37 5 31 127 14
67 82 37 100 48 85 127 5
48 31 37 30 35 53 67 5
48 82 37 67 52 85 22 60
48 75 30 103 29 31 67 37
48 34 75 67 22 30 81 82
48 34 103 75 30 16 29 58
107 8 82 33 68 67 95 127
55 8 21 82 56 33 101 27
42 21 100 82 33 30 11 8
42 21 100 82 33 30 67 61
84 127 42 39 82 33 8 21
35 14 55 93 101 37 5 52
35 5 37 67 92 3 53 48
92 5 53 78 65 37 25 117
31 38 37 106 93 5 92 120
31 5 113 37 117 25 26 45
107 68 67 66 40 26 50 95
101 8 16 3 19 37 68 92
101 3 55 42 35 127 16 92
101 35 55 14 48 29 37 42
37 48 35 5 3 92 113 58
48 92 105 37 14 104 65 67
22 48 53 93 37 5 58 67
67 68 45 100 85 22 107 48
101 68 19 104 105 122 29 37
67 42 101 26 104 28 37 81
42 67 52 35 14 101 55 127
35 93 37 113 96 5 120 55
5 35 92 113 37 25 93 3
124 24 92 5 96 56 102 93
31 38 106 37 93 103 5 120
31 5 37 26 45 25 38 81
68 107 37 45 26 81 25 67
16 3 127 81 101 37 29 28
101 3 35 127 55 29 42 16
35 101 113 93 55 37 5 51
92 5 51 37 25 3 35 105
124 92 37 5 24 96 25 56
42 5 106 31 102 37 93 124
42 122 31 5 37 106 35 48
5 67 42 37 53 102 29 85
37 42 53 92 67 48 3 105
53 37 42 3 48 30 5 103
37 18 93 5 77 36 102 119
43 38 36 5 93 37 39 119
107 95 38 45 11 8 13 36
21 8 56 55 64 89 50 13
8 110 21 33 84 40 39 82
33 21 8 110 4 82 79 119
43 33 8 119 4 79 40 14
43 84 39 8 40 119 36 37
66 33 8 4 107 110 108 43
66 4 33 110 8 82 127 81
33 110 8 4 108 66 82 115
110 33 42 8 27 108 82 4
27 61 17 126 93 8 110 42
32 36 61 77 103 46 18 8
36 103 32 39 84 46 24 77
36 126 32 61 46 17 40 8
15 14 40 8 43 69 82 37
15 38 14 37 5 43 120 106
15 38 23 40 43 13 64 89
126 15 46 61 32 95 17 40
126 46 113 103 18 41 119 72
14 69 40 100 113 4 84 72
14 69 84 5 24 48 43 46
40 89 113 13 46 83 37 41
95 46 11 100 40 38 103 61
27 17 61 126 40 37 8 77
69 77 2 18 41 37 83 104
69 8 37 5 93 102 77 2
18 103 49 5 41 102 37 13
18 41 49 126 10 13 5 77
43 18 37 41 13 14 119 46
43 84 69 17 32 8 40 18
5 69 8 36 93 40 37 102
5 36 37 40 93 119 69 8
43 38 5 36 93 8 39 32
95 45 38 68 8 14 36 40
45 50 36 68 105 14 37 101
42 14 40 5 37 101 36 55
96 31 93 120 14 5 42 123
40 66 45 37 58 89 5 100
40 105 37 5 66 42 55 89
69 5 36 40 119 39 93 13
4 40 126 13 110 8 17 36
18 126 110 4 40 13 100 5
126 18 17 61 43 27 40 93
18 77 103 46 43 41 61 37
39 32 38 84 103 8 93 77
38 32 39 103 18 40 77 46
43 14 40 15 35 37 119 8
43 38 14 37 120 31 15 93
95 68 45 107 8 40 38 14
56 21 55 8 104 64 50 15
84 36 119 40 21 39 64 43
27 8 66 17 40 61 108 5
69 77 2 40 18 93 5 8
69 5 8 18 40 93 2 77
5 49 24 69 39 93 40 8
14 40 35 5 8 13 89 37
14 120 106 96 93 5 37 31
92 58 40 37 5 25 81 89
126 40 61 5 95 25 81 8
126 17 8 5 93 40 110 27
77 113 18 83 72 119 41 13
38 39 84 8 93 77 40 43
5 69 8 93 36 40 37 102
5 36 37 40 93 8 69 119
43 38 5 36 93 8 39 32
95 45 38 68 8 36 14 40
45 50 36 68 105 14 37 101
42 14 40 5 37 101 36 55
96 31 93 120 5 14 42 123
40 66 37 45 58 89 5 78
40 105 37 5 66 42 55 89
69 5 36 40 119 39 93 37
4 40 126 110 13 8 17 36
126 18 110 4 40 13 100 5
126 18 17 61 43 27 40 93
18 77 103 46 43 41 61 37
103 38 84 39 63 32 93 46
95 45 68 107 14 11 8 38
8 55 21 56 50 82 15 101
15 21 55 8 92 82 127 37
15 8 84 69 21 127 82 37
15 18 39 8 127 37 69 32
15 107 8 66 68 127 18 33
42 101 107 127 15 68 37 86
42 101 40 127 14 35 5 48
38 42 37 96 48 120 31 5
38 5 42 37 35 58 66 31
5 38 42 106 48 37 93 14
48 16 106 101 93 5 42 122
16 48 101 29 122 52 124 104
48 53 101 26 122 92 29 67
68 45 48 67 26 40 3 100
50 105 68 45 48 37 101 81
101 14 42 48 127 16 3 40
5 69 8 93 36 37 102 40
5 36 37 40 93 8 69 119
43 38 5 36 93 8 39 32
95 45 38 68 8 36 14 40
45 50 36 68 37 105 14 101
42 14 40 5 37 101 36 55
96 31 93 120 5 14 42 123
40 66 37 45 58 89 5 100
105 40 37 5 66 42 55 89
69 5 36 40 39 119 93 37
4 40 126 13 110 8 17 36
18 126 110 4 40 13 100 5
126 46 18 17 5 61 43 40
46 11 77 18 61 103 95 40
11 77 18 40 27 61 100 46
17 61 27 102 46 77 126 5
77 18 61 103 46 41 83 17
103 38 84 63 39 32 77 46
95 45 68 107 11 8 14 100
56 55 21 8 50 15 51 64
84 127 8 39 40 119 5 21
8 66 126 40 21 82 84 127
15 40 41 43 119 18 37 49
15 84 43 41 40 36 119 39
66 107 15 40 127 108 33 41
127 68 14 8 33 66 40 4
8 68 16 127 101 14 37 60
8 37 19 124 93 5 101 114
5 19 8 127 37 68 65 64
93 5 35 106 120 55 114 48
5 92 114 93 67 120 51 35
93 96 5 120 92 31 37 123
42 48 5 37 67 106 1 74
48 42 14 35 106 122 101 16
48 37 92 26 53 35 100 101
48 100 123 105 92 37 96 98
48 100 26 53 122 41 75 92
48 100 105 123 42 10 104 92
48 26 53 89 105 92 104 88
48 16 122 14 123 106 105 53
68 26 1 48 122 92 29 45
1 79 55 50 48 101 56 82
1 60 27 61 8 79 82 98
79 77 60 1 61 98 90 82
79 77 90 1 69 32 60 98
79 39 1 90 98 60 8 82
79 68 1 8 48 60 82 11
79 1 55 8 56 48 21 82
84 8 79 1 21 82 98 127
66 1 8 108 79 48 82 60
1 82 48 66 18 108 127 90
8 1 108 82 79 48 17 98
18 4 126 1 108 8 82 127
126 4 82 18 79 1 48 8
11 4 36 42 69 1 82 21
42 4 36 82 1 48 21 79
42 82 48 79 55 1 35 106
124 42 101 48 82 98 55 1
48 18 42 82 122 88 16 76
48 42 35 96 1 82 101 122
67 68 92 48 100 79 82 1
8 55 56 19 79 82 21 1
8 55 21 27 82 110 1 48
77 79 113 8 119 104 122 48
69 5 36 67 8 92 40 25
5 36 37 40 67 69 92 8
43 38 36 5 8 93 39 32
95 45 68 38 8 40 36 14
45 50 37 36 68 105 101 14
42 14 40 37 5 101 35 36
35 37 14 5 103 93 31 58
66 67 37 45 92 25 40 58
37 5 67 55 105 92 14 40
69 5 67 36 92 25 119 93
36 45 4 40 95 66 13 100
31 2 36 55 5 39 40 93
45 95 68 40 8 107 100 89
56 55 8 21 50 68 101 92
84 36 40 39 8 119 21 37
66 14 8 93 5 61 27 37
27 8 66 61 108 17 40 93
27 126 8 18 93 61 5 40
32 36 41 18 77 103 126 8
36 32 39 84 41 43 8 5
36 14 35 40 8 13 89 5
36 35 14 37 5 106 93 48
67 29 25 92 37 36 43 66
36 126 25 32 67 29 92 40
15 43 37 126 25 41 92 14
15 84 43 37 5 8 25 36
15 14 35 43 40 37 13 5
14 35 15 37 43 5 106 120
15 67 95 107 25 92 40 11
27 61 17 8 107 38 37 5
103 77 14 18 46 40 35 41
103 14 35 37 77 48 3 106
69 32 8 43 126 119 18 93
43 8 38 32 36 39 93 15
95 107 110 8 38 45 79 11
8 84 21 50 15 127 4 55
8 84 21 127 33 50 60 81
69 8 33 127 2 60 82 21
8 33 82 14 127 63 69 60
92 8 41 82 100 127 14 15
69 33 8 63 2 32 127 41
41 8 33 127 10 115 67 39
41 127 8 126 60 33 18 67
43 33 127 8 39 126 15 27
43 79 4 8 127 14 21 41
84 43 79 8 39 127 93 4
63 108 33 8 43 17 4 79
126 8 79 18 33 63 110 46
18 126 41 46 64 43 72 119
84 69 8 39 43 37 79 127
14 40 127 8 89 18 5 43
14 5 35 37 58 120 93 96
5 37 35 53 66 92 14 31
5 37 42 35 106 92 93 25
35 37 48 31 42 93 106 122
67 48 37 100 30 125 22 85
124 67 92 34 79 82 85 100
30 31 103 48 37 3 53 75
30 75 48 125 85 76 92 67
92 48 67 34 85 65 74 76
30 75 103 48 58 31 7 29
67 48 5 22 15 37 26 25
67 45 127 15 52 25 81 26
107 8 33 68 127 95 81 67
66 8 108 27 110 4 82 33
66 27 108 18 4 110 8 82
27 108 17 40 18 8 66 93
69 18 2 77 93 41 8 61
69 93 8 36 39 5 2 40
95 107 100 11 8 36 45 50
21 50 8 82 56 55 127 100
84 8 127 21 39 82 37 40
66 84 8 126 33 127 82 15
66 33 4 108 82 8 100 107
14 42 8 5 35 82 127 37
35 42 37 31 14 122 48 58
37 67 100 48 53 5 30 35
124 82 8 67 92 100 85 34
31 37 3 30 35 53 48 103
67 25 8 100 82 127 3 26
67 45 50 82 25 100 95 81
84 21 50 8 82 127 66 4
110 27 8 108 66 21 82 107
27 30 94 127 110 72 122 81
27 8 61 108 17 110 82 40
77 113 41 103 18 46 72 94
79 84 39 113 77 93 62 8
107 8 95 33 68 11 110 79
21 55 8 56 33 50 82 101
42 21 100 30 33 11 67 82
42 21 8 82 33 100 61 127
42 33 21 27 84 100 8 72
63 61 42 27 8 33 21 82
42 33 27 61 8 127 82 63
77 127 41 94 72 33 63 113
84 127 39 8 33 43 4 82
82 50 21 8 107 55 79 56
21 82 50 84 27 8 33 127
82 61 27 108 127 63 33 8
82 27 61 108 126 33 8 63
41 33 77 82 63 127 15 18
84 39 41 33 82 127 103 8
63 126 33 82 23 39 8 61
82 63 126 33 41 92 127 15
126 63 11 41 8 82 33 32
8 33 107 68 82 11 79 63
55 8 21 56 33 82 101 42
42 21 100 30 33 82 67 11
42 21 100 82 30 33 8 67
84 42 39 8 36 21 82 40
27 8 108 61 17 66 93 38
61 77 17 18 83 38 41 72
84 39 77 69 32 43 103 37
39 8 89 58 5 93 32 37
35 37 14 120 5 93 106 105
107 67 95 25 37 40 61 29
21 50 8 82 107 56 4 55
42 21 37 35 14 82 5 92
42 35 37 48 31 103 14 58
37 48 67 42 100 125 30 35
124 82 37 48 67 92 14 100
31 37 103 35 53 30 3 48
48 37 75 30 125 22 117 104
48 92 37 82 14 67 16 34
48 103 30 75 37 31 29 58
67 37 66 48 25 82 22 5
66 67 4 108 25 17 107 40
18 108 17 67 37 40 46 78
84 77 79 60 1 103 39 98
11 95 63 60 61 82 23 104
27 61 60 82 40 1 98 8
77 113 61 83 104 72 79 92
79 113 77 84 103 43 119 39
95 79 107 11 60 82 127 104
50 60 56 104 1 82 27 55
27 82 60 61 1 127 79 8
77 79 127 104 72 83 105 103
79 33 39 84 77 82 119 63
63 79 89 23 33 77 82 39
79 82 92 60 126 105 104 127
126 79 11 63 32 77 60 82
79 68 19 1 82 60 26 107
55 56 82 105 21 1 19 101
84 127 60 1 82 98 79 92
66 127 60 82 42 100 18 37
42 127 60 26 48 58 82 18
96 55 42 74 35 93 14 123
93 113 100 58 10 103 78 102
38 103 93 32 41 10 46 18
31 93 105 5 58 37 38 106
31 96 106 120 5 113 93 37
38 58 113 0 28 89 41 93
31 5 37 53 93 38 3 42
42 5 106 93 37 53 31 14
48 35 37 58 31 42 122 29
67 48 100 22 30 85 37 53
92 124 67 34 85 48 65 76
30 103 31 53 48 58 7 75
30 75 48 125 85 92 7 76
92 85 34 48 65 67 76 74
93 14 35 5 37 96 43 120
31 93 37 58 5 35 103 106
66 31 25 93 92 67 29 5
66 25 67 3 108 107 40 4
108 8 4 25 66 40 5 93
4 18 8 25 40 126 127 108
35 8 14 4 18 106 37 127
35 31 37 5 93 106 14 29
37 53 35 5 31 25 93 29
92 37 14 67 3 48 105 29
65 53 103 30 37 25 29 31
67 22 25 37 53 35 48 85
67 53 5 25 3 37 22 26
35 37 53 106 14 25 31 67
31 35 103 37 106 14 29 48
37 53 48 31 29 58 92 117
92 14 104 29 48 67 37 65
65 103 53 30 37 29 48 58
22 67 29 25 48 104 7 15
53 37 105 5 67 48 3 25
48 101 82 37 3 14 122 92
103 53 29 37 30 35 3 48
67 107 25 45 4 50 100 26
84 50 21 4 52 56 67 107
84 4 100 66 21 30 50 52
69 4 66 100 30 8 84 119
69 8 4 82 33 2 23 24
23 39 8 4 62 80 24 46
4 23 39 8 110 95 46 33
27 8 17 108 66 23 61 4
113 77 18 23 72 83 94 46
113 46 8 93 84 119 77 62
87 108 79 66 93 125 27 81
63 108 87 44 17 20 61 8
44 126 63 87 18 108 79 61
18 63 77 11 126 79 108 36
126 18 11 36 2 63 10 77
36 10 32 18 63 77 126 79
63 44 39 36 10 18 79 38
126 36 63 11 113 38 10 32
113 36 87 79 57 126 100 43
84 87 113 39 69 36 44 79
95 107 11 50 100 45 8 81
8 21 50 82 56 55 127 15
15 84 21 82 8 127 100 14
84 8 21 15 82 33 4 50
42 21 15 107 4 66 84 33
42 21 15 107 113 72 51 4
84 113 87 39 14 21 119 28
66 42 113 108 100 4 107 33
42 113 14 87 66 72 18 119
14 22 35 30 103 48 42 28
22 67 63 44 38 125 119 15
67 107 22 45 50 95 11 15
21 55 82 8 50 27 63 56
21 55 27 82 8 61 63 127
21 77 82 127 18 63 41 15
84 39 82 69 127 32 40 8
82 127 32 121 69 119 40 60
43 39 38 32 113 44 63 15
43 82 113 40 38 8 5 35
22 35 48 122 16 42 105 14
22 67 85 100 48 127 81 125
82 14 67 85 34 48 79 100
15 38 14 43 113 93 120 35
15 38 43 113 22 67 41 25
15 38 113 43 25 79 32 39
38 108 113 15 79 67 25 43
108 93 8 79 32 113 18 40
108 18 25 100 79 38 93 126
36 100 11 8 79 57 125 113
36 8 100 41 79 46 57 93
36 18 126 100 41 79 25 53
113 35 14 36 41 103 40 43
113 103 14 35 93 43 119 41
107 8 95 68 45 79 100 50
55 8 21 56 27 114 50 79
18 21 8 68 42 33 100 37
42 18 8 101 21 68 3 86
42 101 35 55 21 127 14 3
38 113 120 101 42 96 14 93
113 38 5 35 66 42 53 37
5 42 93 35 37 78 38 106
48 35 42 31 16 22 106 37
48 22 75 67 37 85 125 100
48 34 85 14 67 92 22 51
103 75 48 31 30 3 53 7
30 75 48 125 92 85 76 22
48 92 85 105 34 14 30 74
75 30 48 103 31 22 58 34
75 48 76 118 22 34 111 125
48 34 85 76 122 7 74 92
103 75 30 48 34 7 29 111
75 30 76 48 118 34 92 7
48 34 85 92 74 122 30 76
30 75 48 103 7 34 29 58
45 95 11 38 40 8 4 15
2 14 113 93 84 120 55 96
66 113 40 45 100 95 81 4
66 81 40 25 31 100 42 45
69 36 5 39 93 40 25 37
95 107 45 100 8 36 40 50
21 50 56 8 55 82 40 127
8 110 84 21 33 82 39 40
110 33 8 27 21 82 42 108
27 110 42 33 8 21 18 82
27 17 8 93 61 42 40 43
77 113 41 93 18 61 119 83
84 93 113 14 119 39 79 77
113 93 119 79 0 77 5 41
87 43 79 93 38 39 20 113
87 79 43 8 93 38 113 32
38 113 79 39 63 44 93 84
108 38 113 79 66 63 119 46
108 93 79 113 8 0 10 32
108 79 18 38 113 93 100 36
36 100 11 79 57 8 15 62
36 8 100 79 93 41 46 43
36 79 126 108 18 113 93 100
113 36 41 46 18 100 43 119
84 113 36 69 43 103 119 39
107 8 95 68 100 50 79 45
21 8 55 56 82 19 50 101
84 127 8 39 82 119 21 1
8 27 66 108 61 127 17 4
69 2 18 4 40 127 119 77
69 24 8 5 2 102 37 93
89 5 13 8 98 40 36 18
45 95 11 38 40 8 4 15
2 14 113 93 84 55 96 120
66 113 40 45 100 95 81 4
66 81 40 31 25 100 42 113
69 36 39 5 93 40 25 37
95 45 107 100 8 36 40 50
21 50 56 8 55 82 40 127
8 110 84 21 33 82 39 40
110 33 8 27 21 82 108 42
27 110 42 33 8 21 18 82
27 8 61 110 17 93 43 126
77 61 27 126 18 8 79 103
79 77 8 113 32 93 103 18
79 39 32 8 93 38 22 119
79 32 38 126 66 93 22 61
15 79 43 119 38 113 90 46
15 38 84 43 93 113 14 39
15 43 39 8 79 67 40 93
108 79 32 38 66 95 15 18
79 108 93 8 32 10 40 36
79 108 18 126 93 10 38 100
36 79 100 11 57 8 46 62
36 8 79 100 41 46 93 57
79 36 126 108 18 93 100 41
113 36 46 41 18 100 57 103
84 113 103 69 79 43 36 39
107 8 95 68 79 50 100 110
8 21 82 55 50 33 56 4
21 42 82 4 92 8 127 30
84 21 33 82 8 42 127 39
66 84 126 8 33 82 127 43
33 66 4 82 107 108 42 127
45 95 11 38 8 40 4 15
2 14 113 93 55 84 120 96
66 113 40 45 100 95 4 81
66 81 40 100 25 31 42 45
69 5 36 39 93 40 25 37
95 107 45 8 100 36 40 50
21 50 56 8 55 82 40 127
8 110 84 21 33 82 39 40
110 33 8 27 21 82 108 42
27 110 42 33 8 21 82 18
27 8 110 17 42 61 93 43
8 27 110 93 17 33 126 82
27 79 110 77 41 113 8 93
79 113 93 8 32 77 41 87
79 87 39 20 93 38 32 22
87 17 79 108 44 61 46 20
18 11 36 79 77 46 95 61
36 79 17 18 8 77 108 93
18 79 77 41 36 113 46 103
103 84 39 79 18 41 57 28
39 38 113 44 89 63 79 20
95 107 79 113 11 38 45 8
8 107 3 50 68 82 79 95
8 21 55 50 82 101 33 56
21 42 4 82 92 8 127 30
84 127 21 39 8 82 119 33
27 66 108 17 8 40 127 61
77 18 113 61 127 41 83 119
113 84 93 5 119 14 41 79
113 93 18 119 41 5 40 0
43 69 93 113 119 2 36 79
43 69 93 24 39 36 102 40
15 38 14 43 93 113 120 35
15 38 43 113 22 41 25 67
15 38 79 113 25 43 32 22
38 108 79 113 15 67 25 43
108 93 79 8 32 113 18 25
108 18 79 25 93 100 38 36
36 100 11 79 57 8 125 113
36 100 8 79 41 93 46 57
36 18 126 79 100 93 41 25
35 113 36 14 103 41 79 40
113 103 14 35 93 43 119 41
107 8 95 68 79 45 100 50
55 8 21 56 27 114 93 101
21 18 8 113 55 77 79 82
84 69 8 18 39 127 37 1
107 8 68 18 33 14 127 110
8 68 16 101 127 37 60 124
19 101 8 93 124 37 114 5
19 5 8 127 68 64 37 65
38 55 93 120 113 96 114 101
38 5 113 37 93 105 114 120
5 93 37 38 42 120 113 48
48 16 22 75 93 42 5 106
48 75 22 67 85 125 100 105
48 34 74 105 76 85 16 67
103 75 48 30 31 3 53 7
30 75 48 125 92 76 85 7
48 85 34 105 65 76 92 7
75 30 48 103 31 22 34 58
75 48 76 118 22 34 111 7
48 34 76 85 75 7 105 65
75 103 30 48 7 29 34 76
82 27 61 8 110 108 17 33
27 82 110 8 33 61 108 77
82 79 27 8 77 39 61 33
79 4 82 100 33 113 14 30
79 84 39 82 43 33 127 15
79 66 108 82 0 40 100 77
79 108 82 113 18 0 33 100
79 126 0 11 33 82 18 8
84 79 82 21 126 43 4 61
84 79 39 40 82 93 43 8
108 17 79 40 82 66 126 61
8 107 79 82 33 68 11 95
8 55 21 82 56 33 50 101
42 21 100 30 33 82 11 67
42 8 82 21 33 100 61 127
42 33 21 8 27 84 100 82
33 8 27 42 61 82 21 4
77 4 33 127 94 23 41 83
84 39 127 8 33 4 82 77
63 33 8 126 23 82 39 40
63 33 8 82 92 41 126 127
126 11 8 33 63 32 23 127
33 11 107 8 63 95 4 127
21 127 56 41 55 42 82 8
84 21 39 127 40 119 8 82
66 27 108 8 17 40 63 61
27 18 11 126 127 33 8 63
27 61 8 126 17 41 18 40
14 8 77 2 113 40 4 35
14 35 113 93 37 79 96 82
113 92 67 25 100 35 40 95
67 100 92 25 81 113 4 45
84 32 15 39 43 36 18 93
107 95 8 11 50 45 82 32
21 50 8 82 55 127 4 56
50 21 84 8 82 127 27 55
27 21 8 61 63 33 82 127
27 8 61 33 126 63 82 108
41 77 33 63 15 18 8 103
84 39 41 8 33 127 15 103
63 126 33 8 23 39 82 61
63 33 126 82 41 92 127 15
126 63 8 11 33 41 32 15
126 8 63 61 41 33 11 100
126 41 63 33 127 18 69 8
69 8 84 33 127 126 32 100
18 39 8 33 127 69 32 37
8 107 33 68 95 110 79 11
21 8 55 56 127 19 104 3
84 8 21 127 33 39 82 37
39 8 58 89 84 93 5 24
66 95 108 13 4 8 18 82
42 14 8 5 35 93 3 18
35 42 48 14 106 122 37 58
30 67 48 75 125 92 100 85
67 92 100 124 14 85 34 48
31 75 30 3 48 103 35 92
75 48 22 125 85 7 117 118
48 92 65 122 14 105 34 51
103 75 48 7 29 30 31 34
75 30 48 125 76 92 118 7
48 92 122 65 14 34 30 75
75 30 103 48 58 29 31 7
75 48 30 118 76 34 125 90
84 32 39 15 43 36 18 93
107 95 8 11 50 45 82 32
50 21 8 82 56 55 127 107
84 8 21 127 82 39 33 37
66 84 8 126 33 127 82 100
66 33 82 107 4 8 84 100
42 14 8 82 5 127 35 37
42 35 48 14 37 106 122 31
48 67 30 75 100 125 127 37
82 124 67 100 92 48 85 8
31 75 30 103 48 3 35 37
75 48 125 22 7 85 103 15
48 92 34 82 14 67 122 65
103 75 48 7 29 31 30 34
75 30 48 125 76 92 104 118
48 92 14 65 30 34 100 75
75 103 30 48 58 29 31 99
75 48 30 118 76 34 125 103
48 75 34 92 122 30 14 15
75 30 48 103 7 29 34 58
67 107 8 26 82 100 45 127
50 82 8 21 55 107 4 127
21 84 82 8 50 127 27 66
82 61 27 127 63 108 8 33
82 27 61 126 108 33 8 127
41 33 77 63 82 127 15 18
84 39 41 33 82 127 8 103
63 126 33 82 23 8 39 89
82 63 126 41 33 92 127 15
126 63 11 8 82 41 33 32
8 33 107 68 82 11 63 127
55 8 21 56 33 82 101 42
82 27 61 8 110 108 33 17
27 82 110 8 33 61 108 77
82 79 27 8 77 39 61 33
79 4 82 100 33 113 14 30
79 84 39 82 43 33 127 15
79 66 108 82 0 40 100 77
79 108 113 82 18 0 33 100
79 126 0 11 82 33 18 8
84 79 82 21 43 126 61 4
84 79 39 82 8 40 127 1
108 17 79 82 40 126 66 61
8 107 79 33 82 68 11 95
8 55 21 82 56 33 50 101
42 21 100 30 33 82 11 107
42 8 82 21 33 100 61 127
42 33 21 8 27 84 82 100
33 8 42 27 61 82 21 4
77 33 4 127 94 23 41 83
84 39 33 127 4 8 77 82
63 33 8 126 23 39 82 40
63 33 8 82 92 41 126 127
126 11 8 33 63 32 23 127
33 11 107 8 63 4 95 42
21 127 56 55 41 42 82 72
84 127 39 21 8 119 82 24
66 27 108 17 8 63 40 61
27 18 11 127 126 33 8 63
27 61 17 8 126 40 42 18
77 61 113 41 18 40 63 72
84 113 78 5 93 77 14 18
113 78 77 5 18 40 41 93
43 38 14 35 106 103 120 8
82 27 61 8 110 108 33 17
27 82 110 8 33 61 108 77
82 79 27 8 39 77 33 61
79 4 82 100 33 113 14 57
79 84 39 82 43 33 127 15
79 66 108 82 0 40 100 4
79 108 82 113 18 0 33 100
79 126 0 11 82 33 18 8
84 79 82 21 43 126 61 4
84 79 39 82 8 40 127 1
108 17 79 82 40 126 66 61
8 107 79 33 82 68 11 95
8 55 21 82 33 56 50 101
42 21 100 30 33 82 11 107
42 8 21 82 33 100 61 127
42 8 33 27 82 84 21 100
63 82 61 8 27 108 33 42
82 27 61 33 127 42 8 63
127 77 82 33 41 63 72 94
84 127 39 82 8 33 43 77
63 82 126 33 23 39 40 8
63 82 33 41 92 127 126 8
126 63 11 8 32 82 33 127
11 33 63 8 107 82 127 41
21 127 82 56 55 41 42 50
84 127 39 82 21 8 119 24
66 108 27 17 8 63 61 40
27 18 11 127 126 33 8 63
27 61 8 126 17 42 127 41
8 14 77 2 113 35 4 40
14 35 106 113 93 3 82 2
92 113 35 67 100 40 25 8
82 27 61 8 110 108 17 33
27 82 110 8 33 61 108 77
82 79 27 8 77 39 33 61
79 4 82 100 33 113 14 30
79 84 39 82 43 33 127 15
79 108 33 82 4 113 0 40
8 79 107 33 68 82 95 11
8 55 21 82 56 50 33 101
42 21 100 30 82 33 11 67
42 8 82 21 33 100 61 127
42 33 21 8 84 27 82 100
33 8 42 27 61 82 21 4
77 4 33 127 94 23 83 119
84 39 127 33 8 4 82 77
33 4 8 107 11 95 127 23
21 127 56 55 23 82 4 50
84 21 39 127 8 82 40 119
27 61 66 8 108 93 17 38
77 61 18 17 127 38 93 103
77 103 18 43 84 39 93 119
77 18 93 113 25 103 32 119
32 43 2 93 79 14 69 36
49 79 38 93 43 24 32 8
32 38 43 46 79 62 39 93
108 8 32 79 93 17 38 66
32 18 77 79 93 103 43 46
32 30 18 77 43 103 119 57
32 8 93 43 10 46 57 79
32 39 38 18 10 46 8 62
32 8 17 126 38 108 10 18
32 18 126 38 17 46 10 62
18 15 43 83 12 119 46 94
82 33 27 11 126 127 42 8
27 8 82 33 126 61 115 42
77 33 4 82 127 8 41 0
84 39 82 33 127 8 4 77
63 33 82 126 8 23 39 40
33 82 63 126 8 92 41 79
126 11 8 63 33 82 32 23
33 8 107 68 11 82 95 79
21 8 55 56 82 33 101 19
84 21 8 39 82 36 40 24
8 66 27 108 40 17 93 82
69 2 18 40 77 93 37 8
69 24 39 8 93 5 36 40
35 36 14 8 5 93 37 13
95 25 92 61 40 67 36 11
27 61 8 17 37 93 126 108
61 77 32 36 8 18 40 17
36 32 39 8 84 93 77 40
11 32 95 36 107 8 63 46
84 8 56 50 40 103 21 63
27 61 8 17 40 66 108 4
69 2 40 18 4 77 37 61
69 24 8 2 5 93 37 40
4 95 13 8 45 40 11 46
13 5 24 69 31 2 123 14
45 13 40 36 95 5 8 89
4 126 40 13 8 18 5 89
120 14 93 96 5 106 37 124
45 40 4 95 107 8 18 92
21 8 55 56 4 50 82 40
21 36 55 8 40 32 82 15
36 39 32 84 43 40 119 93
8 56 4 23 17 40 89 93
8 68 4 95 19 33 82 23
8 101 16 68 127 19 55 40
8 37 19 124 93 5 114 101
19 5 8 37 127 68 65 101
5 55 19 101 114 37 36 93
93 96 120 123 48 5 37 124
93 58 125 48 5 120 78 30
93 31 106 58 5 120 90 37
93 37 5 92 31 124 58 102
3 93 78 92 5 53 99 37
93 36 5 31 25 37 53 105
93 3 37 36 5 105 124 25
93 36 5 78 37 48 102 14
93 37 68 36 5 19 25 105
93 19 13 37 89 16 117 5
93 37 120 96 55 5 58 106
5 37 92 83 58 51 120 93
5 93 37 68 92 78 42 48
16 74 122 49 118 58 13 48
37 93 5 65 101 94 25 48
36 37 93 120 31 58 106 5
29 37 117 92 102 5 25 58
15 5 37 93 53 103 48 120
15 37 78 25 5 102 53 92
68 37 3 19 5 101 53 124
16 117 92 49 83 3 81 94
37 94 5 104 72 83 3 101
37 36 58 103 106 48 29 92
53 5 37 25 29 117 78 58
5 53 37 93 48 29 25 31
48 42 93 96 106 103 35 37
84 39 33 82 127 8 4 77
63 33 126 82 8 23 39 40
33 82 63 126 8 92 41 4
126 11 8 63 33 82 32 23
33 8 107 68 11 82 95 110
21 8 55 56 82 33 19 101
84 21 39 8 82 36 24 40
8 27 66 17 40 108 61 93
69 2 40 77 18 61 8 93
69 5 8 40 18 93 2 77
5 24 39 49 69 8 93 40
8 126 40 4 5 93 18 61
14 93 120 96 37 5 35 36
40 45 107 8 5 95 37 4
27 8 11 50 21 40 84 82
84 21 42 40 82 103 36 66
27 61 108 8 17 40 5 78
27 61 126 108 8 17 63 18
32 36 126 41 77 61 103 18
36 32 39 8 93 84 40 41
36 35 14 40 37 106 32 120
92 126 25 36 67 32 61 40
15 126 92 25 43 37 14 41
15 84 43 69 37 8 39 40
15 39 43 8 89 5 58 84
35 15 14 106 37 36 5 43
107 95 25 45 11 36 67 92
21 55 8 50 82 56 40 15
21 36 55 32 8 40 42 15
36 39 32 84 43 119 40 93
36 32 107 66 11 40 95 87
36 27 107 21 40 66 42 8
84 15 43 39 8 24 93 5
95 11 15 61 36 32 46 8
27 17 61 8 126 110 93 5
69 77 61 2 17 18 46 8
69 77 32 2 40 8 93 61
39 69 125 93 24 32 103 18
14 8 35 4 40 93 37 13
14 35 106 48 37 93 122 96
67 92 100 25 29 40 43 48
67 126 92 100 25 8 61 4
126 8 40 67 25 61 46 100
32 69 2 8 18 115 36 126
32 8 39 38 40 115 36 33
107 95 110 11 8 32 38 46
8 21 50 55 82 4 56 27
8 21 84 82 27 50 33 55
82 8 61 63 27 33 108 127
27 82 8 61 33 126 108 63
33 41 77 63 8 82 15 127
84 39 41 8 33 82 103 127
63 126 33 8 82 23 39 89
33 63 82 126 41 8 92 15
126 63 8 11 41 33 32 82
33 8 107 11 68 63 110 95
8 21 55 33 82 50 42 56
21 42 8 82 33 92 4 48
21 11 27 8 42 33 82 55
21 11 42 107 33 66 4 8
21 42 14 4 107 35 82 37
14 48 35 106 42 37 122 96
66 67 92 48 100 40 29 58
66 67 4 108 100 40 42 92
82 57 55 31 40 5 48 50
57 36 14 82 48 37 31 42
57 48 103 14 106 35 36 82
57 107 82 45 26 67 53 66
82 31 106 55 36 14 48 50
5 37 42 92 106 82 31 48
103 48 5 37 53 28 29 102
48 103 83 29 104 92 106 82
48 92 67 103 82 29 45 22
82 50 107 66 40 48 45 100
103 41 101 55 92 82 48 37
66 42 92 37 53 82 48 35
48 14 37 92 35 103 53 104
48 103 14 92 83 35 96 106
68 67 82 48 45 92 26 50
55 82 101 105 50 67 48 68
82 55 67 30 22 48 93 1
67 82 125 22 49 41 46 93
67 66 42 82 26 107 48 45
35 103 42 82 48 55 105 14
35 67 92 66 53 105 37 42
37 48 92 14 35 53 25 67
48 83 96 106 74 82 92 35
92 48 67 29 25 45 82 99
45 92 67 82 100 3 4 48
82 57 48 31 55 5 92 67
57 36 48 14 37 31 103 92
57 103 48 14 83 35 92 106
45 26 57 107 67 92 29 53
31 106 105 37 96 92 48 55
37 92 48 58 5 31 42 106
103 48 37 29 28 53 104 16
107 95 11 92 8 36 32 25
21 27 8 36 55 40 50 56
21 36 40 92 113 37 15 72
84 39 36 40 119 21 8 14
66 108 36 40 100 87 63 83
14 36 37 40 106 53 48 42
48 106 14 122 96 103 42 16
48 92 67 53 100 15 29 103
107 67 100 40 36 92 25 4
107 84 100 103 36 40 67 81
66 107 82 61 8 14 40 27
27 61 108 107 17 8 40 66
41 103 61 77 83 46 49 18
84 41 103 69 40 32 8 77
84 39 41 103 125 43 13 40
14 13 40 4 41 35 89 105
14 106 96 120 31 48 35 37
107 11 95 41 45 92 40 50
21 8 36 50 11 27 57 55
36 21 42 107 57 41 100 11
36 42 84 103 41 72 57 83
66 61 17 14 40 82 92 8
27 17 8 108 61 36 40 5
61 77 18 41 40 83 17 72
84 39 103 77 40 14 18 119
126 61 17 40 108 46 63 89
14 103 40 43 41 35 37 18
14 103 106 43 120 37 31 15
107 45 68 8 95 11 50 57
8 19 101 55 68 82 37 60
8 55 56 101 33 82 2 93
33 42 8 82 37 48 93 36
107 67 45 8 25 95 92 11
21 8 55 50 27 36 56 57
84 21 36 4 8 2 100 57
4 36 84 21 100 69 2 30
46 39 84 36 32 93 119 79
46 108 36 4 17 66 8 57
107 11 36 18 46 4 100 57
107 84 18 103 36 72 100 46
107 27 17 8 108 40 61 37
14 18 77 41 127 35 40 103
14 93 18 77 103 8 102 5
11 8 100 50 107 45 67 40
50 21 36 8 11 27 57 100
36 42 107 21 11 100 57 50
36 42 84 103 72 100 41 94
36 27 108 17 40 42 37 61
14 18 41 35 77 103 37 113
14 36 18 93 103 77 57 41
107 8 68 50 100 45 57 67
8 55 21 56 82 127 50 101
21 55 8 82 127 60 92 15
84 69 8 43 127 39 21 82
14 127 18 8 82 35 15 43
14 38 96 35 31 58 93 43
35 14 5 37 38 66 58 31
42 5 37 14 35 106 93 48
48 35 42 37 31 106 93 103
48 75 30 67 125 100 22 37
48 67 103 14 92 16 34 100
30 103 48 75 31 7 3 53
75 30 48 125 76 118 7 92
48 103 92 65 122 14 105 16
31 37 5 53 92 25 58 93
92 14 15 51 81 104 99 76
53 37 31 58 22 99 48 75
15 67 127 26 37 5 45 81
63 126 8 67 61 82 33 40
82 63 41 92 67 126 105 61
126 63 11 8 32 41 67 15
107 8 33 68 11 63 95 67
8 19 101 55 60 68 82 16
63 56 101 55 8 33 82 19
33 67 92 82 41 14 42 51
33 8 67 19 63 65 82 93
33 67 8 42 26 28 63 92
27 8 56 61 5 17 55 3
77 14 40 5 8 35 93 18
14 5 93 120 96 35 37 2
38 120 14 93 5 96 35 37
38 40 113 5 92 43 83 93
5 93 39 40 67 8 25 43
95 8 68 107 40 11 67 38
21 56 55 3 51 127 8 41
14 84 21 40 127 100 5 92
14 5 93 96 120 84 113 24
38 14 120 96 93 5 37 48
38 66 113 83 92 40 37 58
5 25 39 40 67 93 81 38
66 4 40 95 13 108 107 37
66 108 8 17 5 40 61 13
18 126 40 8 61 5 17 4
14 18 40 5 127 35 113 12
14 35 5 37 69 122 103 31
67 100 40 107 11 85 45 92
35 37 92 5 53 14 3 66
92 14 48 51 81 104 15 79
53 37 48 22 75 58 35 103
107 8 68 67 95 100 79 82
8 19 55 101 68 82 60 16
63 55 8 101 56 33 82 19
41 56 82 67 92 19 51 33
8 63 33 2 32 55 11 101
41 56 8 17 63 32 67 33
8 68 33 63 107 95 41 60
19 42 68 101 8 55 122 60
67 42 101 82 19 33 60 85
42 67 101 52 19 85 8 60
56 8 101 55 2 33 93 61
33 56 8 115 2 40 93 100
33 42 8 40 95 77 63 11
33 95 68 8 107 11 40 42
8 3 101 16 81 68 92 37
101 3 8 16 42 127 55 68
8 19 124 37 101 5 52 114
19 8 5 68 37 127 64 101
19 5 127 64 37 86 16 105
5 101 55 3 114 37 93 14
36 92 5 37 3 106 14 28
31 38 37 106 120 93 5 58
58 78 31 5 38 25 113 117
53 28 5 117 93 3 25 37
3 92 103 14 117 48 88 65
103 53 22 65 48 117 3 93
22 53 67 25 85 68 37 48
16 5 101 19 117 74 37 3
5 3 41 117 51 58 83 105
30 103 48 75 31 3 7 37
30 75 48 125 76 92 118 7
48 92 14 30 81 34 75 15
75 30 48 103 31 58 29 99
67 26 48 25 127 15 81 107
31 35 37 103 48 53 96 25
37 25 92 53 35 58 5 31
37 53 25 48 93 5 22 35
107 45 67 50 100 82 48 22
82 50 84 21 55 107 8 127
82 27 8 21 50 110 66 108
82 27 21 127 81 94 92 110
82 27 61 8 110 108 33 17
27 82 110 8 33 61 108 77
82 79 27 8 39 77 33 61
79 4 82 100 33 113 14 43
79 84 39 82 43 15 33 93
79 108 33 82 0 113 4 40
8 107 79 82 68 33 11 50
55 8 21 82 56 50 33 101
42 21 100 82 30 33 11 67
42 21 100 82 30 33 67 8
84 127 82 42 39 8 33 21
27 61 108 66 8 17 42 82
27 77 61 126 40 8 127 18
79 36 72 92 21 37 46 77
84 79 93 14 5 8 21 103
79 21 113 25 93 57 119 40
43 38 14 35 103 58 93 106
66 113 108 95 43 79 25 38
79 14 108 57 93 36 35 26
103 53 22 35 36 93 37 15
27 8 93 79 110 126 82 77
79 84 36 93 8 21 57 82
79 108 110 27 93 8 66 36
79 61 27 17 93 46 108 36
77 79 61 46 103 17 18 93
84 103 39 93 79 46 77 24
126 108 79 17 32 61 8 46
32 69 46 126 79 18 15 62
32 67 39 8 93 79 126 46
4 8 79 82 67 32 15 46
126 8 46 32 79 11 110 67
21 46 42 4 100 92 18 30
84 46 21 8 113 79 103 93
21 46 113 25 8 119 62 79
43 36 113 46 32 103 8 62
43 32 36 39 84 46 113 119
46 108 113 66 32 36 95 107
46 108 113 62 66 36 0 126
36 108 46 62 66 113 25 79
36 35 103 79 113 22 57 62
107 45 95 67 25 100 79 8
8 50 21 55 82 27 56 33
42 21 8 50 82 33 63 11
42 82 57 21 36 55 50 2
42 57 21 82 100 50 33 11
50 42 100 82 57 63 27 21
42 11 50 57 82 63 33 21
55 50 27 63 82 56 21 33
42 21 82 50 63 11 33 48
42 21 82 57 50 127 55 77
84 82 21 39 127 36 42 40
66 84 82 8 127 40 81 108
14 38 31 96 35 93 58 120
66 40 38 58 8 25 113 45
66 55 40 42 67 5 4 8
69 5 8 36 93 25 92 24
5 36 37 119 86 25 93 40
38 43 36 8 93 5 37 39
45 95 38 68 36 8 40 12
92 14 51 52 16 74 29 94
50 45 29 86 94 3 14 101
14 42 101 40 35 55 94 5
35 14 93 120 96 37 31 5
66 92 67 25 100 113 45 40
92 55 67 37 66 69 5 25
69 5 93 36 25 39 92 58
36 13 93 8 40 113 32 89
95 45 68 40 113 107 8 89
68 3 37 101 16 8 19 86
3 21 56 55 92 101 51 104
84 36 119 86 127 39 40 37
27 66 8 40 17 108 93 61
27 18 11 126 127 8 40 33
27 8 61 126 17 40 41 18
77 113 18 41 72 83 89 94
84 93 79 113 8 18 5 77
113 18 0 119 25 93 77 79
43 113 41 119 12 49 117 15
43 14 40 12 93 41 100 69
14 43 38 93 35 31 96 58
43 38 92 58 13 23 25 40
43 67 25 92 13 39 23 81
107 95 45 68 40 113 8 14
101 127 16 14 29 28 68 60
8 42 50 68 33 82 21 16
21 8 82 55 56 50 42 101
84 8 127 82 21 37 33 79
8 66 84 126 33 82 127 15
33 66 8 82 4 107 84 108
42 14 8 82 127 37 5 35
35 42 48 37 14 122 106 31
48 67 30 37 75 100 125 81
82 48 67 14 92 100 34 37
31 30 103 35 75 48 37 3
48 75 30 22 125 92 117 7
48 14 92 34 122 82 65 67
48 75 103 30 31 29 35 22
75 48 125 118 122 29 7 22
48 14 34 122 75 92 74 65
103 75 48 29 99 7 30 31
107 67 82 8 26 127 48 50
50 82 8 21 55 107 56 52
21 50 82 84 127 8 66 52
21 27 8 63 61 82 33 108
27 61 8 126 33 82 63 108
41 77 63 33 15 18 103 127
84 39 41 8 33 103 15 127
63 126 33 8 23 39 82 61
63 41 126 82 33 92 127 15
126 63 11 8 41 33 32 15
33 8 68 107 11 63 82 127
55 21 8 56 33 27 82 101
42 21 100 30 33 82 127 67
42 35 21 14 37 55 82 58
66 67 108 92 42 100 113 25
67 92 66 25 81 105 14 42
50 8 21 16 55 27 82 56
8 50 42 33 68 82 21 16
21 8 55 82 56 50 101 19
84 8 82 127 21 37 33 79
8 66 84 126 33 82 127 15
33 66 82 8 4 107 84 108
42 14 8 82 127 5 37 35
35 42 48 37 14 106 122 31
48 67 30 37 75 100 81 92
82 48 3 67 92 14 100 124
31 30 3 103 35 75 48 117
48 75 30 22 125 92 117 7
48 14 92 34 122 65 67 82
48 75 103 30 31 29 35 22
75 48 125 118 122 7 22 29
48 14 122 34 92 75 65 74
103 75 48 29 30 99 7 31
107 67 82 8 26 127 48 50
50 82 8 21 55 107 56 4
21 50 82 84 127 8 27 52
21 27 8 63 61 82 33 108
27 61 8 126 33 82 63 108
41 77 63 33 15 103 18 127
84 39 41 8 33 103 15 127
63 126 33 8 23 39 82 61
63 126 41 82 33 92 127 15
126 63 11 8 41 33 32 82
33 8 68 107 11 63 82 41
21 55 56 8 82 104 127 41
84 8 39 21 82 40 69 55
14 120 96 106 36 35 58 37
66 40 92 108 17 8 81 4
50 42 82 21 33 11 8 16
21 82 50 55 42 33 56 8
82 21 27 42 84 50 33 55
82 61 27 63 108 127 33 21
82 27 61 126 108 33 63 127
33 41 82 63 77 127 61 15
84 39 41 33 82 127 103 15
63 126 82 33 39 23 8 61
82 63 33 126 41 92 127 15
126 63 11 82 41 8 33 32
126 63 61 8 41 82 33 11
126 63 41 82 33 127 69 18
69 84 39 82 33 127 8 43
14 82 8 127 5 40 33 35
82 35 42 37 127 31 48 5
67 48 82 37 100 127 85 30
48 31 30 35 37 53 75 67
48 82 75 67 37 52 22 30
48 103 75 31 67 30 122 29
48 75 34 103 67 81 74 37
48 103 75 34 31 123 29 122
8 107 82 68 33 67 79 127
55 8 21 82 56 33 101 27
42 21 100 82 30 33 11 67
42 21 100 82 30 33 67 8
84 127 42 39 82 8 33 21
27 8 17 108 66 61 42 82
14 2 77 84 120 18 35 103
126 92 61 40 108 81 5 66
14 35 5 69 103 37 42 48
103 65 30 35 48 93 49 14
67 100 107 45 50 11 95 40
42 21 50 33 82 8 16 4
42 63 21 50 82 33 55 8
42 50 33 11 100 21 8 82
21 42 50 8 33 82 100 27
21 42 82 4 92 8 127 30
21 84 33 39 8 82 42 127
84 33 66 126 8 21 82 4
33 42 110 82 108 107 66 84
33 42 110 8 27 82 4 66
27 42 110 8 82 17 61 33
2 38 93 79 8 39 46 77
38 46 79 8 32 93 2 62
39 43 32 46 38 93 79 36
46 32 38 43 126 79 93 62
15 126 43 46 38 62 90 14
84 15 43 39 79 8 93 62
46 126 15 39 38 32 79 8
46 21 79 15 113 43 62 72
79 21 8 84 113 69 2 43
10 39 41 125 79 113 8 43
10 126 41 79 66 113 125 63
36 15 79 32 43 126 113 66
15 36 43 39 84 32 79 13
108 66 113 36 15 32 95 79
113 66 108 36 79 25 42 46
108 32 46 113 36 79 4 10
100 107 95 11 46 45 8 50
21 50 8 27 11 82 107 84
21 42 107 8 50 82 11 100
21 27 42 55 8 82 32 61
21 32 126 8 42 46 69 79
4 32 84 8 100 10 79 69
42 21 50 33 82 16 8 4
42 63 21 50 82 33 55 8
42 50 11 33 100 21 82 8
21 50 82 55 33 8 56 42
21 82 84 27 50 33 8 42
82 61 27 108 63 127 33 8
82 27 61 126 33 108 63 8
33 41 77 63 82 127 15 18
84 39 41 33 82 127 8 15
63 126 33 82 39 8 23 61
82 63 33 126 41 92 127 15
126 63 11 82 8 41 33 32
126 63 61 8 41 33 11 82
126 41 63 33 82 127 69 18
69 8 84 82 33 127 126 32
18 39 33 8 127 82 32 69
8 33 107 68 95 82 127 110
55 8 21 56 33 82 101 27
42 21 100 30 33 82 67 11
42 21 100 30 82 33 67 8
84 42 39 33 127 8 21 37
14 38 8 58 35 105 37 96
66 38 92 108 95 107 113 40
42 14 5 35 37 127 8 105
48 35 14 16 42 37 106 99
7 48 99 75 71 16 58 22
48 81 75 34 125 85 92 22
34 48 14 74 81 92 85 76
75 48 103 3 34 81 14 16
7 75 48 99 71 76 16 103
48 75 125 81 111 76 34 30
48 34 81 92 74 75 76 85
50 8 21 16 27 55 56 82
8 42 50 68 33 82 21 16
21 8 82 55 56 50 101 42
84 8 82 127 21 37 33 79
8 66 84 126 33 82 127 15
33 66 82 8 4 107 84 108
42 14 8 82 127 5 37 35
35 42 48 37 14 106 122 31
48 67 30 37 75 100 125 81
82 67 48 92 100 124 14 37
31 30 35 103 48 75 3 37
48 75 30 22 125 117 67 92
48 14 92 34 82 122 65 67
48 75 103 30 31 29 35 22
75 48 125 118 122 7 29 76
48 14 34 122 92 75 65 74
103 75 48 29 30 99 7 34
107 67 82 8 26 127 48 50
50 82 8 21 55 107 4 56
21 50 82 84 127 8 66 27
27 21 8 61 63 82 33 108
27 61 8 126 33 82 63 108
41 77 63 33 15 18 103 72
84 39 41 33 8 103 15 127
63 126 33 8 23 39 82 61
63 41 126 82 33 92 127 15
126 63 11 8 41 33 32 82
33 8 68 107 11 63 82 127
55 21 8 56 27 33 82 101
42 21 100 30 33 82 67 127
42 14 21 106 2 55 82 96
66 92 108 42 82 40 113 81
103 75 48 30 31 7 29 16
48 67 53 26 58 5 22 3
68 67 45 107 26 48 53 66
50 68 101 67 105 127 81 45
101 42 35 127 14 55 3 16
35 101 96 55 14 93 5 48
35 5 37 113 3 29 92 48
92 14 48 105 29 104 37 88
35 48 53 29 37 103 75 31
67 68 107 100 45 25 81 26
21 56 55 104 82 50 105 67
84 39 21 8 82 36 40 119
14 66 35 127 8 5 43 40
14 93 96 5 123 102 24 37
93 113 100 58 62 92 79 83
46 93 113 24 79 56 62 10
93 66 40 89 58 37 46 81
66 4 40 107 81 3 25 95
66 8 108 4 110 27 82 40
66 18 4 108 81 127 27 110
27 93 17 18 108 66 8 126
77 113 18 103 41 104 46 72
79 93 84 69 8 77 113 103
113 100 10 79 93 46 62 14
46 113 10 79 24 93 43 62
46 113 10 126 79 0 93 62
36 32 46 43 69 79 113 93
36 39 32 43 79 93 8 46
36 32 126 46 43 25 62 79
15 14 43 35 40 8 79 62
15 14 43 38 35 93 31 96
15 43 38 23 81 64 92 13
79 84 21 93 40 36 57 69
38 125 79 39 8 67 93 30
38 125 67 79 25 63 93 30
43 36 32 79 38 8 66 67
43 36 39 79 32 84 93 63
43 66 126 32 36 79 38 61
15 43 126 119 79 36 93 37
38 15 84 14 43 93 37 39
15 23 5 93 8 43 32 39
17 108 66 8 15 126 93 79
17 108 46 79 66 61 126 18
69 84 39 43 79 93 103 46
14 35 79 43 93 48 36 106
107 95 8 45 79 25 67 92
8 107 3 50 68 82 95 79
21 8 82 55 50 101 56 33
21 42 82 4 92 8 30 127
84 127 21 39 82 4 8 33
66 108 27 33 8 17 40 82
27 18 11 33 126 127 8 40
27 8 61 17 126 42 40 5
69 77 2 61 40 5 18 8
69 5 40 8 77 18 93 2
69 5 24 39 49 93 40 8
35 5 14 120 36 93 37 48
107 67 25 40 95 45 92 37
27 8 21 11 50 82 40 107
84 42 21 103 82 36 30 40
27 61 108 8 17 5 82 40
27 61 126 108 17 8 63 18
32 36 41 126 103 61 77 18
36 32 39 63 93 84 103 41
15 35 14 43 8 40 13 5
38 14 96 120 93 106 37 42
107 8 95 68 79 45 25 81
8 19 101 55 82 68 16 60
56 101 8 55 82 33 93 5
8 56 82 33 55 101 84 27
27 61 33 8 82 17 21 42
33 8 27 61 41 126 32 21
41 77 33 103 18 8 61 119
84 41 39 103 8 33 127 43
33 8 68 107 95 11 41 82
42 8 33 101 68 55 50 82
101 42 55 21 5 35 127 82
38 96 48 93 42 101 5 120
38 5 37 42 66 114 93 35
5 38 48 93 42 106 37 31
48 106 42 96 74 14 123 80
92 48 100 30 14 51 75 53
92 48 100 14 75 81 30 31
48 92 123 96 103 14 106 105
48 81 53 26 92 13 5 117
68 45 48 67 26 50 53 107
50 105 68 101 48 81 45 127
101 42 48 55 14 127 28 5
48 96 55 35 14 5 101 93
5 92 48 53 37 3 35 58
5 48 14 92 37 53 35 106
48 106 96 14 74 92 99 122
48 92 67 14 100 29 122 30
67 68 100 45 92 107 25 26
21 56 55 105 51 64 104 92
84 21 127 119 39 64 36 5
125 39 67 48 8 43 93 5
125 67 30 63 25 126 48 113
43 36 32 67 100 40 126 46
43 36 39 84 32 63 48 93
126 43 36 32 46 63 61 38
15 43 126 119 14 37 46 83
15 84 43 5 32 36 39 37
95 46 11 15 61 32 36 38
46 27 61 17 8 5 40 77
84 61 46 103 77 17 72 83
126 46 61 108 27 40 4 17
103 14 35 69 84 48 83 37
45 107 95 46 92 67 11 48
21 56 8 50 55 4 15 92
15 84 21 92 8 14 72 100
84 21 8 15 4 82 11 33
42 21 107 15 4 84 66 57
42 21 15 107 4 72 51 117
38 84 39 63 37 48 4 42
38 108 66 42 4 46 13 40
14 42 48 38 106 5 4 3
48 42 106 96 14 74 80 30
92 48 100 14 30 51 75 105
48 92 100 14 75 30 103 81
48 92 14 123 96 103 100 106
48 26 92 81 45 100 53 67
50 107 4 67 48 8 21 11
21 42 4 92 30 58 72 117
21 84 48 30 42 82 125 119
38 125 41 48 39 67 30 113
38 66 108 125 113 67 4 46
14 48 42 4 38 35 67 18
17 108 61 46 126 66 18 4
69 84 39 43 79 93 103 24
14 35 93 79 48 43 106 36
107 95 8 82 45 79 92 40
8 107 82 50 3 68 79 19
21 8 82 50 55 101 56 127
21 42 82 4 92 8 127 48
84 21 82 39 33 79 42 127
66 84 126 33 8 82 4 21
33 82 66 107 4 108 42 84
38 42 37 48 96 14 120 2
38 5 42 53 35 66 31 48
38 5 42 48 37 93 106 31
48 42 106 96 74 80 14 123
92 48 100 14 30 51 75 105
92 48 100 14 75 81 30 31
48 92 123 96 14 106 103 80
48 26 53 81 92 50 25 29
50 48 82 45 67 37 42 25
48 35 14 103 92 42 36 37
66 92 48 35 53 37 5 14
48 92 14 5 37 53 35 104
48 96 106 14 99 74 92 123
92 107 67 45 48 100 50 26
50 21 8 16 82 27 55 56
42 50 82 21 33 11 16 100
82 21 50 55 56 42 33 48
82 21 50 42 27 84 92 33
27 21 63 82 61 33 48 108
27 33 61 82 126 63 108 21
41 63 77 33 15 82 103 18
84 41 39 33 103 15 63 82
43 36 32 40 67 100 126 113
43 36 39 63 84 32 93 15
43 126 36 32 63 61 38 119
15 14 43 35 40 37 5 8
38 15 14 37 120 43 96 93
95 107 45 15 38 25 113 11
27 8 11 21 50 82 40 56
21 42 107 8 11 30 72 36
84 42 103 72 21 36 83 94
27 5 61 46 17 37 102 108
46 77 61 37 5 41 40 103
84 38 46 39 32 103 5 77
38 46 126 32 61 40 87 102
15 14 40 43 35 46 37 41
15 14 106 43 5 48 31 103
15 92 43 64 81 40 67 37
126 46 15 61 40 17 38 95
69 15 126 46 37 18 77 14
69 126 46 15 32 18 8 40
69 15 39 46 49 32 5 67
46 15 11 95 61 13 12 49
27 46 61 5 8 17 40 37
61 46 84 103 77 72 83 17
126 46 61 108 40 27 4 18
14 103 4 46 40 35 127 48
103 14 35 48 5 37 43 83
45 107 46 95 67 92 11 25
21 27 8 55 36 50 56 40
21 36 92 15 72 37 46 83
84 46 32 21 36 40 87 100
67 84 39 32 46 24 38 125
66 108 46 32 38 67 36 13
66 92 45 40 25 67 37 4
66 92 25 45 67 81 4 100
66 4 25 81 108 92 67 37
69 66 4 25 37 81 40 42
69 5 24 93 25 36 39 37
107 95 45 8 4 50 11 40
21 50 55 56 82 4 8 40
8 110 21 84 33 82 40 39
110 33 8 21 27 82 108 42
27 110 33 42 8 21 82 18
27 110 8 17 42 61 93 33
27 8 77 93 126 110 61 79
79 37 36 122 21 93 46 57
93 84 79 8 4 48 37 24
4 66 17 79 108 8 93 46
4 18 126 46 17 66 79 93
18 46 43 119 69 4 126 77
69 18 43 84 32 87 79 119
38 125 39 67 43 8 119 48
38 67 125 18 43 63 25 79
43 36 32 79 67 38 8 100
43 36 39 79 32 84 8 63
43 126 32 36 79 46 66 38
38 15 43 37 120 79 93 14
46 108 79 66 8 107 17 93
35 103 79 48 14 113 53 4
107 8 95 68 79 67 50 92
8 21 82 55 50 33 56 4
21 42 82 4 92 8 48 30
84 127 21 82 39 8 4 48
66 27 108 8 33 17 40 82
27 18 11 33 126 127 8 40
27 110 93 61 8 40 66 108
27 17 93 61 110 8 126 40
69 77 93 2 18 61 14 43
69 93 39 24 77 102 5 2
14 35 8 40 13 93 36 4
14 35 93 106 120 3 13 43
92 25 37 40 13 89 43 58
25 126 37 93 40 67 102 5
126 43 93 8 5 15 119 18
35 113 14 43 40 37 41 89
35 43 37 93 14 103 113 22
22 67 25 43 15 29 113 92
67 4 100 82 8 25 92 43
126 8 25 93 110 46 67 40
21 4 68 11 33 107 8 42
42 101 21 68 8 33 36 86
42 84 21 56 101 67 36 8
27 42 61 17 8 40 66 108
2 69 93 32 18 40 86 77
38 39 2 8 18 93 24 32
126 38 17 8 32 62 36 25
126 18 8 38 32 36 25 17
18 14 41 103 69 72 119 15
103 69 41 18 35 30 36 15
67 100 95 11 45 107 68 8
50 45 100 101 52 67 41 68
21 55 56 42 8 101 100 40
36 21 55 32 8 42 69 93
36 39 32 62 93 69 8 119
36 35 14 113 62 23 4 13
36 14 35 106 113 84 120 37
36 25 37 113 66 41 81 125
93 46 113 90 79 10 36 56
66 93 40 89 37 51 81 92
66 4 40 81 3 107 86 93
66 8 27 110 108 93 40 61
27 110 66 8 81 108 93 61
27 17 8 110 93 61 126 108
69 2 77 93 18 14 62 61
93 39 69 8 2 79 62 77
93 8 69 79 32 62 25 77
43 14 69 35 8 40 4 62
43 14 35 69 22 79 103 93
43 67 22 35 25 92 100 32
67 43 39 32 22 25 93 36
82 4 79 8 38 43 67 95
126 8 46 93 110 79 62 38
21 36 2 57 42 79 62 46
36 57 46 32 21 62 8 30
57 39 36 32 67 38 93 62
66 57 32 36 46 126 67 38
15 57 46 43 62 14 25 67
84 15 57 43 39 62 67 93
108 66 61 17 46 57 126 15
108 17 57 46 61 66 18 126
46 57 18 108 126 17 77 61
35 41 113 103 14 57 18 62
103 35 22 14 79 57 113 36
107 57 95 45 67 25 11 50
21 50 8 56 107 57 15 25
8 110 21 84 33 82 50 39
110 33 8 21 27 107 42 82
27 110 42 33 18 21 8 15
27 110 8 17 61 126 42 43
8 37 19 124 93 114 101 5
19 8 5 127 37 68 65 86
5 55 19 101 114 36 37 93
93 96 123 120 5 37 124 102
93 90 113 46 79 36 10 56
31 93 106 90 58 113 35 51
93 37 5 31 58 92 51 124
93 53 92 3 67 5 25 78
93 36 31 92 15 53 83 105
31 93 36 113 123 120 103 35
58 93 37 92 51 99 31 5
92 53 93 99 58 25 67 3
36 93 37 25 31 5 53 105
93 3 36 65 37 105 51 25
93 36 5 37 14 53 92 103
93 36 37 68 19 25 5 86
93 19 13 16 117 37 118 92
120 55 96 93 113 106 48 37
18 37 5 120 58 118 105 81
5 93 18 37 102 78 65 92
5 31 93 78 68 37 18 102
118 13 49 16 109 117 72 74
96 55 120 93 35 37 48 106
5 29 37 58 92 25 120 105
92 48 94 29 37 88 104 14
37 5 48 25 29 58 93 53
48 68 85 25 67 19 58 5
118 75 13 49 16 117 34 109
37 5 93 104 48 94 58 25
37 36 106 14 48 5 78 120
120 93 31 106 37 5 96 78
120 99 31 96 37 106 93 63
8 56 4 93 23 90 17 89
8 68 4 33 95 82 40 127
8 101 16 68 127 19 86 60
8 37 19 124 93 114 101 5
19 8 5 127 37 68 86 65
5 55 19 101 114 36 93 37
93 96 120 123 5 37 124 102
93 90 113 46 79 36 10 56
93 31 106 90 113 58 35 51
93 37 5 31 92 58 51 102
93 53 92 3 67 5 36 78
93 36 31 92 15 53 37 83
31 93 36 113 123 120 35 103
58 93 37 92 51 31 99 5
92 53 93 99 58 25 3 67
36 93 37 25 31 5 53 105
93 3 36 65 37 51 105 25
93 36 5 37 14 53 92 103
93 36 37 68 19 5 25 86
93 19 13 16 37 117 74 92
93 35 120 55 37 3 96 5
92 5 118 58 37 99 25 120
5 92 93 102 65 25 78 96
5 93 31 78 102 68 37 25
118 13 49 16 74 117 83 109
96 120 55 93 113 48 58 37
100 58 120 37 5 105 78 125
14 48 37 58 92 105 88 94
58 78 93 100 37 48 5 30
19 68 85 100 67 16 37 25
19 16 30 3 34 49 101 117
37 5 93 101 19 48 94 104
49 5 24 39 69 93 8 40
14 40 35 8 5 13 36 37
14 35 37 93 120 5 106 36
67 25 92 37 58 43 45 35
95 25 40 67 61 11 81 92
37 100 92 25 2 40 69 5
69 5 8 93 2 67 37 40
14 35 40 13 49 113 41 89
35 103 14 113 37 58 106 105
67 25 92 113 37 22 58 29
126 66 67 17 61 8 25 40
126 18 8 27 40 61 25 100
18 41 14 103 15 69 72 94
103 41 69 18 30 35 15 22
67 107 100 45 40 95 11 41
21 67 50 56 41 55 100 40
84 8 40 21 5 24 39 69
108 27 13 17 63 66 8 41
27 126 11 18 41 8 63 61
14 21 35 41 40 36 113 37
14 35 37 103 36 106 113 104
66 67 92 37 25 13 99 41
108 66 67 92 25 100 40 57
14 2 40 18 35 37 53 92
14 35 103 37 53 113 22 2
67 22 92 100 113 25 29 57
67 22 39 32 38 25 92 2
38 11 67 32 45 95 57 36
38 8 57 67 45 36 40 100
66 108 4 113 30 67 18 38
66 14 42 108 18 22 37 104
14 30 103 35 37 67 22 53
93 69 39 79 2 14 8 62
69 93 8 39 32 25 62 79
43 35 14 69 32 22 103 62
32 67 43 22 8 25 92 69
32 67 100 69 10 25 62 18
32 67 38 25 39 43 62 8
8 4 79 82 38 62 43 46
8 126 32 46 62 38 110 25
21 62 42 8 27 126 4 25
36 21 8 62 32 25 42 69
36 32 46 62 21 25 69 43
36 67 32 25 62 39 38 22
36 35 62 106 67 25 37 79
25 67 36 62 29 92 46 35
36 35 123 62 79 25 43 103
36 25 62 126 67 66 46 32
15 25 62 46 126 43 92 37
84 15 62 25 39 43 69 46
36 107 15 62 46 25 95 11
35 107 14 21 62 79 84 42
35 37 25 29 113 53 79 3
103 53 35 65 106 37 3 25
46 57 66 79 25 53 106 35
53 57 103 35 36 37 106 29
107 25 45 95 57 67 36 8
21 25 50 56 107 8 15 51
8 110 21 84 33 39 50 82
110 33 8 21 27 107 42 108
27 110 42 33 21 18 8 15
27 110 8 17 61 62 42 126
113 77 103 0 46 83 80 57
103 84 113 46 57 62 79 43
35 113 101 42 14 55 127 28
38 93 96 113 20 87 120 9
38 113 37 35 5 105 58 66
93 42 5 37 106 78 35 16
42 35 37 101 106 36 93 31
100 48 37 30 53 67 42 92
48 124 92 82 100 37 14 34
48 31 3 103 37 53 92 16
48 75 92 41 105 125 30 52
48 92 105 34 82 85 124 14
30 31 58 48 103 53 37 52
26 53 67 48 37 25 52 29
48 42 53 37 65 105 5 28
35 42 37 48 31 103 122 106
48 75 125 30 100 37 85 92
48 92 14 34 85 37 100 3
30 103 31 53 58 48 75 37
75 48 30 125 22 118 7 28
48 34 92 105 122 85 67 76
30 103 75 48 7 58 34 29
30 75 48 7 58 22 103 34
48 26 53 22 29 25 37 67
65 48 28 37 42 53 105 106
103 48 122 35 37 14 30 42
30 75 125 48 85 99 37 100
48 92 34 85 14 67 3 30
30 75 103 31 48 53 3 37
75 125 48 22 7 118 71 76
48 34 85 122 7 76 92 105
103 75 7 29 30 48 34 99
26 53 16 37 67 25 81 104
45 67 26 25 105 16 52 81
4 50 8 82 27 33 107 21
11 4 82 50 8 33 42 107
21 82 50 8 55 27 127 33
21 50 82 27 84 55 8 33
21 27 8 61 33 82 63 127
27 33 61 8 126 82 108 21
33 41 77 63 8 15 82 18
33 84 8 39 69 41 4 82
63 33 126 8 39 82 32 127
33 82 63 126 41 8 92 127
126 11 8 33 32 63 82 41
33 8 107 68 11 82 95 110
8 55 21 33 56 101 3 27
42 21 100 30 33 82 67 11
42 21 100 30 8 33 82 67
84 42 8 33 39 127 21 69
42 108 66 100 33 8 82 127
35 42 14 37 5 82 93 106
8 35 5 37 67 31 42 82
22 53 67 31 5 35 37 93
67 100 11 82 22 25 15 95
38 113 27 61 100 67 120 9
35 53 5 106 38 66 37 78
42 101 35 106 37 36 31 30
100 48 37 42 67 105 30 53
48 37 31 53 105 16 35 5
48 52 105 42 37 75 53 92
31 48 30 53 58 29 103 52
26 53 67 48 52 25 37 34
3 105 53 48 42 37 26 106
103 35 48 106 31 37 122 42
48 75 100 30 37 85 92 29
113 84 39 67 92 119 8 5
113 25 67 92 119 5 42 22
43 39 32 93 38 79 9 20
95 113 38 68 43 45 8 32
45 113 50 105 68 37 13 41
35 113 14 42 40 101 55 5
38 93 113 120 20 96 9 87
38 66 113 40 37 58 45 95
55 66 69 105 4 5 37 40
69 36 5 93 39 8 119 32
36 93 5 32 119 37 40 69
43 38 93 39 32 9 119 113
95 43 38 32 40 45 36 11
40 32 45 38 126 93 4 8
36 21 32 8 42 113 66 87
36 32 39 84 9 119 44 93
36 66 108 32 113 46 4 40
36 69 66 108 18 4 32 113
36 69 32 5 39 93 40 25
14 35 5 36 37 106 40 93
31 93 14 37 120 36 5 35
41 113 100 37 5 105 31 53
31 41 100 113 37 5 93 123
41 113 105 37 31 48 100 36
113 9 93 41 120 42 31 48
100 13 28 48 92 40 45 15
45 107 68 95 67 40 8 50
21 56 55 104 8 64 15 50
8 33 21 110 84 82 39 55
110 33 8 21 27 82 108 42
27 110 33 42 8 18 21 15
27 110 61 93 17 8 37 126
95 107 68 45 13 113 11 66
50 45 68 127 101 13 67 105
35 42 14 101 113 127 55 41
38 113 96 93 35 120 14 106
38 113 35 5 58 37 105 66
42 5 93 37 106 35 78 48
42 35 37 106 101 36 31 48
48 100 37 30 53 67 92 42
124 92 100 48 82 34 67 14
31 48 103 3 53 37 92 35
48 75 92 41 105 117 29 30
48 92 105 34 14 52 85 51
30 58 31 103 48 53 29 37
26 53 48 67 25 52 37 29
48 42 53 37 65 105 106 3
103 35 48 37 42 31 106 122
48 75 125 30 100 37 7 85
92 48 14 34 85 100 105 3
103 30 31 58 53 35 48 75
75 48 30 125 22 118 7 28
48 92 105 34 85 122 14 7
30 103 75 48 7 58 34 29
30 75 48 7 58 22 103 34
48 26 53 29 22 52 25 34
48 65 28 42 37 105 53 106
103 48 122 35 37 75 14 58
30 75 125 48 88 58 85 99
92 48 14 85 34 3 30 7
30 75 103 48 31 3 53 58
75 48 125 22 7 118 71 111
48 34 85 92 76 105 122 7
103 75 7 29 30 48 99 34
35 101 113 42 14 55 127 28
38 93 96 113 120 87 9 101
38 113 35 58 105 37 5 93
93 42 5 106 37 78 35 48
42 106 101 35 37 36 93 31
100 48 53 67 30 37 42 92
124 48 92 82 100 3 67 31
3 31 48 53 103 92 37 117
48 75 92 105 41 52 117 51
48 92 105 34 124 82 122 14
30 31 58 48 53 103 29 75
26 53 67 48 25 52 37 29
48 53 42 105 37 65 3 28
103 48 42 31 35 37 106 122
75 48 125 30 100 58 85 92
48 92 14 34 3 85 65 100
30 103 31 53 58 48 75 35
75 48 30 125 22 118 7 28
48 34 105 92 85 65 122 67
30 75 103 48 7 29 53 58
26 48 67 53 52 25 29 22
65 48 42 28 105 53 37 29
103 48 122 58 30 35 37 42
30 75 125 48 58 85 7 88
48 34 85 92 3 14 67 30
30 75 103 31 48 3 53 58
75 125 48 22 118 7 71 29
48 34 92 122 75 76 85 105
103 75 29 30 7 48 34 99
26 53 16 67 37 34 48 81
68 107 45 67 50 26 8 25
21 55 8 32 56 36 50 82
113 84 5 8 93 67 119 39
113 25 67 5 119 92 22 100
43 113 119 12 41 5 15 49
43 84 93 39 8 5 36 119
43 95 113 45 40 11 13 66
55 8 5 36 31 113 119 39
113 119 31 43 32 0 5 55
43 32 39 93 38 113 79 125
95 113 45 43 38 68 8 107
45 50 113 68 41 67 105 89
14 113 42 35 40 5 55 101
38 93 113 120 96 9 87 106
38 66 113 40 58 5 37 45
55 5 66 40 42 69 105 37
69 5 36 93 8 39 40 119
36 5 119 93 32 40 69 37
43 38 93 32 39 119 9 113
95 43 38 45 40 32 11 36
40 32 38 45 126 93 8 66
36 21 32 8 42 113 66 119
36 32 39 84 119 9 93 41
36 66 32 108 113 46 40 4
4 32 108 36 8 17 66 40
4 18 126 108 8 36 32 40
14 35 5 106 37 18 42 36
31 113 93 35 120 37 5 14
113 41 100 37 5 53 105 31
31 113 41 100 5 37 123 93
41 113 105 37 31 48 100 58
113 31 41 96 123 42 105 120
113 45 105 40 36 89 15 53
107 45 68 95 67 8 40 25
27 21 33 61 82 8 42 63
27 33 42 8 11 126 82 18
8 27 33 126 61 115 42 82
77 4 33 23 41 127 8 18
84 39 8 33 127 4 77 82
63 8 33 126 23 39 82 89
63 33 82 92 126 41 8 127
126 11 8 33 63 32 23 82
33 8 107 68 11 110 95 82
55 21 8 56 33 101 42 3
42 21 30 100 33 67 72 127
42 21 100 30 33 82 67 8
84 42 39 8 21 36 127 93
27 8 66 108 42 17 40 93
32 2 18 69 77 40 93 46
8 67 93 32 39 40 18 5
32 67 8 4 33 40 38 110
14 35 38 42 96 31 106 120
38 40 45 81 95 113 58 92
66 45 38 81 40 25 100 67
66 4 81 25 113 40 58 67
69 4 66 81 25 37 58 40
69 24 5 8 25 36 37 93
25 5 69 40 86 37 32 36
43 38 36 5 93 8 37 39
95 38 45 43 36 107 11 4
45 11 95 38 15 46 81 4
35 14 37 5 36 31 96 58
66 45 92 67 113 25 100 29
66 25 67 92 81 31 45 100
69 25 36 67 5 39 92 37
45 95 107 100 36 25 11 67
4 93 40 18 81 95 8 45
4 8 81 18 40 95 66 11
21 81 4 127 66 117 92 50
8 38 84 40 39 93 37 21
38 40 66 108 8 4 32 127
14 38 42 35 96 8 5 106
38 5 35 53 113 58 31 105
5 42 35 37 14 106 38 53
35 42 31 48 37 58 106 122
30 67 48 125 100 75 37 81
124 82 92 100 67 85 14 8
31 75 30 48 3 103 53 37
75 48 125 22 7 85 117 76
48 92 34 14 105 122 81 85
103 75 48 29 31 7 30 99
75 48 30 118 125 76 92 117
48 92 34 14 30 75 85 122
75 103 48 30 29 58 31 99
75 48 118 125 76 111 29 103
48 92 34 122 75 14 74 76
103 75 48 58 30 29 7 31
75 30 48 125 76 118 92 111
48 75 30 92 34 74 76 81
75 30 48 103 29 99 58 31
67 26 45 25 15 52 34 107
31 103 96 35 37 22 53 58
31 58 53 5 37 25 35 92
92 81 29 14 15 74 99 104
53 29 103 37 22 35 99 75
45 107 67 100 50 81 25 26
21 50 67 56 8 81 52 127
8 110 21 84 33 82 39 119
35 42 48 37 31 106 93 122
67 48 30 100 125 37 75 35
82 124 100 67 79 92 48 85
31 30 3 48 75 53 35 92
75 30 48 125 104 76 92 51
82 92 48 67 65 14 34 85
30 103 75 48 31 29 58 117
75 48 30 125 104 118 34 76
48 65 92 34 14 82 67 105
30 75 48 103 29 7 34 58
75 48 30 118 76 34 104 111
48 92 34 65 122 14 30 67
103 30 75 48 29 58 34 7
75 30 48 125 76 104 118 92
48 75 92 30 34 65 76 81
30 75 48 103 7 34 58 29
67 26 107 25 79 82 52 53
31 67 93 35 53 79 37 113
25 35 53 5 92 113 31 37
92 81 25 82 104 51 29 79
53 35 37 25 29 30 65 103
107 8 68 67 82 79 50 100
21 8 55 82 56 50 33 101
42 21 100 30 82 33 67 11
42 21 100 82 30 33 67 8
84 42 39 8 82 21 36 127
66 27 108 8 17 42 33 40
27 11 18 126 33 127 8 42
27 8 17 61 126 42 40 18
69 77 2 18 61 12 14 40
69 5 24 8 93 102 2 46
8 4 126 5 40 61 93 36
10 79 93 41 100 36 125 14
10 93 79 24 49 125 39 41
126 8 39 93 10 79 46 62
32 79 21 36 46 66 8 62
39 32 38 36 8 79 84 93
32 108 38 66 62 46 36 79
32 108 46 8 62 10 57 93
11 46 100 95 107 45 57 18
126 8 50 100 107 110 11 27
21 126 27 8 18 110 82 50
21 84 8 18 42 82 4 127
108 21 110 27 42 8 18 4
32 27 108 61 17 36 8 82
27 32 61 82 126 17 108 115
32 77 11 126 18 2 36 61
103 22 36 41 35 32 69 15
32 22 67 39 36 38 41 43
107 95 11 110 50 45 67 82
8 50 21 82 55 27 33 63
42 21 8 82 50 33 11 63
42 82 57 21 36 50 33 55
42 57 82 21 100 50 33 11
50 42 100 82 63 57 27 21
42 11 57 50 82 63 33 21
50 55 27 82 63 56 21 61
42 21 82 50 33 63 11 8
82 42 36 21 27 33 57 11
36 21 82 42 33 4 57 127
84 33 36 21 82 39 42 57
33 108 82 36 66 42 4 57
108 33 11 66 36 82 8 57
33 42 108 82 110 8 66 4
57 84 108 14 100 36 30 66
84 57 39 79 103 43 119 36
57 4 66 11 95 45 113 107
57 11 8 4 66 100 82 21
21 57 100 8 66 36 42 108
15 41 46 18 113 49 12 100
84 15 69 32 14 49 43 119
84 15 49 39 69 24 43 103
15 84 32 49 8 13 69 38
15 32 8 39 43 57 46 13
126 15 0 46 113 32 18 91
15 126 43 18 46 113 41 92
15 69 43 84 8 57 126 18
15 39 43 84 8 32 24 98
15 107 95 11 57 45 66 113
107 66 108 113 15 57 46 18
113 108 66 126 46 0 107 18
108 66 11 113 57 79 107 18
35 36 113 57 14 8 41 4
36 35 22 103 14 57 113 79
107 67 45 95 100 25 57 11
8 21 50 55 82 56 4 107
21 8 50 84 82 127 55 27
8 21 27 61 63 33 82 17
27 8 33 126 61 21 63 82
41 77 33 63 15 18 103 46
84 39 41 8 33 15 43 69
63 126 33 8 93 14 15 61
41 82 8 92 127 67 65 23
126 63 8 11 33 32 41 15
126 8 41 63 61 33 100 11
126 41 63 18 127 46 72 33
107 82 95 92 50 79 40 67
82 50 21 55 107 8 56 79
82 21 50 84 27 8 107 66
82 61 27 33 108 8 21 127
82 33 27 11 126 42 127 8
27 82 8 126 33 61 115 42
33 27 82 8 4 77 127 61
79 4 21 82 8 33 43 46
84 79 39 8 82 43 127 4
108 33 63 8 4 79 82 17
33 8 107 68 82 79 95 110
21 8 55 56 82 33 42 101
84 8 21 39 82 36 93 40
27 8 66 61 17 108 38 93
69 2 77 61 8 40 18 93
69 8 39 24 2 93 77 5
69 8 12 32 2 5 93 63
43 38 63 39 93 32 15 8
95 63 43 38 11 40 15 32
95 38 45 63 4 40 8 66
66 108 110 4 36 40 8 38
36 32 66 8 108 4 40 27
42 14 40 2 4 18 8 36
14 35 42 122 48 63 12 93
92 40 67 100 45 4 95 12
100 53 14 92 40 48 31 37
123 48 100 51 96 103 106 14
45 92 40 95 29 51 48 36
95 67 92 45 40 100 36 38
38 2 40 8 16 41 24 67
14 40 106 16 8 105 3 43
107 45 95 40 67 8 50 100
126 95 38 4 63 40 43 18
126 8 18 15 40 93 36 110
107 8 95 11 18 40 45 110
36 8 21 32 55 40 56 50
36 39 32 8 84 40 93 41
36 32 66 126 40 8 87 63
15 36 43 14 40 8 37 119
84 15 43 39 36 8 5 40
36 8 66 108 4 32 17 40
69 18 4 36 77 32 2 119
63 39 93 32 69 36 43 2
32 63 4 36 95 113 40 8
40 42 37 4 14 35 55 48
35 48 122 14 93 63 42 41
92 67 48 40 25 35 53 100
4 67 66 100 8 40 92 108
42 2 63 36 39 113 18 67
63 126 77 41 103 18 61 36
41 100 11 63 45 95 18 40
55 41 82 100 16 40 48 2
27 17 55 41 100 48 61 40
103 77 39 0 41 2 113 63
95 11 63 45 113 41 48 100
14 50 48 55 113 35 40 4
96 35 48 14 41 106 63 103
48 92 40 66 41 67 29 45
4 66 67 48 92 100 40 41
63 42 2 113 41 48 36 77
63 77 103 126 41 18 105 30
45 41 100 95 11 63 48 4
41 27 55 100 48 17 63 40
103 41 77 39 63 113 49 0
41 46 10 39 93 79 113 18
41 46 126 10 113 79 93 18
41 46 113 43 119 72 15 12
84 41 43 103 24 39 93 79
126 46 41 113 11 0 8 95
27 126 8 17 61 63 40 57
38 84 77 63 61 32 18 8
63 38 84 39 77 46 41 93
107 95 11 8 45 18 110 41
8 50 21 16 27 55 56 82
8 42 50 33 68 82 16 79
21 8 55 82 56 50 101 42
84 127 82 8 39 21 33 92
27 8 66 17 61 108 82 40
32 2 40 77 18 69 61 8
39 67 8 5 40 32 93 69
67 32 40 11 95 38 4 46
35 120 14 93 37 96 5 106
92 25 67 40 100 113 66 81
120 113 106 37 35 123 96 92
92 40 81 45 25 100 46 67
32 50 126 66 8 81 46 40
66 32 126 108 17 8 100 27
126 18 108 8 100 27 61 17
18 41 14 69 35 40 12 72
103 18 41 69 35 57 15 40
107 100 67 45 11 50 8 40
27 8 11 50 21 107 82 100
84 21 42 82 107 103 36 40
27 61 108 8 17 82 63 40
27 61 126 108 8 17 63 18
32 36 41 126 77 61 103 18
38 77 8 39 93 32 84 113
38 0 77 32 90 113 63 17
43 32 36 18 38 77 103 46
43 36 63 32 39 84 93 79
95 107 11 45 8 50 63 46
50 21 56 55 8 41 82 83
38 84 39 63 14 93 21 32
66 38 108 32 40 63 110 113
66 38 108 36 63 4 18 40
14 4 36 40 42 8 108 63
14 35 48 63 93 36 42 122
92 100 67 40 45 4 36 25
100 53 92 14 48 3 36 31
48 51 100 123 103 106 63 14
45 92 36 40 100 29 25 95
36 40 92 95 67 100 45 11
36 14 106 48 122 16 93 35
107 8 100 67 68 95 45 36
8 16 55 56 50 21 82 27
42 21 8 50 82 33 16 48
42 21 82 50 92 8 33 4
82 8 84 39 4 33 21 40
127 8 66 82 4 33 126 17
18 127 82 4 107 8 100 33
18 4 66 42 82 127 33 113
69 113 8 84 14 82 93 62
46 113 24 8 62 0 10 82
46 113 0 126 10 8 62 32
46 113 43 41 15 103 38 72
84 113 43 39 46 79 69 8
113 32 43 0 46 79 119 62
43 14 79 35 113 100 22 93
14 43 35 79 93 48 100 67
38 92 67 63 12 79 100 8
95 38 100 11 67 107 92 43
50 55 37 35 14 100 3 4
35 14 100 48 67 106 79 51
38 92 12 48 63 67 100 41
38 100 95 45 48 79 67 43
95 38 100 43 45 79 67 92
38 16 40 2 93 41 8 67
126 38 40 100 63 0 32 61
15 126 43 37 41 18 38 63
38 15 84 63 39 43 93 37
41 40 39 77 15 5 105 81
95 107 45 50 15 8 11 40
27 11 50 8 21 82 84 107
84 21 42 82 103 127 36 107
27 40 108 17 61 127 37 42
77 113 18 41 61 37 83 40
93 113 84 69 77 41 8 37
113 100 93 37 25 36 41 8
43 32 36 100 46 10 93 69
43 67 32 39 93 36 40 10
32 67 46 43 8 4 95 33
42 37 35 55 14 2 67 40
37 67 14 53 92 100 35 40
53 103 37 35 48 123 67 65
53 37 105 48 92 35 100 29
53 103 35 37 65 48 105 3
46 67 45 25 62 37 95 92
35 37 103 14 48 123 96 106
37 48 53 35 92 29 67 93
103 53 37 35 30 48 123 67
14 36 8 40 35 4 13 5
38 14 63 120 93 31 96 113
38 40 113 37 89 58 92 5
126 95 40 4 18 8 25 38
126 8 18 36 40 93 15 110
107 11 18 95 15 40 36 38
18 8 40 45 127 50 15 4
8 66 40 4 108 17 42 37
18 42 32 40 4 27 5 46
39 8 38 32 69 18 2 43
14 38 40 4 8 35 37 89
14 35 122 48 93 106 37 29
92 67 45 25 100 40 29 4
53 92 31 14 100 35 48 37
123 48 106 96 51 103 35 105
45 92 25 40 29 95 48 26
67 92 95 25 38 43 45 40
14 106 48 37 122 36 16 123
107 8 45 67 95 40 100 92
21 8 50 56 55 92 52 67
8 110 84 21 33 82 39 40
110 8 33 21 27 42 82 107
27 110 42 33 8 21 18 15
27 8 110 17 61 42 93 126
113 77 46 41 18 51 83 43
113 8 93 79 77 0 69 5
46 113 93 79 10 39 8 43
113 46 126 0 10 79 41 8
41 113 46 43 12 119 72 15
84 43 103 24 41 8 39 93
126 46 113 0 8 79 41 95
27 8 126 17 63 61 43 46
27 82 61 108 126 33 8 63
33 41 77 82 63 127 15 8
84 39 41 33 82 127 8 103
63 126 33 82 23 39 8 61
82 63 126 41 33 92 15 127
126 63 11 8 41 82 33 32
8 33 107 68 82 11 63 79
55 8 21 33 56 101 82 42
42 21 100 30 33 82 67 11
42 21 100 82 30 8 33 67
84 42 39 8 36 21 82 86
27 66 108 8 17 42 40 33
27 11 18 126 8 127 33 42
27 61 126 8 17 41 18 42
35 113 14 77 93 103 79 2
126 113 25 67 4 61 92 100
113 69 2 37 67 126 93 14
126 113 25 81 61 46 53 17
126 113 25 18 46 67 81 61
103 18 113 14 22 15 35 41
103 35 113 53 29 22 18 25
107 67 45 100 95 11 22 50
21 50 8 27 55 56 82 67
21 84 2 14 113 35 37 92
66 108 113 100 4 81 25 40
14 66 113 108 25 42 100 35
103 30 35 25 14 53 62 100
107 100 67 11 125 15 57 22
107 100 21 82 35 67 50 14
30 35 100 37 107 3 55 14
67 66 100 126 25 22 108 46
67 126 25 100 18 66 85 46
8 56 4 23 17 89 93 40
8 68 4 95 19 33 82 23
8 101 16 127 68 19 55 89
8 37 19 124 93 114 101 5
19 8 5 127 37 68 65 86
5 19 55 101 114 37 36 93
93 96 120 123 5 37 124 102
93 113 100 10 79 36 90 62
36 93 46 79 113 90 10 18
93 31 106 58 35 51 113 120
93 5 37 31 92 58 124 51
93 53 3 92 5 67 25 36
36 93 31 15 92 53 105 37
31 93 113 123 36 120 58 96
93 58 37 120 31 89 5 51
93 58 89 53 3 78 5 31
93 37 36 5 25 105 31 53
93 36 3 65 37 105 51 5
93 36 5 37 14 53 103 92
93 36 68 37 19 105 25 92
127 16 3 101 19 92 37 86
8 19 127 101 16 68 60 45
8 56 84 55 101 21 82 127
66 8 21 30 108 82 84 92
27 55 8 127 108 61 93 21
18 14 127 35 2 8 40 77
35 14 18 103 3 113 37 77
35 14 67 3 5 53 25 113
92 14 15 48 88 94 67 37
53 65 35 67 25 30 31 37
67 22 100 125 30 85 25 7
67 100 25 18 95 40 125 11
8 56 4 23 17 93 89 40
8 68 4 95 19 33 82 23
8 101 16 68 127 19 55 86
8 37 19 124 93 114 101 5
19 8 5 127 37 68 65 86
5 19 55 101 114 36 93 37
93 96 123 120 5 37 124 102
93 113 100 10 79 90 36 62
36 93 46 79 113 10 90 18
93 31 106 58 35 37 113 51
93 5 37 31 92 58 51 124
93 53 3 92 5 67 36 78
36 93 31 15 92 53 37 105
31 93 113 36 123 120 58 96
93 58 37 120 31 89 5 78
93 58 89 53 3 78 5 31
93 36 37 25 5 31 105 53
93 36 3 65 105 37 51 5
93 36 5 37 14 53 103 92
93 36 68 37 19 105 25 92
127 16 3 101 19 92 37 86
68 8 107 127 19 50 45 92
101 68 16 19 60 8 104 3
63 56 55 8 101 33 114 82
67 33 92 41 52 82 14 8
33 67 8 63 93 65 82 19
33 67 8 42 26 28 63 52
56 27 8 67 61 55 93 42
27 126 8 77 93 61 40 56
14 43 40 2 8 93 77 5
14 93 43 96 2 79 5 35
40 43 113 89 100 125 5 13
82 50 21 84 107 55 8 127
82 27 21 110 8 66 107 50
82 27 21 110 127 81 92 66
82 27 61 8 110 17 33 108
27 82 110 8 33 61 77 108
82 27 79 8 77 39 33 61
79 4 82 33 100 113 14 8
79 84 39 82 43 127 4 8
79 108 39 82 33 8 40 110
79 11 95 33 82 8 63 18
79 82 33 39 18 50 100 11
79 100 4 66 14 33 82 72
79 84 39 43 82 40 33 57
79 66 108 82 100 4 0 33
79 108 33 4 0 113 100 82
79 84 126 33 108 82 4 18
8 107 33 79 82 68 50 95
8 55 21 82 27 56 19 63
21 55 82 27 8 61 56 33
82 21 127 77 18 63 4 15
84 127 39 82 8 43 60 33
107 8 82 127 4 33 11 60
56 84 127 82 107 8 55 38
27 108 66 61 82 17 127 84
27 108 18 61 82 40 127 8
35 14 69 82 103 42 18 5
53 82 35 37 42 67 5 40
53 35 65 25 37 78 31 48
67 40 11 82 100 25 95 46
82 69 2 100 67 61 30 25
69 2 39 82 14 67 25 5
18 35 14 36 77 105 120 37
82 27 61 126 108 33 8 63
33 41 77 82 63 127 15 18
84 39 41 33 82 127 103 15
63 126 33 82 23 39 8 61
82 63 126 41 33 92 15 127
126 63 11 41 8 82 33 32
8 33 107 68 82 11 79 63
55 8 21 56 33 101 82 42
42 21 100 33 30 82 67 11
42 21 100 82 30 33 8 67
84 42 39 8 36 82 21 93
27 66 108 8 17 42 40 33
27 18 126 40 8 108 61 4
69 2 18 41 127 8 40 63
69 40 2 18 8 5 41 57
39 69 36 49 8 5 24 93
14 35 106 8 36 120 43 5
107 45 40 95 25 8 81 92
27 11 8 50 21 82 40 107
84 21 42 36 82 107 127 72
42 108 21 27 84 36 107 82
2 69 40 36 42 30 14 82
2 69 8 40 36 39 24 82
39 40 63 82 46 8 33 61
108 17 63 40 27 8 13 61
18 126 63 17 41 8 61 108
14 18 69 41 22 40 35 82
103 69 41 35 14 93 18 22
126 100 67 22 41 18 25 85
67 69 103 41 100 43 126 58
113 89 53 78 58 123 5 93
103 53 122 123 36 101 35 37
27 66 8 17 40 108 61 93
14 40 77 18 35 2 5 8
14 93 120 16 35 96 37 5
117 58 93 113 125 92 46 67
5 35 113 78 14 37 93 53
14 92 83 104 16 37 15 51
37 93 5 35 103 53 78 48
67 100 15 85 40 41 22 25
40 100 67 25 11 95 15 81
14 35 37 40 94 100 41 104
93 35 14 5 113 120 96 31
120 93 96 5 31 86 14 42
18 100 14 35 78 113 53 58
5 18 53 96 102 14 93 37
31 5 18 78 102 36 37 86
68 107 40 95 45 50 8 67
21 27 8 55 50 56 84 11
21 42 57 82 127 107 125 104
84 21 42 57 127 72 15 52
27 61 17 8 108 40 5 33
15 77 41 61 40 113 127 72
15 84 40 77 8 69 39 5
126 15 40 61 63 41 46 33
14 40 127 41 2 35 113 82
14 35 5 93 37 113 96 103
67 113 29 92 25 40 37 13
61 66 25 67 126 17 40 108
18 126 25 32 40 67 36 100
35 14 40 113 41 105 88 18
35 14 103 53 37 122 31 48
67 100 22 85 30 41 25 53
67 126 100 25 53 22 18 30
69 8 93 5 39 36 37 40
69 36 5 93 8 18 32 77
38 43 8 36 93 5 39 37
35 14 8 38 36 43 40 105
14 38 35 43 31 120 106 58
38 58 25 45 92 43 81 37
95 38 81 25 43 92 40 36
69 92 81 2 25 36 100 104
69 36 93 8 14 113 37 58
39 58 89 8 113 13 125 36
35 113 14 36 45 13 89 25
14 58 31 35 113 120 43 93
107 45 95 25 8 40 18 67
84 56 8 81 37 40 21 127
27 66 8 110 61 40 17 108
27 110 18 61 66 126 72 83
27 110 17 8 18 61 93 126
113 77 41 14 18 103 83 122
93 8 84 79 69 43 77 113
39 79 8 93 113 119 43 10
79 93 10 113 8 0 36 119
79 113 43 38 93 39 8 36
110 8 0 43 38 113 79 10
110 38 126 113 79 46 18 63
110 126 17 43 8 27 93 79
103 77 113 0 18 41 43 83
103 84 113 39 57 43 69 41
126 17 108 100 61 113 0 110
103 18 69 22 15 14 57 119
103 69 93 57 100 15 18 62
126 100 67 11 110 22 46 85
69 14 126 2 8 46 41 92
79 67 95 25 40 18 46 82
31 36 58 67 93 14 79 113
35 53 66 113 100 14 31 58
82 14 79 92 48 81 15 18
53 35 103 37 48 31 22 93
7 71 99 22 75 16 48 29
107 79 82 95 8 50 67 45
50 8 21 16 27 82 55 56
42 50 82 33 21 8 16 11
82 21 50 55 42 33 8 56
82 21 42 50 27 84 33 55
27 21 82 63 33 61 8 108
27 33 61 82 126 108 63 8
41 33 77 63 82 18 15 127
84 39 41 33 103 127 15 63
63 126 33 39 82 23 8 61
63 82 126 41 33 92 127 15
126 63 11 8 33 41 32 82
33 8 107 68 11 82 63 79
55 21 8 56 33 101 82 27
42 21 100 33 30 82 11 67
42 21 100 82 30 33 8 67
84 39 42 8 21 36 40 82
27 61 66 108 8 17 42 40
27 77 61 126 8 40 93 18
36 37 72 79 77 92 15 21
84 79 93 46 113 14 8 119
79 46 21 113 25 93 119 8
43 38 103 35 14 8 113 106
46 113 95 66 108 43 25 81
108 93 79 57 46 66 113 25
108 79 57 93 18 46 100 25
110 79 38 113 126 46 93 0
110 17 126 79 18 63 93 43
77 17 63 79 18 46 110 43
84 39 79 14 93 43 119 103
108 93 126 79 46 17 113 8
126 18 108 46 100 79 93 62
103 79 18 82 43 57 14 35
103 79 93 35 22 18 29 43
7 22 103 71 99 30 16 29
107 95 45 8 67 100 110 50
8 21 50 82 107 110 57 11
21 8 27 33 42 63 82 50
42 21 33 8 82 57 50 107
79 21 42 33 82 57 8 50
79 21 33 82 57 27 8 127
79 4 21 33 57 82 127 72
84 79 39 82 40 36 43 8
79 108 17 8 66 33 82 27
79 33 108 84 110 82 4 61
79 33 8 107 11 50 68 57
8 55 21 50 56 16 27 33
42 8 50 33 21 82 16 11
21 82 55 42 8 33 50 56
21 82 33 42 84 27 50 127
63 21 61 27 82 33 8 127
33 27 82 61 21 127 8 42
127 77 33 82 4 41 63 72
84 39 127 8 82 33 43 4
63 126 33 82 39 23 8 40
63 33 41 82 92 126 127 8
126 63 11 8 32 33 82 127
11 33 63 8 107 127 82 32
110 0 8 43 79 113 38 32
110 79 38 113 126 46 0 93
110 17 126 79 18 8 63 43
77 17 63 18 46 110 79 43
84 39 14 79 93 43 119 103
108 93 126 79 46 17 8 113
126 18 108 46 100 79 93 62
103 79 82 8 18 57 14 43
103 79 93 35 22 18 29 43
7 22 103 30 71 99 16 29
107 95 45 8 67 100 50 110
8 50 21 110 57 107 82 33
21 8 27 33 42 63 82 50
42 21 33 8 57 50 82 107
79 21 42 33 82 8 57 50
79 21 33 82 57 27 8 127
79 84 33 82 57 4 8 21
33 79 108 63 110 4 82 17
33 79 8 107 11 57 50 63
79 21 8 33 50 82 42 27
21 82 42 4 57 127 72 33
84 21 39 82 36 8 40 127
66 84 8 82 21 40 127 4
39 127 40 81 8 82 84 23
66 108 82 8 110 4 33 63
108 36 66 4 82 33 63 23
108 8 36 66 33 115 4 82
108 4 36 33 115 40 8 27
18 4 46 41 127 80 43 69
33 8 115 69 39 84 82 4
33 115 4 0 27 110 8 126
21 2 69 4 43 8 127 82
110 79 113 38 126 46 93 0
110 17 126 79 18 8 93 27
77 17 46 79 63 110 18 43
84 39 79 93 103 24 43 69
108 126 66 61 79 36 69 14
69 36 108 93 126 8 14 79
126 108 46 79 36 10 32 93
43 103 79 82 36 14 22 46
103 43 36 22 35 67 62 79
22 7 43 103 71 99 35 16
107 95 67 45 100 8 110 50
50 21 8 55 56 67 107 51
38 84 39 8 21 46 32 113
32 66 38 0 17 8 108 110
18 32 38 107 33 100 110 113
42 17 27 8 108 18 126 2
77 103 39 38 2 40 18 57
38 126 17 61 32 40 57 0
43 126 15 46 38 41 80 103
84 43 103 39 69 24 15 119
95 11 107 15 38 57 63 45
11 95 45 50 38 15 57 8
21 32 36 8 66 50 55 40
36 32 84 17 40 46 119 8
17 0 36 108 66 77 32 8
108 18 17 36 4 126 32 110
18 32 2 36 69 4 77 126
39 32 67 22 57 63 36 46
107 95 45 50 67 11 57 8
50 21 56 55 41 8 51 82
84 21 8 127 39 82 40 33
66 127 33 108 18 42 4 40
27 8 82 110 61 33 108 77
82 8 27 79 39 77 61 33
79 4 82 100 8 113 33 14
79 84 39 82 43 40 33 93
79 108 113 0 4 33 82 40
79 107 8 11 95 82 33 50
82 50 21 8 55 79 56 127
21 82 8 50 84 27 33 55
82 61 27 33 108 8 21 63
82 27 33 11 126 8 127 42
27 8 126 61 33 82 115 42
77 33 4 82 127 8 41 63
84 39 8 127 33 82 77 4
63 33 8 82 126 23 39 40
82 33 63 92 126 8 41 79
126 11 8 63 33 82 32 23
33 8 107 68 82 11 95 110
55 21 8 56 33 101 82 42
42 21 100 30 33 82 67 11
42 21 100 30 82 33 8 67
84 42 39 36 21 8 127 82
27 8 17 66 108 61 40 42
14 40 2 77 8 18 4 5
14 106 93 120 5 96 31 35
40 95 92 107 4 81 11 38
21 50 92 56 40 81 51 127
84 8 127 40 21 39 69 82
127 8 40 4 27 66 108 60
127 4 27 40 8 82 33 61
21 27 127 40 42 4 8 82
21 36 84 15 82 57 92 127
36 21 108 8 84 66 40 82
21 50 82 84 8 27 33 107
82 61 27 33 110 108 8 21
82 110 27 61 33 8 127 126
82 27 110 33 126 8 115 61
77 33 82 4 127 8 63 79
84 39 82 127 33 79 8 4
63 82 33 126 8 23 79 39
82 33 63 92 126 8 41 79
126 11 8 82 63 33 32 79
33 8 107 68 82 11 79 110
55 8 21 56 33 82 101 19
42 21 100 33 30 82 67 11
42 21 100 30 82 8 33 67
84 42 39 8 36 21 82 40
27 66 108 8 17 40 42 33
27 11 18 126 127 8 33 40
27 8 17 61 126 40 42 18
69 77 18 2 40 61 14 12
69 5 8 39 102 24 93 2
35 14 5 120 37 93 36 8
8 25 92 67 61 5 40 95
66 8 5 40 25 108 27 37
18 77 113 40 5 37 93 119
38 39 84 8 93 32 5 40
38 32 39 80 113 63 93 8
43 38 80 119 15 40 113 37
43 38 84 39 8 24 93 40
38 43 14 4 35 8 40 5
14 122 106 48 43 93 35 96
48 16 106 99 122 7 14 75
67 92 34 100 85 43 48 53
53 14 100 35 31 3 48 34
8 33 107 79 68 11 82 110
8 55 21 56 33 82 101 50
42 21 100 82 33 30 11 8
42 21 100 82 30 33 8 67
84 42 39 82 36 8 21 40
27 8 17 66 108 61 40 42
14 2 93 77 5 8 35 103
113 38 93 117 58 46 62 63
126 40 4 61 38 81 25 95
126 4 113 40 81 37 25 18
84 113 5 69 37 93 40 8
113 40 126 25 37 5 18 0
43 113 119 12 41 15 46 37
43 84 39 69 37 15 113 40
43 39 8 5 89 12 58 40
95 107 45 11 4 50 40 113
21 8 50 82 107 4 110 127
21 42 4 82 8 55 27 92
14 42 21 4 35 69 82 37
14 35 48 93 37 42 122 82
48 30 22 14 7 35 75 122
107 67 100 66 22 21 82 40
21 66 67 100 107 4 82 81
66 100 108 67 4 40 82 21
2 32 18 22 79 40 82 66
32 2 67 103 48 79 14 30
67 32 22 39 8 40 38 2
107 67 32 22 11 95 38 36
107 14 2 37 55 35 21 96
113 38 117 58 93 103 41 46
66 108 40 107 17 81 27 38
18 108 40 126 61 17 113 27
10 32 39 79 8 49 38 93
95 107 38 110 11 8 32 45
21 8 2 55 56 4 50 51
69 2 14 21 92 8 93 36
69 24 49 39 93 2 8 62
66 4 95 40 108 62 8 46
4 66 108 8 40 17 36 32
18 108 10 32 110 93 8 36
4 126 11 18 100 110 8 10
21 36 100 46 15 113 72 92
84 113 14 8 62 15 119 21
21 113 0 8 119 15 25 46
43 38 39 8 77 32 103 113
43 38 113 126 32 0 46 18
84 15 43 103 126 8 62 113
66 15 100 32 39 38 18 61
108 32 17 100 8 66 113 38
2 69 46 18 77 62 43 17
32 69 8 18 2 36 62 46
39 8 32 33 36 10 18 46
32 4 11 8 95 36 45 46
8 126 4 55 11 15 40 21
84 15 4 21 8 69 42 14
84 8 4 15 11 21 33 66
42 4 107 15 21 66 84 33
42 14 4 35 21 107 8 40
14 42 96 55 93 37 120 106
105 53 89 113 36 37 14 13
53 113 67 37 31 92 25 105
53 113 105 46 37 66 14 40
103 53 35 37 36 22 113 106
107 45 66 95 15 25 29 100
32 38 93 126 62 8 79 39
79 21 113 15 46 43 41 62
84 39 79 21 113 119 43 14
21 113 79 119 25 43 84 0
43 39 38 79 32 8 113 119
38 32 66 43 79 113 39 46
32 108 17 93 79 113 43 38
69 2 18 43 46 62 77 79
32 69 8 18 62 36 2 43
39 32 8 36 33 10 18 93
32 11 4 95 8 66 36 46
8 126 4 32 79 113 11 55
84 15 8 4 21 69 82 126
84 8 4 15 11 82 33 66
42 4 107 15 21 66 84 33
42 14 4 35 8 107 21 40
14 35 42 96 37 103 58 106
37 53 29 67 5 102 58 25
53 113 37 29 67 106 58 92
53 66 46 105 113 37 5 67
103 53 35 37 36 22 105 106
107 45 66 95 15 100 25 29
66 107 108 113 95 46 18 0
66 108 107 11 113 8 4 0
30 113 35 14 4 42 57 105
35 22 30 14 103 36 79 113
107 8 45 67 100 68 95 50
21 8 55 50 56 82 127 101
21 127 50 8 55 56 82 84
63 21 61 27 8 33 82 60
27 8 61 33 82 21 126 63
41 77 127 63 33 72 15 119
48 75 67 22 85 125 81 100
48 92 74 85 124 14 34 76
103 75 31 48 30 3 7 53
75 48 30 76 85 92 118 7
48 92 85 34 65 76 105 74
75 103 30 48 7 31 76 58
67 53 34 31 26 81 48 25
31 93 96 37 120 5 106 58
31 5 37 53 58 92 25 93
92 48 65 76 15 81 105 51
53 31 37 58 103 75 99 29
67 22 31 100 53 30 81 85
31 123 103 96 22 37 53 106
58 31 53 37 92 5 25 105
92 76 105 48 81 104 29 88
53 65 58 30 31 25 103 37
53 68 37 67 5 93 25 26
127 16 81 67 14 92 3 19
68 107 127 50 8 45 67 81
8 101 19 55 60 68 16 114
63 56 55 101 8 33 82 114
33 67 82 92 14 41 8 56
33 8 67 63 19 65 82 93
33 67 8 42 26 28 63 60
27 8 56 61 55 17 93 98
77 61 83 17 56 12 94 103
14 38 84 69 93 103 5 39
5 23 92 93 39 25 67 8
95 68 11 8 107 40 46 38
8 16 68 101 127 19 55 14
19 37 5 101 93 114 51 52
19 5 127 65 68 64 86 37
126 103 11 105 53 113 41 62
95 107 11 82 45 46 100 104
82 21 50 8 57 107 11 79
21 82 84 57 127 15 50 42
66 82 108 21 8 33 107 27
66 82 33 127 4 21 18 57
108 18 82 66 27 33 4 21
2 82 69 33 4 18 108 127
33 82 2 39 8 0 10 115
0 33 82 10 126 115 8 108
82 15 43 57 0 33 80 119
84 43 15 39 82 127 57 8
33 8 82 107 11 110 57 50
82 21 8 50 55 127 33 56
82 21 8 50 127 84 33 27
21 27 82 8 33 61 63 127
27 33 8 82 61 126 108 21
41 33 77 63 82 15 18 103
84 39 41 33 103 8 127 82
126 110 33 61 8 63 127 15
126 110 27 82 33 8 41 61
27 126 33 110 82 8 61 77
84 79 33 4 127 82 63 43
108 33 39 79 110 17 82 63
11 79 95 33 63 18 82 4
27 79 39 33 32 61 11 8
79 84 72 15 41 103 33 100
79 108 33 66 8 36 110 100
79 108 36 33 4 100 66 15
33 108 79 17 36 126 63 110
41 33 79 108 18 126 17 10
8 33 107 68 79 82 110 95
75 48 76 111 118 22 125 104
48 34 76 75 92 65 85 105
75 48 103 30 76 118 111 123
53 67 26 34 52 48 81 31
31 96 93 37 120 106 5 53
31 5 37 92 53 58 25 93
92 65 76 48 74 81 105 104
53 37 31 75 99 103 29 22
22 67 81 31 85 92 125 15
31 123 103 96 22 37 106 53
58 31 53 92 37 5 105 25
92 76 105 104 48 74 81 88
53 31 58 37 103 65 99 25
68 53 37 5 26 67 81 93
127 16 81 19 14 67 92 3
68 107 127 50 8 81 19 45
8 101 19 55 68 60 16 114
63 56 55 101 8 33 82 114
67 33 92 82 14 41 52 15
33 8 67 63 19 65 93 56
33 67 8 42 26 28 63 52
8 56 2 55 5 93 17 67
33 95 68 8 11 40 38 67
8 16 68 101 127 55 19 3
19 37 101 114 5 52 93 51
19 5 127 68 86 65 37 64
55 35 96 5 114 93 120 101
5 92 58 37 114 67 35 120
5 92 65 25 53 78 117 67
31 38 106 37 5 120 93 92
58 5 78 113 25 31 117 13
5 105 53 37 113 25 31 35
124 82 48 14 67 92 34 85
103 75 31 48 3 7 53 29
48 75 30 76 92 118 125 22
48 92 34 65 14 67 15 85
75 103 48 30 7 34 31 29
67 127 26 25 85 34 81 48
31 35 37 96 93 53 67 103
53 92 5 37 25 31 35 58
92 48 81 82 15 104 65 14
53 37 103 58 35 99 29 65
67 45 22 100 15 81 25 125
31 123 103 22 35 67 37 53
58 53 92 25 37 31 35 105
92 81 104 48 76 14 74 15
53 65 30 58 103 25 31 29
107 45 67 50 26 100 81 25
82 50 8 21 55 84 107 127
27 8 82 21 110 66 50 107
82 27 21 127 81 94 110 92
27 82 61 17 8 108 40 5
77 61 18 40 82 63 41 83
84 39 77 82 103 40 8 127
63 126 82 8 40 39 61 79
82 63 41 126 92 33 61 11
126 11 63 8 82 32 79 40
11 63 41 61 95 100 8 82
27 82 61 126 110 8 63 100
27 61 82 77 63 79 110 8
79 4 82 100 30 33 63 113
79 84 39 82 43 33 63 127
79 66 108 82 4 0 33 110
79 108 0 113 33 82 4 18
32 79 17 108 8 10 62 93
79 17 18 32 126 108 62 46
32 79 18 126 46 87 69 8
32 84 79 8 38 30 18 43
32 84 39 79 18 46 38 43
107 95 8 32 110 79 11 46
8 50 21 16 27 55 56 82
8 42 50 33 68 82 79 21
21 8 55 82 56 42 50 101
84 127 8 82 39 21 33 1
8 27 66 17 61 108 82 127
69 2 77 18 61 40 5 8
14 69 93 120 5 113 8 37
77 5 8 89 92 93 13 78
8 126 40 77 25 13 5 81
126 8 43 5 93 18 15 13
8 35 14 82 43 37 22 5
35 43 22 67 93 37 5 103
22 7 35 71 37 43 30 58
22 7 30 67 58 37 35 34
67 22 34 107 95 40 100 43
8 126 17 27 67 40 61 5
126 18 27 40 8 17 61 5
18 38 2 8 69 103 39 5
107 11 95 8 100 67 40 45
27 8 11 21 50 82 107 40
21 42 8 107 50 82 11 127
21 42 27 8 55 61 82 40
36 21 42 8 55 40 32 27
36 32 39 93 84 46 43 24
36 35 8 14 32 46 62 38
35 36 106 31 14 38 120 5
79 32 108 38 66 62 10 46
32 79 17 108 8 62 10 93
79 17 18 32 126 108 62 46
32 79 18 126 46 69 87 103
32 84 79 8 38 30 18 43
32 84 79 39 18 46 38 43
107 95 8 32 79 110 11 46
8 50 21 16 27 55 56 82
8 42 50 33 68 82 79 21
21 8 55 82 56 50 42 101
84 127 8 82 39 21 33 1
8 66 27 33 108 82 127 17
27 8 127 18 33 11 126 82
8 27 61 17 126 42 5 40
69 2 77 61 40 18 5 8
14 69 5 93 35 8 120 2
5 92 8 78 25 40 93 67
126 25 8 40 5 67 92 13
126 43 8 5 93 18 15 119
8 35 14 43 82 37 22 5
35 43 5 67 37 22 93 103
22 35 7 5 43 30 37 93
22 7 35 29 58 30 34 25
67 22 34 107 95 40 25 43
32 107 50 67 55 61 126 8
32 38 5 8 93 24 36 2
107 11 100 95 67 45 38 40
21 55 50 27 82 8 56 100
42 63 21 36 82 27 92 103
42 21 50 100 82 33 11 57
42 21 33 82 50 100 27 8
21 42 82 4 57 37 72 92
79 32 108 38 66 62 10 46
32 79 17 108 8 62 10 93
79 17 18 32 126 108 62 46
32 79 18 126 46 69 87 8
32 84 79 8 38 30 18 43
32 84 79 39 18 46 38 43
107 95 8 32 79 110 11 46
8 50 21 27 16 55 56 82
8 42 50 33 68 82 79 21
21 8 55 82 50 56 42 101
84 127 8 82 39 21 1 33
8 27 66 108 127 61 82 4
69 2 4 18 8 127 5 77
69 24 5 2 14 102 8 93
126 110 8 4 40 95 5 18
126 110 17 8 18 27 40 5
8 27 126 110 18 17 108 63
126 18 27 110 17 5 43 8
32 43 8 77 18 46 126 57
32 43 8 30 38 57 46 77
32 39 38 8 43 93 84 62
95 32 11 107 8 38 50 110
21 8 50 82 55 56 127 4
21 55 36 8 32 82 40 42
36 32 39 93 24 46 84 43
36 35 8 14 46 62 32 106
35 106 36 31 37 5 14 42
25 53 92 37 35 67 36 113
31 35 53 3 103 123 36 105
107 36 25 66 67 46 62 32
107 84 36 66 25 67 21 82
27 107 61 17 108 8 66 36
82 43 8 35 14 37 15 36
35 43 67 31 37 25 103 93
22 7 35 30 37 43 5 93
22 29 7 30 58 99 35 71
67 107 95 22 34 45 25 85
126 8 17 67 27 61 40 82
126 18 40 27 61 17 8 4
69 38 18 126 5 2 37 103
107 100 67 95 45 11 18 38
27 8 11 21 50 82 107 84
21 42 107 8 82 11 50 127
21 42 27 55 8 82 61 40
36 21 42 55 32 8 40 27
36 32 39 93 84 43 46 67
36 35 8 14 62 46 32 106
35 106 36 31 37 14 42 103
25 53 92 37 35 67 113 31
3 53 31 35 103 36 123 100
25 36 67 62 35 37 46 53
25 36 126 62 67 32 46 113
15 38 14 35 43 37 106 62
107 15 36 25 95 38 81 32
107 84 36 15 25 81 66 103
27 61 108 17 8 107 92 82
27 61 126 108 17 8 18 63
32 126 61 77 41 18 36 103
32 14 35 36 103 100 22 106
25 32 126 92 67 100 36 53
35 53 103 43 25 14 92 31
25 126 53 67 92 100 36 32
103 53 35 36 41 100 43 67
32 126 67 25 8 41 36 46
48 31 30 75 53 37 35 67
48 67 26 53 37 52 5 25
48 3 105 42 37 53 67 31
48 75 103 96 31 16 99 106
48 75 103 37 16 7 29 85
103 48 75 31 37 53 58 106
26 107 45 48 8 52 67 53
50 21 56 67 52 127 82 107
84 127 8 39 82 21 119 40
27 66 8 61 108 127 17 4
69 2 4 18 40 127 77 37
69 24 5 102 2 14 37 93
4 126 18 40 8 5 100 36
4 14 18 8 37 5 40 120
14 37 35 93 5 120 42 96
67 92 37 5 43 25 40 4
126 4 67 110 40 61 95 92
126 17 110 8 40 27 5 61
32 77 61 18 126 8 46 103
32 77 30 8 103 18 38 46
32 39 93 38 8 84 37 79
32 17 8 126 13 108 38 41
18 32 17 126 38 8 62 77
18 43 103 41 119 46 77 12
84 38 18 43 32 39 8 93
8 107 95 68 50 11 45 82
55 8 21 56 82 50 101 19
42 21 100 30 11 82 33 67
42 8 82 84 21 100 33 127
42 8 27 110 82 107 108 33
42 30 94 122 27 127 72 81
8 27 33 82 42 110 115 61
36 35 62 14 46 32 8 38
35 106 36 103 31 37 48 5
92 25 37 53 35 36 48 81
35 103 53 37 3 31 48 92
107 36 25 66 62 40 67 95
107 36 84 25 66 40 42 61
27 61 107 108 17 37 36 25
61 32 77 46 18 36 62 102
32 30 77 46 103 18 119 113
32 39 38 93 84 8 62 25
38 32 126 62 46 25 8 113
35 103 43 14 15 62 69 84
126 25 46 62 92 43 67 100
103 35 43 15 53 37 92 62
126 32 67 25 8 92 46 41
126 61 100 32 46 17 18 62
15 126 46 18 41 103 100 69
84 15 69 39 62 5 103 86
95 107 11 45 50 46 15 100
11 27 50 8 21 82 55 56
42 21 50 57 100 11 30 107
42 84 103 57 72 21 41 51
27 42 17 40 61 37 108 8
77 113 18 41 83 37 61 103
84 113 93 37 5 62 18 39
113 93 5 18 25 0 119 40
43 113 119 62 100 15 41 117
43 84 62 93 39 79 113 119
95 45 113 11 107 50 40 43
8 50 21 82 107 56 110 42
21 42 4 82 92 30 50 104
21 84 33 82 8 39 127 42
61 77 46 113 83 92 103 17
84 39 38 8 32 77 93 43
38 32 39 8 77 113 93 43
43 38 14 35 15 8 37 106
126 38 43 25 8 32 39 15
21 113 46 15 79 25 43 92
84 39 79 113 8 14 69 21
113 79 21 25 39 8 119 0
43 84 79 113 15 100 103 36
43 84 39 79 103 15 36 8
66 108 43 113 46 40 79 32
108 18 32 79 2 66 11 8
22 30 36 32 35 79 103 2
67 32 2 22 100 25 108 39
18 67 24 38 22 39 10 32
107 95 11 45 46 57 38 110
21 55 50 82 8 56 27 4
42 63 36 21 82 92 33 8
42 21 33 50 100 82 11 57
42 21 82 2 55 61 84 41
18 38 24 118 2 41 77 39
66 38 108 95 4 82 40 42
66 4 38 108 42 113 82 18
84 39 4 69 82 42 14 113
113 42 32 0 25 4 18 108
14 43 100 79 22 15 82 36
43 14 79 100 67 22 30 93
43 38 79 67 100 39 22 15
67 43 38 126 100 79 22 0
15 43 113 92 67 100 126 25
15 84 43 69 24 13 79 67
15 13 43 4 39 67 8 49
75 48 30 103 7 22 53 31
48 75 22 125 30 85 28 81
48 34 82 92 65 15 81 85
103 75 48 30 65 7 29 31
75 30 48 125 92 13 104 28
48 92 65 14 34 82 85 67
75 30 48 103 58 99 3 16
75 48 76 103 104 111 28 22
48 65 92 34 75 76 122 81
103 75 48 30 29 99 7 34
67 26 79 92 15 25 100 53
67 95 82 25 18 79 40 100
35 103 37 14 53 22 36 79
53 66 35 37 25 67 92 14
82 92 48 79 14 15 104 81
53 65 103 35 30 25 37 67
107 82 67 100 45 95 50 26
82 50 21 8 55 107 56 79
21 82 84 50 27 8 127 107
82 27 61 33 108 8 21 127
82 33 27 11 126 127 42 8
27 8 33 82 126 61 115 42
8 33 4 82 27 77 39 115
79 4 33 8 82 127 14 100
84 79 39 8 82 43 40 93
108 8 79 39 33 4 40 82
33 8 107 68 79 95 11 82
21 8 55 56 127 82 19 33
84 21 8 39 36 82 127 24
8 61 27 38 17 108 66 93
27 8 61 108 126 17 93 63
32 36 126 18 41 77 103 61
15 84 69 43 24 113 13 67
15 13 4 8 43 67 49 39
107 8 95 68 45 11 110 46
21 55 8 56 27 50 101 19
18 21 8 68 33 42 100 37
42 18 101 21 8 68 3 33
42 101 35 55 21 3 14 127
38 35 14 101 96 42 31 106
35 58 66 5 38 42 37 105
5 42 37 93 35 14 106 78
48 35 37 106 31 16 58 42
48 75 37 22 125 67 85 29
37 48 34 74 14 92 51 85
103 75 48 31 30 3 53 37
75 7 48 30 103 22 31 99
75 48 22 125 30 76 111 85
34 48 92 74 76 85 83 51
103 75 30 48 7 29 31 65
75 30 48 125 13 92 76 118
30 92 48 74 75 76 85 88
75 30 103 48 58 99 16 29
75 48 76 111 34 29 22 7
75 111 48 76 34 74 118 7
103 75 48 29 30 99 7 34
67 48 22 92 26 53 58 3
68 67 45 107 26 81 127 25
50 127 68 81 101 67 105 25
127 35 42 101 28 14 29 16
35 96 22 101 14 103 55 37
35 5 37 58 92 67 25 113
94 92 118 88 74 14 51 111
53 65 30 37 35 103 58 25
61 77 46 113 92 18 83 17
39 84 38 8 32 77 93 43
38 32 8 39 77 113 93 43
43 38 14 35 15 8 37 106
126 38 43 25 8 32 39 15
21 113 46 15 25 79 43 92
84 39 79 113 8 14 21 69
113 79 21 25 119 8 39 0
43 84 79 113 15 100 103 36
43 84 39 79 103 15 36 8
66 108 43 113 46 40 79 32
108 18 32 79 2 66 11 8
22 30 36 35 32 79 103 2
67 32 2 22 100 25 108 39
18 67 38 24 22 39 10 32
107 95 11 45 46 57 38 110
55 2 21 56 82 61 50 27
18 38 2 118 24 39 77 41
66 4 108 8 40 95 107 110
4 18 42 113 61 66 100 17
84 39 113 42 4 18 21 119
113 42 0 18 25 32 21 4
14 43 100 79 22 36 69 104
43 14 79 100 22 67 30 103
43 38 79 67 24 39 100 22
67 38 43 126 100 79 22 0
15 43 113 67 92 25 100 126
15 84 43 69 24 13 79 113
15 13 43 4 8 39 49 67
15 13 43 4 126 46 113 67
43 113 46 18 4 15 77 83
84 43 39 113 69 18 37 14
48 75 22 125 30 28 85 92
48 92 34 65 82 14 81 85
103 75 48 30 65 29 31 7
75 30 48 125 92 13 28 104
48 92 34 65 85 14 67 82
75 30 48 103 58 99 3 16
75 48 103 76 111 22 104 28
48 65 92 34 122 14 75 81
103 75 48 30 29 7 99 34
67 79 26 92 100 25 15 53
79 67 25 95 40 18 82 46
103 35 79 37 36 14 53 22
53 35 66 37 25 79 14 67
82 92 79 14 15 48 104 51
53 65 37 35 103 25 30 67
107 82 67 95 100 79 50 45
82 50 21 8 55 107 56 79
21 82 84 8 50 27 127 33
82 61 27 33 108 8 21 127
82 33 27 11 127 126 42 8
27 8 33 82 126 61 115 42
77 33 4 127 82 41 8 18
84 39 127 33 8 82 4 77
63 33 126 8 82 23 39 40
63 82 33 92 127 126 41 8
126 11 8 63 33 32 82 127
33 8 107 68 11 82 95 110
21 55 8 56 82 127 33 42
84 8 21 39 82 36 127 86
61 8 27 38 17 108 66 93
27 61 8 108 126 17 93 63
32 36 126 18 41 77 103 61
61 77 46 113 92 83 90 103
39 84 38 32 8 93 77 43
38 32 93 8 77 113 39 90
43 38 14 35 15 8 62 37
126 38 43 25 8 32 93 39
21 113 79 46 15 25 43 92
84 39 79 113 8 14 21 69
113 79 21 25 8 119 39 0
43 84 79 113 15 100 36 103
43 84 39 79 103 15 36 93
66 108 43 113 79 46 40 107
108 18 32 79 66 2 11 8
22 30 36 79 35 32 103 57
67 32 2 22 100 25 108 39
18 67 38 24 22 39 10 32
107 95 45 11 46 38 57 8
21 55 50 82 8 56 27 106
42 63 36 21 82 92 33 27
42 21 100 33 50 82 11 57
42 21 82 2 55 61 84 41
18 38 118 24 41 2 77 89
38 66 108 95 4 82 40 42
66 4 38 108 113 42 82 18
84 39 4 82 42 69 14 113
113 42 32 0 18 4 25 108
14 43 100 79 22 15 36 82
43 14 79 100 67 22 30 93
43 38 79 67 100 39 15 22
67 43 38 126 100 79 22 0
15 43 113 67 92 126 100 25
15 84 43 69 24 79 13 67
15 13 43 4 39 67 49 8
27 8 17 61 93 42 40 43
8 2 93 77 36 69 32 61
36 2 93 69 39 113 32 14
126 32 93 8 36 77 89 0
36 126 0 93 8 32 113 115
18 41 113 46 43 4 119 83
39 38 32 84 8 69 93 43
38 32 39 8 113 0 43 93
43 38 15 119 62 37 23 18
43 84 39 24 32 8 62 93
95 107 45 8 110 11 38 36
8 21 55 50 82 4 56 127
8 21 50 84 82 55 27 38
21 27 8 61 63 33 82 37
27 8 61 33 126 63 108 21
41 77 63 33 15 18 103 72
84 39 41 8 33 15 103 127
63 126 8 33 23 39 82 61
63 41 126 33 92 82 8 15
126 63 8 11 33 41 32 15
8 33 107 68 11 63 95 110
55 8 21 56 33 101 42 3
42 21 100 30 33 67 72 11
42 35 37 14 21 55 93 58
66 67 108 92 100 42 25 113
108 67 25 8 66 17 27 61
61 18 126 108 17 40 77 81
113 84 18 37 5 77 69 39
113 18 25 126 40 77 5 0
43 38 35 14 37 8 106 58
95 113 107 45 40 81 25 38
27 11 50 21 8 82 81 84
66 61 82 89 17 126 23 8
8 27 108 61 17 66 40 82
32 2 61 77 18 40 46 69
39 32 67 40 2 8 37 93
67 126 32 61 40 17 38 46
126 40 103 67 46 18 43 37
14 84 38 69 43 37 35 8
92 23 40 81 39 5 43 25
107 40 32 95 8 11 45 4
42 35 40 8 37 93 82 14
65 35 101 37 103 106 93 122
93 37 106 5 65 7 35 48
122 29 106 35 65 52 34 7
7 29 34 16 122 37 99 71
122 34 7 29 76 71 16 75
7 34 16 76 71 75 111 29
34 122 16 76 111 7 75 29
7 34 16 76 75 71 111 29
34 122 16 76 75 7 29 111
7 34 16 76 71 75 29 58
34 67 40 81 45 100 105 92
14 104 48 122 81 92 34 37
37 14 122 48 103 104 35 96
14 37 35 48 5 7 93 106
29 122 35 106 14 37 7 99
7 29 16 67 22 99 37 71
122 34 29 7 16 71 76 75
7 34 16 71 76 75 111 29
34 122 16 76 29 111 7 75
7 34 16 71 76 75 111 58
34 122 16 29 76 7 75 111
7 34 16 71 76 58 52 75
103 75 48 76 123 99 16 34
75 48 76 90 111 104 118 81
75 48 76 74 81 92 111 34
75 103 48 76 34 30 111 7
75 48 76 30 90 92 104 118
48 75 76 30 74 92 7 34
75 48 30 103 76 99 34 7
48 67 26 5 15 53 81 92
107 8 68 67 95 33 82 26
55 19 101 8 68 82 52 114
67 82 42 19 101 33 79 8
56 55 67 42 8 21 52 101
42 100 30 21 67 52 11 36
42 100 30 21 61 67 82 72
84 42 39 36 8 40 93 82
27 61 8 108 17 66 93 38
61 77 17 18 83 38 72 119
84 77 39 103 43 93 69 32
39 8 89 93 5 58 77 98
95 107 8 68 11 40 61 38
8 101 16 19 3 37 68 124
101 3 55 127 14 42 8 35
101 38 14 55 35 93 96 37
5 124 102 93 65 123 106 37
5 31 102 78 77 16 93 26
66 40 3 108 82 8 107 67
27 61 17 108 66 5 40 81
77 61 18 41 83 94 103 17
84 103 77 39 93 119 5 24
126 61 17 5 40 46 13 32
15 69 126 5 93 8 18 41
126 41 15 18 46 8 63 93
61 77 17 18 83 72 41 40
84 103 77 39 93 32 43 37
126 11 61 108 8 40 77 32
11 100 95 63 61 45 40 107
11 100 27 8 50 30 63 61
61 27 8 14 42 17 36 82
27 61 8 17 83 38 37 42
27 126 8 61 17 18 108 38
32 69 2 8 41 77 93 38
32 39 36 38 8 40 113 93
32 38 36 39 0 40 8 18
43 35 103 14 37 15 79 36
43 126 25 32 67 92 38 113
14 43 15 22 69 92 60 72
103 69 43 15 35 67 37 41
126 100 67 25 36 15 41 22
103 22 35 36 53 37 67 100
67 126 32 8 25 22 92 100
107 100 95 45 11 18 67 46
21 55 8 50 82 56 15 127
21 36 55 8 32 82 42 15
36 14 35 103 100 32 84 37
36 107 25 66 32 67 92 100
107 84 36 66 25 67 81 103
27 107 61 108 17 8 36 66
32 77 2 61 46 18 40 93
32 67 39 33 8 40 77 93
32 67 11 33 46 107 38 95
21 27 55 8 36 56 50 67
36 21 32 8 79 40 11 15
36 32 39 67 84 46 33 57
36 108 66 32 67 46 33 4
126 61 17 32 40 93 98 95
15 126 69 93 32 8 98 5
126 41 15 18 32 49 93 63
11 95 15 107 41 63 46 38
50 110 11 107 8 126 15 95
21 14 42 35 4 82 92 127
14 38 35 31 96 58 48 3
66 38 58 92 13 81 64 23
66 108 17 4 40 81 38 67
14 42 5 35 18 106 28 37
103 31 37 48 122 42 35 106
48 30 125 37 75 67 100 14
48 67 92 82 124 14 34 100
31 30 103 48 75 37 3 53
67 48 26 15 3 22 52 53
107 67 68 45 26 95 100 50
68 50 101 19 52 51 3 29
67 50 26 52 101 28 42 104
55 42 14 21 52 67 101 127
14 35 55 101 93 37 48 5
35 67 5 14 37 92 58 3
92 5 53 65 117 78 25 37
31 38 37 106 92 5 93 103
31 117 26 15 45 5 113 37
66 61 17 27 67 107 38 40
18 77 14 40 103 2 35 38
14 35 103 77 18 48 92 22
67 22 92 25 29 40 113 14
126 67 61 108 25 40 17 92
103 14 18 22 48 69 92 88
103 22 67 53 30 37 93 25
67 100 68 45 107 95 22 11
66 40 81 4 107 3 93 108
4 40 8 66 108 127 93 17
18 8 126 40 4 127 66 93
18 126 93 40 27 8 17 37
69 18 77 2 93 63 37 41
69 93 39 8 77 36 37 24
69 93 77 36 18 90 32 5
43 38 36 93 8 37 39 5
126 95 38 36 4 61 8 93
126 8 36 15 93 18 110 43
11 95 18 15 38 61 40 63
27 17 126 93 61 8 40 77
69 77 93 2 18 37 41 14
69 93 5 36 77 37 39 2
8 107 95 100 11 45 68 50
50 101 3 52 51 37 68 29
50 67 45 127 104 52 72 101
21 56 52 67 51 42 55 83
21 84 40 8 67 42 52 93
84 8 39 67 127 33 21 40
126 8 66 67 40 41 61 93
15 41 40 43 37 12 119 67
84 15 43 40 41 36 119 39
40 15 107 66 41 127 95 108
14 127 42 40 35 4 37 41
14 38 93 35 96 31 42 37
5 102 93 124 123 78 106 37
31 5 102 77 78 89 83 40
40 107 45 95 127 67 3 50
84 50 56 21 52 127 40 4
27 61 8 100 17 66 84 108
61 77 18 83 17 72 100 38
32 39 84 38 103 93 79 8
126 38 110 32 61 46 17 95
126 17 27 46 8 61 32 110
4 18 126 46 77 17 69 13
69 18 10 32 79 43 93 77
69 10 100 18 62 8 79 32
10 100 36 69 113 24 79 32
125 36 10 100 24 49 46 13
10 13 36 39 24 79 62 46
95 107 11 110 45 8 50 57
21 8 82 50 27 55 56 33
2 21 84 24 69 62 37 46
38 13 24 2 39 23 62 46
38 66 4 108 95 23 62 46
108 24 32 10 13 36 46 66
100 126 11 4 66 107 110 10
100 36 84 21 46 38 32 92
100 84 69 36 46 113 32 79
125 39 113 84 24 41 79 30
108 125 66 113 46 41 100 57
14 36 57 79 82 22 125 35
103 36 30 35 48 57 79 100
107 100 67 11 95 57 25 45
107 100 21 67 50 57 25 4
84 39 21 82 107 40 36 8
66 108 107 27 82 110 81 8
27 108 8 17 66 61 110 36
61 77 18 17 0 46 21 57
84 2 21 69 100 57 14 18
125 39 84 24 30 41 103 113
108 66 125 63 41 46 62 113
14 57 36 13 41 108 125 18
33 82 27 11 126 127 42 8
27 8 33 82 126 61 115 42
77 33 4 82 8 127 41 0
84 39 33 82 127 8 4 77
63 33 126 82 8 23 39 40
33 82 63 126 92 41 8 127
126 11 8 63 33 32 82 23
33 8 107 68 11 82 95 79
55 8 21 33 56 101 82 27
42 21 100 30 33 82 67 11
42 21 100 30 82 8 33 61
84 42 39 8 21 36 40 82
27 8 108 66 42 17 40 61
69 2 18 40 77 37 14 63
69 24 8 39 93 5 2 36
36 35 14 8 37 5 93 106
107 40 95 4 25 45 8 67
21 56 92 50 25 37 12 55
84 39 21 40 8 69 37 5
37 35 14 120 40 5 113 36
66 92 40 25 67 108 4 37
108 40 17 66 61 8 67 5
126 18 40 108 27 61 37 17
18 14 40 37 69 103 4 35
18 103 40 37 5 69 14 35
100 40 45 67 107 11 50 37
11 50 27 100 8 40 21 107
21 42 107 11 50 100 127 30
21 42 27 40 55 37 61 82
36 21 42 40 32 55 8 15
36 39 32 8 40 43 69 84
36 35 40 37 106 14 79 89
27 82 110 8 33 61 108 77
82 27 79 8 39 77 33 61
79 4 82 100 33 14 113 21
79 84 39 43 82 40 15 33
79 66 108 82 0 40 8 77
79 108 82 113 0 18 100 33
8 79 107 33 68 82 11 95
8 55 21 82 56 33 50 19
42 21 100 82 33 30 11 8
42 8 82 21 33 61 100 36
42 33 21 8 27 82 84 100
33 42 27 8 61 82 21 4
4 33 8 77 27 82 39 61
4 79 33 100 14 8 80 127
79 84 39 43 8 40 82 4
108 8 79 33 39 4 40 63
33 4 107 11 8 95 79 110
21 127 56 55 4 50 51 8
84 21 39 40 36 24 119 127
66 27 108 8 40 17 61 127
69 2 18 40 77 37 14 63
69 24 2 93 8 14 36 12
13 24 67 39 8 12 69 46
35 14 36 8 13 37 106 5
95 25 92 61 67 40 38 46
27 17 25 93 61 40 37 126
69 32 77 2 18 46 93 36
69 93 32 36 14 2 24 100
13 39 24 36 67 93 62 46
46 39 36 126 32 95 4 13
4 8 108 17 36 93 126 40
18 4 77 113 83 46 72 13
82 33 27 11 127 126 42 8
27 8 33 82 126 61 115 42
77 33 4 82 8 127 41 23
84 39 33 8 82 127 4 77
63 33 8 126 82 23 39 40
33 63 82 126 8 92 41 127
126 11 8 63 33 82 32 23
33 8 107 68 11 82 95 79
8 55 21 33 56 101 42 19
42 21 100 30 33 82 67 11
42 21 100 30 8 82 33 61
84 42 39 8 36 21 40 93
27 8 61 66 108 17 93 38
77 61 18 17 103 113 38 63
39 77 84 103 93 43 119 113
77 18 93 113 25 32 119 0
14 43 93 40 4 37 69 8
14 43 93 35 100 48 79 122
38 67 100 79 43 39 93 63
38 67 126 79 100 43 32 63
15 43 126 100 92 38 67 12
84 15 43 39 8 69 79 24
35 14 15 43 93 106 36 120
107 95 45 8 25 92 40 11
27 11 8 50 21 82 127 84
21 42 107 127 30 50 72 11
84 42 21 103 127 72 36 107
66 27 14 61 17 92 46 108
27 61 108 17 8 46 83 40
77 103 18 2 46 22 61 113
103 77 35 65 2 41 18 14
67 126 100 61 22 25 46 85
27 82 61 126 108 33 63 8
41 33 77 63 82 15 127 18
84 39 41 33 82 127 15 103
63 126 33 82 23 39 8 61
82 63 126 33 41 92 15 61
126 63 11 41 8 82 33 32
8 33 107 68 11 82 79 63
55 8 21 56 33 101 82 42
42 21 100 33 82 30 11 67
42 21 100 82 8 30 33 61
84 42 39 8 36 21 40 93
27 8 17 108 66 40 61 42
32 2 77 40 69 18 61 8
67 39 8 40 32 5 93 69
32 67 8 4 40 95 38 46
35 37 120 93 42 106 14 5
66 40 92 108 67 100 37 5
108 40 92 67 25 78 17 66
108 40 126 25 67 78 18 92
14 35 18 40 37 5 69 53
103 30 65 35 48 93 36 37
100 67 40 11 45 95 18 22
35 37 96 120 113 14 100 53
92 66 40 108 37 100 67 25
25 40 108 53 67 92 61 78
108 40 25 126 18 67 61 81
18 14 37 40 82 22 48 100
103 18 37 5 67 35 40 53
107 45 67 100 95 50 40 11
8 27 50 11 21 107 82 40
21 42 107 50 127 11 30 125
84 42 21 103 127 40 72 107
77 61 103 8 17 37 43 63
84 39 77 103 8 24 69 5
95 61 11 8 13 40 63 77
27 17 61 8 126 77 93 40
69 77 2 18 37 61 93 41
69 77 93 2 37 8 5 40
69 125 93 100 14 24 37 8
13 93 39 24 8 125 36 69
95 39 8 110 93 126 46 40
108 66 8 100 4 30 62 13
108 66 4 42 14 100 30 113
108 69 10 8 93 100 113 36
100 10 69 8 18 62 93 25
10 100 36 113 69 18 79 24
10 36 39 125 43 62 93 8
10 17 8 126 110 36 108 0
126 110 18 17 100 10 0 8
69 2 8 46 14 16 32 43
126 27 8 17 32 61 93 46
77 61 46 18 32 103 41 49
32 39 84 38 8 103 93 46
32 38 39 63 8 13 41 61
43 38 13 118 12 46 15 113
43 84 39 8 69 15 12 32
107 8 95 110 68 50 33 100
8 55 21 56 33 50 82 27
42 21 100 30 33 11 8 107
42 8 33 21 82 100 61 36
42 33 8 27 21 84 100 72
63 42 61 8 33 27 21 16
33 42 27 61 8 127 82 63
77 127 41 33 72 4 63 94
35 31 38 43 14 37 93 106
106 31 35 58 37 25 83 29
25 37 67 92 53 29 35 14
53 25 3 37 113 35 105 67
53 38 35 25 103 3 14 92
103 58 31 106 35 37 25 29
113 25 26 43 53 104 35 81
113 25 53 14 35 67 79 3
35 103 38 37 25 14 53 67
103 106 58 31 37 35 25 29
25 29 67 45 22 37 92 113
25 79 113 126 67 8 46 93
35 79 21 103 84 15 113 25
66 53 79 25 35 37 92 106
103 53 35 15 3 37 36 106
53 25 48 100 105 79 3 37
103 53 35 15 106 22 29 37
107 45 25 8 50 95 82 79
21 50 25 56 82 92 8 55
84 127 8 39 82 21 119 52
8 27 66 108 127 61 4 82
2 32 69 8 18 40 77 82
67 32 69 8 2 22 40 10
18 67 32 8 24 46 38 49
126 67 32 110 38 46 95 8
126 8 17 110 32 27 61 67
32 77 61 126 8 46 93 40
32 36 2 8 77 93 46 40
32 36 2 8 93 14 46 10
32 36 8 79 93 39 38 10
95 32 107 38 8 11 46 67
8 107 3 50 68 82 33 19
32 77 61 126 93 8 40 46
32 36 2 8 77 93 40 69
32 36 2 8 93 14 46 18
32 36 93 79 8 39 38 10
32 46 38 95 8 36 11 62
35 31 82 14 103 67 55 106
92 67 100 37 14 53 15 31
31 35 103 123 53 37 3 92
92 37 48 45 29 67 99 125
103 123 31 35 37 106 53 105
67 25 45 46 37 32 92 29
32 126 25 46 67 8 66 38
35 79 84 21 103 14 15 106
53 66 79 25 37 35 82 5
103 53 35 15 37 36 3 106
53 100 25 37 105 48 41 3
103 53 35 15 22 106 41 29
107 45 95 67 8 50 25 82
21 8 55 50 82 56 127 4
21 55 36 8 32 82 42 15
36 32 84 8 79 24 93 22
36 32 107 46 95 66 11 8
107 84 36 66 103 42 82 81
27 61 8 17 107 108 36 40
18 77 35 14 11 113 8 37
35 31 14 38 106 37 113 3
106 31 35 58 25 37 29 14
25 37 67 92 113 29 53 14
113 3 53 105 25 37 92 35
38 53 35 14 25 103 3 92
103 58 31 106 35 25 37 29
113 25 26 29 53 104 81 105
67 107 8 82 45 26 25 37
82 50 8 84 107 21 55 67
82 27 8 66 110 21 50 108
82 27 127 21 110 81 66 92
82 27 8 61 110 108 17 33
27 82 8 110 61 33 108 77
82 27 79 8 39 61 77 33
79 4 82 100 113 8 14 33
79 84 39 43 82 15 93 33
79 66 108 82 8 40 0 110
79 108 82 113 18 0 33 100
79 126 11 82 61 17 33 18
126 61 63 27 8 79 17 82
63 126 61 27 41 17 82 8
41 63 77 103 18 126 46 15
84 39 41 63 103 32 82 15
8 107 82 33 95 79 110 68
8 55 21 82 56 33 50 101
42 21 100 30 82 33 11 107
42 21 8 27 82 63 61 33
21 42 27 82 8 33 61 126
77 127 82 41 18 42 63 72
84 127 39 82 8 33 43 4
107 11 8 33 82 95 127 63
21 82 107 127 56 23 55 50
84 38 39 8 82 21 40 32
17 66 40 126 38 108 61 8
18 40 38 107 66 108 100 32
14 120 5 2 42 18 35 96
58 93 113 103 30 35 125 14
40 113 45 92 58 100 105 81
120 14 113 123 5 37 105 58
93 113 67 13 49 62 41 46
93 66 89 40 37 58 81 23
66 8 17 27 40 93 61 81
32 2 77 40 8 18 69 93
67 39 8 32 93 5 40 18
8 67 32 68 107 40 4 95
8 101 42 67 68 3 86 50
42 101 35 40 14 5 55 67
14 120 96 31 106 42 93 35
5 35 42 58 113 31 78 14
92 14 37 81 51 105 48 93
5 93 48 37 35 103 58 42
67 40 100 45 66 8 26 107
84 56 40 4 66 67 100 8
84 66 100 40 8 27 108 110
17 40 8 27 100 108 66 61
77 113 18 41 83 72 119 40
84 93 113 77 69 5 40 18
113 39 10 93 8 40 119 43
17 113 0 10 126 40 8 93
18 11 100 40 95 77 68 57
50 45 18 52 41 100 68 127
14 42 55 40 35 101 41 89
35 14 96 37 93 101 113 5
35 37 5 58 14 29 113 53
16 92 29 48 14 51 104 88
37 29 53 58 35 48 5 103
100 67 45 66 40 25 26 41
84 66 56 100 40 67 41 105
100 66 84 40 72 67 27 86
17 40 100 66 27 61 25 113
77 113 18 41 83 72 89 49
79 93 84 8 69 77 43 113
39 113 79 93 8 10 62 119
113 79 93 25 62 8 10 90
43 113 93 90 119 62 79 25
43 93 39 84 8 79 113 40
43 35 95 8 4 79 113 11
35 31 38 14 37 42 43 55
106 31 35 58 37 25 5 29
25 37 67 92 29 53 35 66
53 37 3 25 105 48 67 92
53 38 35 25 37 103 92 3
103 58 37 31 106 35 25 29
25 26 113 37 53 45 81 43
53 37 25 35 14 113 3 67
37 35 38 103 25 53 14 3
106 58 37 103 31 25 35 29
25 29 67 45 37 22 92 53
25 79 126 113 8 46 62 67
35 79 21 84 103 15 113 25
66 53 79 25 35 37 82 92
103 53 35 15 37 3 106 36
53 25 48 105 37 3 79 100
103 53 35 15 106 37 29 22
107 45 25 8 50 95 82 79
21 8 82 50 11 56 45 79
21 11 8 82 27 50 79 84
27 42 61 17 82 21 41 36
84 61 77 41 103 27 40 82
84 14 41 69 37 5 93 79
39 113 84 10 41 62 25 37
8 107 68 95 50 82 45 11
21 8 55 56 82 50 19 104
95 36 8 107 11 110 82 93
50 21 56 82 55 8 41 89
84 127 39 8 82 21 119 33
66 8 108 4 33 63 82 127
4 66 108 82 33 61 63 8
8 108 10 4 63 18 82 11
10 33 8 110 108 82 63 4
10 33 110 11 82 100 63 57
50 10 33 110 8 100 57 82
82 21 50 84 8 33 57 127
82 8 33 27 127 21 66 108
82 27 61 33 127 8 108 63
27 82 61 108 33 8 126 63
33 103 84 41 63 61 77 82
63 126 82 33 61 41 11 8
82 126 33 41 63 15 92 100
126 63 11 8 32 33 82 41
8 33 107 68 82 11 110 50
21 8 55 56 82 19 33 101
84 8 33 82 127 21 39 15
66 84 8 126 33 82 127 15
33 66 82 4 8 107 108 100
42 14 8 5 82 37 127 35
35 42 48 14 37 122 31 106
48 67 30 37 75 100 125 92
82 67 48 124 92 14 34 37
31 30 103 35 48 75 3 37
48 75 30 125 22 92 117 118
48 92 14 122 34 67 82 105
48 103 75 30 31 29 35 67
67 107 8 82 26 48 45 25
50 82 21 8 55 107 52 56
8 101 127 16 68 19 86 89
8 37 19 124 114 93 101 5
19 8 5 127 37 86 68 65
5 55 19 101 114 36 37 93
93 46 96 120 123 5 62 102
93 46 90 56 62 120 58 79
43 93 15 103 62 35 79 46
43 38 46 93 15 62 32 103
93 31 106 58 37 35 120 62
93 37 5 58 31 92 51 120
93 92 53 3 5 25 37 78
93 36 31 37 15 92 105 53
31 93 120 35 123 37 113 36
37 58 93 92 99 51 5 31
92 53 99 58 93 25 3 29
36 37 93 25 5 31 53 105
93 36 3 37 65 105 25 5
93 36 37 5 14 53 92 51
93 36 37 68 19 86 25 5
19 37 93 117 16 118 74 13
93 117 5 105 37 89 51 58
93 37 96 5 102 65 48 106
31 106 93 37 5 102 58 120
5 25 29 92 37 31 53 106
37 36 93 31 106 120 25 53
37 29 102 25 53 5 92 86
37 53 15 65 25 102 5 29
31 93 37 15 5 65 41 86
31 37 15 103 65 106 58 53
30 53 67 85 37 65 22 15
53 31 3 37 106 30 35 58
53 37 58 65 31 5 3 29
53 37 35 65 58 103 25 30
107 8 68 67 100 33 95 82
19 8 55 101 68 82 60 16
55 56 8 101 36 82 93 2
8 56 4 23 17 89 33 40
8 68 95 4 33 19 82 127
8 101 127 16 68 19 86 89
8 37 19 124 93 114 101 5
19 8 5 127 37 68 86 65
5 55 19 101 114 37 36 93
93 96 46 120 123 5 102 62
93 46 90 56 62 120 58 79
43 93 15 103 62 35 79 37
43 38 46 93 15 62 32 103
93 31 106 58 37 35 120 38
93 37 5 58 31 92 51 120
93 92 53 3 5 25 37 58
93 36 31 37 15 92 105 53
31 93 120 35 37 123 113 96
37 93 58 92 99 5 51 31
92 53 93 58 99 25 37 3
36 37 93 25 5 31 53 105
93 36 37 3 65 105 25 5
93 36 37 5 14 53 92 103
93 37 36 68 19 86 25 105
19 93 37 117 16 13 74 118
93 105 117 5 37 89 51 58
93 37 96 5 102 65 106 48
31 37 106 93 5 102 103 35
92 25 5 53 65 31 106 37
36 103 37 31 106 58 53 120
37 53 25 29 94 36 58 92
53 37 65 35 58 103 25 30
107 8 68 67 100 33 95 82
19 8 55 101 68 82 60 16
55 56 8 101 36 82 2 93
8 56 4 23 17 89 33 40
8 68 4 33 95 82 127 40
8 101 127 16 68 19 86 60
8 37 19 124 114 93 101 5
19 8 5 127 37 86 68 101
5 55 19 101 114 37 36 93
93 96 120 46 123 5 62 102
93 46 90 56 62 120 58 79
43 93 15 103 62 35 79 37
43 38 93 46 15 62 32 103
93 31 106 58 37 35 120 62
93 37 5 31 58 92 102 51
93 92 53 3 5 25 67 37
93 36 31 37 15 92 105 53
31 93 120 35 123 37 113 36
37 93 58 92 99 5 51 31
92 53 93 99 25 58 3 29
37 36 93 25 5 31 105 53
93 36 37 3 65 105 5 25
93 36 37 5 14 53 92 103
93 36 37 68 19 86 25 105
19 93 37 117 16 118 13 74
93 105 117 5 37 89 58 51
93 37 96 5 102 65 106 48
31 37 106 93 5 102 103 35
92 25 5 53 31 65 106 37
36 103 37 31 58 106 53 120
37 53 25 29 94 36 58 117
110 0 113 8 43 79 38 10
110 113 126 79 38 46 0 43
17 126 110 8 43 27 79 93
14 35 77 69 103 93 2 79
35 93 58 122 99 31 37 79
126 17 108 25 61 67 79 81
15 69 14 35 79 103 37 100
15 37 35 29 103 79 99 69
95 107 15 46 11 67 45 79
126 8 110 50 113 107 25 100
2 18 8 32 69 36 21 126
36 2 39 0 113 32 69 8
35 36 113 9 37 8 0 82
107 25 67 95 8 29 113 45
50 8 21 27 16 55 82 56
42 21 50 33 82 8 16 4
21 50 82 42 33 8 57 11
21 79 82 33 8 57 42 27
79 11 33 82 21 8 57 10
79 33 8 11 68 57 107 50
8 55 21 33 56 101 82 50
42 21 33 100 82 30 11 57
42 8 21 82 33 61 100 127
42 33 21 27 8 84 82 100
61 63 42 8 27 33 82 21
33 42 27 61 8 82 127 21
77 127 33 41 4 63 72 42
84 39 127 8 33 4 82 43
63 33 126 8 39 82 23 40
63 33 82 41 8 92 126 127
126 63 11 8 32 33 41 127
33 11 8 107 63 32 95 41
110 0 113 8 43 79 38 10
110 113 79 126 38 46 0 43
17 126 110 8 43 27 79 93
14 35 77 2 69 103 93 79
35 93 58 99 122 79 29 37
126 17 108 25 61 67 81 79
15 69 14 35 103 79 37 100
15 37 103 35 29 79 99 69
95 107 15 11 46 67 45 25
126 8 110 50 113 107 25 100
2 18 8 32 69 36 21 126
36 2 39 0 113 32 8 69
35 36 113 9 37 0 8 14
107 25 67 95 29 113 8 45
50 8 21 27 16 55 82 56
8 42 50 33 68 82 16 107
8 55 21 82 101 33 56 50
42 21 33 100 82 30 11 67
42 21 82 100 33 30 8 67
84 127 39 8 42 82 33 21
27 61 108 8 66 17 42 127
27 61 77 8 126 40 127 18
21 37 36 77 92 57 72 79
84 79 93 46 113 8 37 21
21 79 46 113 25 8 119 93
43 14 35 8 37 113 46 2
14 35 43 122 48 106 93 37
43 38 67 100 92 8 18 39
38 43 67 100 126 46 113 32
15 14 43 35 37 103 79 93
15 43 37 103 35 58 31 29
15 95 43 113 46 79 66 25
43 92 25 67 66 15 35 3
43 25 46 79 95 39 67 100
79 108 25 17 8 93 66 62
18 77 11 32 126 79 2 8
30 14 35 57 36 2 79 42
22 35 36 79 30 103 14 93
22 67 100 25 57 30 92 29
67 22 32 39 38 36 10 8
67 38 22 32 10 25 18 57
43 14 37 106 35 93 5 53
122 14 48 106 43 30 37 35
67 48 53 100 30 22 92 26
107 67 95 45 25 8 57 100
21 27 8 55 56 50 36 82
21 36 84 15 57 46 83 100
36 21 38 108 32 15 100 46
32 36 2 8 46 108 82 57
32 100 4 14 10 67 8 46
32 14 4 67 39 46 84 62
32 39 38 67 84 4 46 10
32 38 4 46 10 49 126 62
43 46 38 62 15 49 103 25
43 32 46 126 69 36 62 4
69 100 10 43 32 14 49 30
10 43 39 18 41 100 49 73
32 107 46 95 11 36 57 67
107 84 46 103 57 100 36 82
107 27 17 108 40 66 8 61
77 18 113 41 83 14 103 72
14 69 4 113 8 18 16 40
14 69 96 93 106 83 62 101
69 93 83 96 14 24 79 92
55 56 67 42 21 8 52 101
42 100 30 21 67 52 11 107
42 84 8 100 52 21 67 30
8 27 61 42 17 108 5 82
14 77 35 5 40 18 8 103
35 14 93 120 5 37 31 103
35 5 14 37 67 31 53 58
5 53 92 25 35 78 113 14
31 5 35 37 106 93 103 58
113 31 58 5 25 78 92 15
53 35 113 37 105 5 25 3
92 14 48 88 104 34 67 105
22 53 37 35 67 5 93 48
67 68 107 100 45 50 25 40
50 101 68 52 104 3 51 55
67 50 104 52 94 127 42 72
84 56 21 42 67 52 55 72
66 27 21 42 11 61 127 8
27 61 42 17 108 66 57 40
69 2 77 61 18 40 5 12
69 5 40 18 77 2 12 57
49 5 24 39 69 36 40 37
14 35 40 5 13 37 36 89
14 120 96 106 5 35 37 93
92 58 40 25 37 89 5 67
126 61 40 95 5 25 57 67
126 17 5 8 40 27 110 61
84 77 61 40 18 69 5 63
84 69 32 8 93 33 39 40
14 36 39 93 32 46 2 8
39 38 32 36 10 8 46 49
95 107 68 45 11 8 38 50
27 110 33 42 18 21 8 82
27 110 8 17 42 61 93 82
77 113 41 122 94 103 43 18
8 14 79 69 113 4 33 60
14 79 93 69 113 84 62 96
69 79 14 93 8 56 96 3
10 79 39 24 41 125 93 49
95 46 66 79 11 4 45 113
79 10 62 46 93 25 49 3
43 35 14 62 79 15 82 93
43 35 14 103 3 48 93 79
43 92 25 67 35 66 37 99
43 25 46 79 95 67 100 3
79 8 25 17 108 66 93 62
18 77 32 11 79 126 8 2
30 35 14 57 36 79 2 18
22 35 36 79 30 103 14 93
35 53 67 22 79 100 3 14
92 88 100 14 51 15 79 124
53 22 30 67 35 65 37 103
67 22 100 15 25 45 57 30
67 38 100 22 39 30 10 106
67 100 38 45 95 50 4 82
14 5 55 101 35 37 67 42
122 14 106 48 42 35 30 101
67 48 100 53 22 30 35 85
67 100 53 40 45 34 25 37
67 38 22 39 40 36 92 13
107 95 45 38 11 67 57 50
21 27 8 55 56 50 36 82
21 36 84 15 46 57 72 83
36 21 38 108 32 15 46 119
93 14 96 5 37 120 102 31
96 93 14 123 37 120 5 124
100 10 93 125 56 41 113 49
10 93 125 23 46 56 80 24
66 93 89 40 23 37 117 127
66 8 107 81 61 127 4 82
66 84 33 108 17 103 4 8
33 126 11 8 110 4 18 100
126 27 8 61 17 46 93 127
126 27 8 61 18 5 86 17
32 41 69 2 8 36 77 62
36 32 2 39 14 43 69 10
32 36 38 89 39 46 41 13
126 32 38 8 17 36 0 46
126 18 32 8 38 41 36 17
14 35 41 18 40 113 42 69
103 35 14 22 69 41 53 43
67 22 25 41 13 125 100 15
95 45 11 25 100 67 4 40
8 126 21 11 27 4 50 82
21 2 69 4 82 66 57 14
69 2 39 24 36 14 84 21
66 126 46 4 62 36 25 21
14 2 43 40 35 4 103 113
103 14 35 22 43 37 36 53
67 22 43 100 66 92 13 25
67 38 22 39 43 100 25 30
66 107 108 100 95 67 46 38
108 66 100 36 67 46 18 25
108 36 100 46 126 18 66 25
108 36 66 25 11 18 62 46
36 35 14 57 22 42 41 113
14 66 127 8 35 43 5 37
93 96 14 5 120 123 37 102
96 93 14 123 120 37 24 124
100 10 93 125 41 56 113 49
10 93 125 80 56 24 23 46
93 66 89 40 37 23 81 117
66 8 93 40 17 27 107 3
32 18 2 40 93 69 77 46
8 67 93 32 18 39 5 40
8 67 68 32 107 4 40 33
101 8 42 3 68 67 37 36
42 101 35 40 14 55 5 3
35 31 14 101 93 120 96 3
66 40 92 25 67 8 5 37
66 55 67 42 4 40 92 5
69 5 39 36 24 8 25 93
5 69 8 25 36 119 4 12
43 38 36 39 8 93 5 15
95 45 68 38 40 13 14 8
45 50 68 105 36 14 37 101
14 40 42 35 101 55 37 3
35 14 31 93 36 22 37 103
66 67 25 40 37 45 92 113
113 67 66 92 37 25 55 4
84 8 113 69 93 39 119 67
113 46 39 93 32 58 89 13
113 46 18 32 89 0 25 126
43 113 38 103 39 46 93 32
95 45 68 113 107 8 14 38
21 56 55 8 50 15 51 104
8 110 33 84 21 82 39 55
110 33 8 21 27 82 108 107
66 92 45 36 127 37 89 25
66 107 4 3 25 40 95 8
66 8 108 4 82 27 110 40
66 18 4 127 27 108 82 8
27 93 17 18 8 66 108 126
77 113 18 93 41 104 103 72
79 69 93 77 8 62 84 113
10 39 79 93 49 24 41 8
10 79 93 49 62 25 46 8
43 35 14 79 8 37 82 62
43 35 14 103 3 48 93 37
43 25 92 67 37 15 35 66
43 25 79 46 95 67 39 100
79 8 25 108 17 93 66 62
18 77 11 32 126 8 79 2
30 14 35 57 36 79 2 40
35 22 79 36 30 103 14 93
22 67 25 100 57 30 92 29
67 14 3 25 22 92 105 53
14 122 67 30 22 25 29 53
38 67 30 100 22 92 63 57
107 95 68 8 100 67 79 50
21 55 8 27 50 56 82 79
18 2 39 8 21 77 36 69
18 8 107 33 127 82 37 110
127 35 42 55 82 3 37 14
35 55 14 48 3 96 101 106
35 3 5 37 66 92 105 53
5 37 48 35 106 3 53 92
122 48 106 14 96 16 35 93
16 48 106 99 7 122 75 74
16 48 122 34 29 111 75 7
107 95 8 4 50 82 11 45
50 21 8 82 55 27 33 56
42 21 82 50 8 33 11 63
42 82 57 21 36 50 55 2
42 57 82 21 100 50 33 11
50 42 100 82 57 63 27 21
42 11 50 57 82 63 33 21
50 55 27 63 82 56 21 48
42 21 82 50 63 11 33 48
42 21 82 50 57 63 127 77
84 82 39 33 21 40 42 79
84 33 66 126 82 0 8 4
33 66 108 82 4 107 84 42
33 42 82 4 27 0 115 127
14 38 21 84 35 42 2 58
106 31 58 35 103 25 83 78
66 25 92 67 82 29 14 15
66 53 3 25 48 26 37 82
53 103 35 38 3 14 92 31
103 58 31 106 35 37 15 29
57 15 25 29 53 103 67 99
25 46 57 66 11 82 53 95
38 14 35 92 37 25 58 104
58 106 103 31 35 37 25 29
66 25 29 67 92 22 99 37
53 25 48 66 3 28 104 37
103 53 38 3 35 92 99 14
103 58 29 106 99 31 15 35
107 50 66 57 26 25 45 82
50 82 25 21 66 45 107 4
21 35 79 84 103 82 15 42
66 53 79 25 35 48 82 36
75 48 103 34 29 123 16 76
107 82 8 79 67 127 95 26
8 107 3 50 82 68 79 33
21 55 8 56 101 82 3 33
42 21 30 100 33 82 127 11
42 21 27 8 82 61 33 63
21 27 42 33 82 61 8 55
77 127 82 18 41 21 63 42
84 127 39 82 8 33 43 4
107 11 33 82 127 8 95 63
21 127 82 107 56 55 23 50
84 21 39 82 127 24 40 119
27 66 61 108 8 4 127 17
102 5 2 24 14 37 69 93
126 77 18 40 61 5 17 46
24 69 43 5 38 102 14 124
40 95 4 64 81 38 23 107
107 82 50 66 84 127 4 8
33 4 50 107 82 27 66 11
11 4 42 82 50 36 33 107
50 21 82 55 27 8 33 56
42 21 82 50 33 11 63 8
42 82 57 21 36 50 33 55
82 42 57 21 100 50 33 11
82 21 42 100 57 50 55 33
15 24 82 84 57 127 5 21
15 107 66 82 64 4 57 127
5 2 24 102 107 21 82 124
66 4 40 108 82 95 107 57
108 4 40 66 82 5 42 126
24 5 69 38 14 43 123 124
4 40 95 82 107 81 45 38
75 48 76 118 111 125 7 92
48 75 34 92 76 14 74 81
75 103 48 71 30 111 76 29
75 118 48 76 111 103 125 30
75 48 34 111 76 81 92 74
75 103 48 30 34 76 16 111
67 48 53 15 26 14 58 92
107 67 45 50 8 95 127 26
21 127 50 56 41 55 81 8
84 21 8 33 40 69 113 14
39 38 8 40 5 32 98 113
38 66 4 108 32 40 18 33
42 8 68 107 4 33 38 66
42 101 8 68 3 86 33 67
42 101 35 14 55 5 40 67
14 96 31 35 120 101 58 42
35 41 100 113 125 58 5 42
42 41 35 5 37 106 78 100
35 106 5 96 37 120 16 31
53 37 5 15 25 35 92 105
68 67 45 25 100 40 26 37
50 105 68 45 101 58 67 81
101 35 14 42 55 113 3 58
96 101 14 103 104 3 58 113
41 113 100 125 58 35 37 105
42 37 41 5 106 35 14 78
35 106 16 5 37 42 96 31
37 53 16 15 25 92 48 35
68 45 67 25 100 41 81 37
105 50 45 29 41 81 88 68
101 14 35 42 29 83 16 41
96 14 106 101 31 120 42 113
48 92 34 82 14 81 30 67
75 30 48 103 99 34 58 123
75 48 76 103 111 22 34 104
48 34 75 81 92 65 76 122
75 103 48 29 30 34 76 99
107 82 8 67 79 26 95 100
50 8 21 16 82 27 56 55
42 50 82 21 33 16 8 11
82 21 42 50 55 56 33 8
82 21 42 27 84 50 33 8
82 61 27 33 108 8 127 63
82 33 27 11 126 127 42 8
27 82 8 126 33 61 115 42
77 33 4 82 127 41 63 8
84 39 127 33 82 8 4 77
63 33 126 82 8 23 39 40
63 82 33 92 127 126 41 79
126 11 8 63 33 82 32 127
33 8 107 68 82 11 50 95
21 55 8 56 82 127 19 33
84 21 8 39 82 36 127 119
66 27 8 61 108 4 17 127
32 2 69 8 18 40 77 5
67 32 69 8 2 22 40 10
18 67 32 24 8 46 49 38
126 32 110 67 95 38 46 8
126 17 8 110 32 27 61 40
32 77 61 126 40 93 46 63
32 2 36 8 77 93 40 69
32 36 2 93 8 14 10 46
32 36 8 79 93 39 10 38
32 46 38 8 95 36 62 67
66 8 108 27 4 110 82 33
66 108 27 18 4 110 82 8
27 108 17 18 8 93 66 110
77 113 18 41 93 103 14 46
84 79 93 69 8 24 77 103
79 113 46 10 93 39 8 24
113 46 79 93 10 25 62 90
43 69 46 93 90 113 79 2
43 69 93 8 79 2 36 22
46 43 62 95 39 79 93 8
46 8 17 108 62 93 79 126
32 18 2 46 8 69 77 36
32 8 33 38 39 18 10 46
107 95 8 110 11 45 18 38
8 21 50 55 82 4 127 56
21 50 8 84 82 127 27 38
8 27 21 61 33 63 82 127
27 8 61 33 126 108 63 82
41 33 77 63 15 18 8 72
84 39 41 8 33 127 15 103
63 126 8 33 23 39 61 82
41 63 126 33 8 92 82 15
126 63 8 11 41 33 32 15
33 8 107 11 68 63 95 110
55 8 21 56 33 101 27 42
42 21 100 30 33 67 11 127
42 21 100 30 33 67 8 72
84 42 8 33 127 39 21 82
42 108 66 100 33 127 8 82
14 38 42 35 96 8 58 106
35 38 5 58 53 105 31 14
42 5 37 35 14 106 93 38
103 48 75 30 7 34 31 65
75 30 48 125 92 104 76 81
48 92 34 82 14 81 85 15
75 30 48 103 99 34 16 58
75 48 76 111 22 103 34 104
48 34 75 81 92 122 76 14
75 103 48 30 29 34 99 76
107 79 82 8 67 50 26 100
82 50 8 107 21 55 79 127
82 21 50 84 8 27 127 81
82 61 27 33 108 8 127 21
82 33 27 11 127 126 42 8
27 8 126 82 33 61 115 42
77 33 4 127 82 8 41 23
84 39 127 8 33 82 4 77
63 33 126 8 82 23 39 40
63 33 82 92 127 41 126 8
126 11 8 63 33 32 82 127
33 8 107 68 82 11 95 127
55 21 8 33 56 101 42 50
42 21 100 30 33 82 67 127
42 21 100 30 33 82 8 67
84 42 39 8 21 36 127 82
66 42 108 4 33 82 127 8
108 4 8 40 17 33 127 66
18 126 4 8 40 61 127 108
14 38 35 37 2 8 96 106
126 4 40 81 25 38 108 18
69 4 126 81 25 92 18 37
69 24 5 25 39 37 102 36
69 126 25 5 37 32 4 40
43 38 36 5 37 93 39 8
77 113 79 61 18 23 104 46
79 84 77 113 39 93 82 8
126 79 0 113 8 61 77 110
43 126 79 18 77 113 82 41
69 8 84 43 126 79 82 32
18 39 43 8 32 79 69 37
107 8 95 33 82 79 110 11
8 21 82 50 55 56 127 107
84 8 39 21 82 36 40 127
66 4 108 33 82 8 84 127
4 108 8 66 40 17 5 82
14 93 18 96 120 123 37 77
38 93 113 32 87 103 83 58
93 38 126 46 61 56 113 62
93 43 69 126 2 37 56 100
93 46 18 43 10 36 39 62
4 8 93 40 18 107 95 81
8 4 81 18 40 50 60 82
21 81 127 4 40 66 50 117
84 127 37 40 39 8 21 113
66 108 100 127 40 4 60 18
14 42 8 35 5 37 127 60
35 48 37 14 122 31 42 16
67 48 85 37 100 22 81 125
124 82 67 85 8 34 48 79
103 31 48 75 37 3 35 7
48 75 30 85 22 92 100 7
48 34 67 92 85 65 14 122
103 48 75 30 29 7 58 31
75 48 125 22 34 118 29 76
48 34 65 92 122 81 76 14
103 75 48 29 34 7 30 99
103 3 48 75 30 31 92 35
48 75 22 30 103 7 53 37
48 75 22 30 125 104 81 111
82 48 65 34 124 26 85 92
103 75 48 30 3 92 29 31
75 48 103 30 22 7 16 29
48 75 22 104 30 111 125 76
48 65 82 34 26 68 92 16
75 103 48 30 3 29 31 16
75 48 76 92 104 125 81 85
48 65 75 76 85 34 90 92
103 75 48 30 7 3 29 65
75 30 48 104 76 92 125 118
48 65 75 76 92 85 90 30
30 75 48 103 3 7 65 92
107 82 26 67 79 25 8 50
82 50 107 21 8 55 56 79
82 21 84 50 27 8 127 81
82 61 27 33 108 8 21 127
82 33 27 11 127 126 42 8
27 8 82 33 126 61 115 42
77 33 4 82 127 8 41 18
84 39 33 127 8 82 4 77
63 33 126 82 8 23 39 40
82 33 63 92 126 41 127 8
126 11 8 63 33 82 32 127
33 8 107 68 11 82 95 79
55 21 8 33 56 82 101 42
42 21 100 30 33 82 67 11
42 21 100 30 82 33 8 67
84 42 8 39 21 36 82 127
27 8 61 66 108 17 93 38
93 46 43 18 36 10 39 15
4 8 93 40 107 18 95 81
8 4 81 40 18 50 82 95
84 66 81 8 127 4 103 21
27 40 66 8 108 17 93 61
69 2 18 40 77 37 93 8
69 8 5 36 39 2 37 40
69 36 32 5 18 40 77 8
38 43 8 36 5 93 37 39
95 38 8 107 45 36 11 40
21 8 50 56 55 127 15 23
8 110 84 21 33 82 39 40
33 66 8 108 4 63 115 110
33 66 4 110 8 127 82 27
33 110 108 8 4 115 66 82
33 110 42 8 27 108 18 82
61 27 8 17 126 93 46 42
61 77 46 17 32 126 8 83
39 84 32 8 38 77 43 93
32 126 61 38 46 8 17 87
15 126 69 4 84 32 8 43
15 69 4 126 84 82 43 18
126 11 4 46 32 8 61 39
126 4 46 110 27 11 8 61
36 21 32 8 42 46 15 66
36 32 39 84 46 87 8 62
46 32 108 17 36 66 8 62
36 32 2 18 46 77 69 8
36 2 32 8 115 0 69 10
0 36 39 115 40 46 8 10
95 107 11 110 36 46 45 8
50 21 8 82 56 55 15 72
93 66 40 58 89 37 117 127
8 66 93 40 27 17 107 3
69 93 37 18 2 40 77 31
8 69 37 93 5 36 39 40
69 36 5 93 8 37 32 40
38 43 8 36 5 93 37 39
35 14 8 38 36 40 43 37
14 38 35 120 31 106 43 96
38 58 25 37 92 45 43 113
95 38 25 81 43 40 92 36
27 93 37 5 17 25 8 40
69 77 37 18 2 93 14 104
69 93 5 36 37 8 14 39
8 68 107 95 45 100 11 36
55 19 8 101 37 52 114 68
67 42 8 101 82 37 19 33
55 67 42 56 8 52 21 101
42 100 30 21 52 67 36 11
42 84 100 67 8 21 72 30
42 27 8 17 61 40 5 108
69 77 18 2 40 5 93 61
69 93 2 8 37 5 14 113
23 93 0 12 5 8 40 89
126 40 46 93 61 95 12 23
43 113 126 12 103 41 93 49
43 38 39 84 8 32 93 113
38 43 126 32 113 87 93 8
15 43 14 35 40 8 5 12
15 14 43 38 35 93 31 96
15 43 38 58 64 23 37 40
126 95 40 15 61 17 8 46
14 5 127 40 18 37 69 77
21 50 8 56 55 82 127 15
8 110 84 21 33 82 39 50
33 66 8 108 4 63 115 110
33 66 4 110 127 8 82 27
33 110 108 8 4 115 66 82
33 110 42 8 27 108 18 82
61 27 8 17 126 93 42 46
61 77 46 17 32 126 8 43
39 84 32 8 38 77 43 93
32 126 61 38 46 8 17 62
15 126 69 4 32 84 8 43
15 69 4 126 84 82 43 18
126 11 4 46 32 8 61 39
126 4 46 110 27 11 8 61
36 32 21 8 42 46 15 66
36 32 39 84 46 87 8 62
46 32 108 17 36 66 8 62
36 2 32 18 46 77 69 8
36 2 32 115 8 0 40 69
0 36 39 115 40 46 10 8
36 11 95 46 32 107 110 10
11 36 95 50 46 8 45 110
84 50 21 8 82 110 57 107
110 27 108 21 8 107 66 50
61 110 108 4 77 33 18 40
84 2 8 69 79 113 37 32
39 113 79 10 8 2 36 43
10 113 0 110 79 2 8 36
43 39 38 32 79 36 10 93
32 108 10 126 0 43 110 113
107 100 110 95 11 50 8 18
8 107 50 3 68 82 33 110
27 8 40 66 93 17 61 108
69 2 18 40 77 93 37 8
69 8 37 93 2 36 5 39
69 36 40 32 93 5 8 18
38 43 8 36 93 37 5 39
95 38 8 107 45 36 11 40
21 8 56 50 55 127 37 72
8 110 84 21 33 82 39 37
33 66 8 108 4 63 115 110
33 66 4 110 8 127 82 18
33 110 8 108 4 115 66 82
33 110 42 8 27 108 18 82
110 27 8 42 17 61 126 82
77 113 18 72 46 122 83 0
79 8 84 93 113 69 77 0
79 39 8 113 93 10 36 119
79 10 113 0 8 93 36 32
79 43 39 93 38 32 36 8
110 32 8 79 113 43 38 0
18 79 82 100 4 8 126 84
8 18 110 126 79 113 11 100
36 21 32 42 79 8 46 113
36 84 39 32 87 93 79 46
108 36 66 32 46 87 62 25
108 36 32 8 46 93 62 25
100 126 82 8 79 46 18 32
126 100 11 8 18 46 32 108
69 32 36 8 2 4 126 100
36 32 8 39 38 33 115 69
107 95 110 8 11 36 38 45
8 107 3 50 68 82 33 110
8 21 55 101 33 82 56 50
48 34 92 75 76 85 122 7
103 48 75 30 34 7 58 29
48 67 26 53 85 81 5 52
68 67 45 107 26 48 81 50
50 127 68 101 105 81 67 45
101 42 127 35 14 28 88 16
14 96 38 35 101 42 31 74
58 38 29 35 48 93 96 99
58 37 35 105 5 48 81 14
42 48 5 14 37 93 81 28
48 103 14 35 58 96 37 42
30 75 48 125 88 7 74 81
48 34 85 92 7 14 88 74
75 30 48 31 103 7 3 58
48 67 22 7 85 3 53 81
68 107 67 45 81 26 100 95
55 21 56 8 50 82 27 101
42 21 100 30 72 125 107 67
42 100 21 30 67 72 61 82
84 42 39 36 8 21 40 119
14 127 66 43 5 93 40 35
93 14 35 5 96 37 43 120
31 93 38 92 99 37 106 58
31 66 93 92 38 25 5 23
66 108 25 67 40 81 4 107
108 4 40 8 66 127 25 5
18 11 127 4 40 107 100 95
18 127 4 100 40 50 45 66
27 8 17 66 40 93 18 108
77 113 18 83 23 72 119 41
93 113 84 46 119 77 79 103
113 46 93 18 77 119 25 62
48 75 125 81 22 67 85 100
48 14 34 85 92 67 74 100
103 75 31 48 7 3 30 99
75 48 30 118 125 92 76 7
48 34 92 14 81 85 15 75
103 75 48 30 58 7 31 34
75 48 30 125 76 92 58 118
48 92 34 75 76 81 14 30
30 103 75 48 58 7 51 31
75 30 48 125 118 76 111 81
48 75 30 34 81 92 88 76
75 103 30 48 58 34 7 29
67 26 48 100 92 85 58 15
67 45 81 25 82 100 15 95
38 14 96 35 58 92 37 104
58 38 103 29 83 30 35 99
66 58 37 81 35 53 25 104
42 14 106 48 28 81 37 35
48 75 14 103 96 35 37 99
75 48 125 81 111 22 76 103
48 34 14 75 85 92 74 76
75 103 48 16 99 3 7 31
75 48 76 111 109 125 103 7
75 48 76 111 34 81 92 7
103 75 48 7 76 111 34 30
107 26 67 100 45 81 8 25
8 107 3 50 68 82 52 19
21 55 8 56 101 82 3 50
42 21 30 100 127 33 125 67
42 8 82 84 21 100 127 33
42 8 27 82 110 107 81 66
30 94 42 127 122 72 81 27
75 48 76 30 125 92 34 58
48 92 34 75 76 85 7 52
103 30 75 48 58 7 31 65
75 48 30 125 76 118 34 111
48 75 76 34 74 92 30 88
75 48 103 30 58 7 34 31
48 67 26 53 85 5 58 81
68 67 45 26 107 48 81 127
50 127 68 105 101 81 67 45
127 101 35 42 14 28 3 16
14 96 38 35 101 42 31 74
58 38 29 35 48 93 103 99
58 37 105 35 81 48 14 5
42 48 5 37 14 93 58 81
48 75 96 16 74 103 99 14
75 48 125 22 111 76 7 81
34 48 85 92 7 76 74 122
75 103 48 16 31 3 99 7
75 48 76 111 7 109 125 51
48 75 34 76 7 92 85 111
103 75 48 7 34 76 111 31
48 92 67 81 26 22 85 7
68 107 67 45 81 26 100 50
19 8 101 55 68 16 60 50
63 56 101 55 33 8 82 19
67 33 92 41 82 14 15 52
33 8 67 63 19 65 82 93
33 67 8 42 26 28 63 60
8 27 56 61 67 42 55 3
38 2 77 93 113 8 46 79
38 95 68 11 8 46 107 77
8 55 16 101 68 127 19 35
113 100 10 79 8 93 0 62
113 79 10 36 46 39 93 43
79 8 82 126 95 46 113 93
126 8 113 0 46 93 10 95
69 8 32 2 36 18 115 126
8 39 32 36 38 115 33 69
95 107 8 11 38 110 32 33
8 82 50 21 55 127 56 4
8 21 82 50 84 27 127 33
82 8 61 27 63 108 127 33
27 82 61 8 126 108 33 63
33 41 77 63 82 8 127 15
84 39 41 8 33 82 127 103
63 126 33 8 82 23 39 61
82 63 41 126 33 8 92 15
126 63 8 11 41 82 33 32
8 33 107 68 11 82 63 95
8 55 21 56 33 101 82 42
42 21 100 30 33 82 67 11
42 21 100 30 8 82 33 67
84 42 39 8 36 93 21 82
8 27 108 66 42 93 17 40
32 2 18 69 77 40 8 93
67 32 8 39 93 69 24 40
32 67 95 38 40 11 46 4
14 35 38 31 120 96 37 106
58 35 38 31 93 67 23 83
81 67 25 58 40 66 100 95
38 14 120 58 35 37 123 106
58 38 31 103 30 83 93 35
45 67 95 107 25 81 40 46
21 50 56 67 81 41 12 55
108 8 79 39 33 4 40 66
8 33 107 79 68 11 95 82
55 8 21 33 56 101 50 27
42 21 100 30 33 82 11 127
42 21 100 30 8 33 82 67
84 42 39 21 36 8 93 40
27 8 66 17 108 42 61 127
77 113 18 83 23 72 94 89
93 113 84 46 119 77 79 8
113 46 93 119 77 18 25 8
43 38 14 35 8 103 106 93
43 58 38 35 23 93 83 104
43 46 113 81 95 25 67 92
38 14 43 35 123 37 92 106
43 38 103 58 83 113 23 30
95 107 45 81 46 67 113 23
27 11 8 50 21 127 84 81
21 42 30 127 72 107 51 125
84 42 127 21 103 72 94 51
27 61 17 8 108 5 127 63
77 61 113 18 103 41 63 83
77 103 119 14 18 84 113 43
77 18 113 25 119 41 103 32
43 93 38 79 24 22 8 2
38 126 0 67 13 79 43 22
15 36 43 126 32 113 100 67
36 32 15 39 67 8 43 84
95 107 45 11 38 15 13 36
21 50 41 56 15 72 83 55
84 38 8 39 40 21 32 5
14 35 120 37 106 113 5 96
58 35 99 29 37 31 113 120
79 84 39 8 40 43 93 4
108 8 79 39 33 4 40 63
79 63 126 8 2 33 18 61
63 79 33 92 126 41 18 82
11 126 8 79 63 18 32 33
33 8 107 68 11 79 95 110
55 21 8 33 56 101 42 50
42 21 100 30 33 127 67 72
42 21 100 30 33 72 67 82
84 42 39 36 21 8 93 127
27 8 17 66 108 42 61 127
77 113 18 83 72 23 89 94
113 93 84 46 77 119 79 14
113 46 93 77 119 18 5 25
43 36 32 113 46 8 77 103
43 32 36 39 8 84 67 93
95 107 11 46 36 32 45 113
21 55 127 50 56 8 52 72
14 38 35 8 37 2 43 21
58 38 43 23 35 31 83 103
107 66 81 87 67 125 25 95
66 81 21 107 87 100 4 25
66 81 4 100 108 113 25 125
14 42 35 5 79 37 36 18
35 14 48 103 42 37 122 99
48 67 125 75 22 85 81 100
14 124 34 48 92 67 85 100
103 75 48 31 3 30 7 29
75 48 30 125 118 22 117 92
48 14 34 92 15 85 51 104
103 48 75 30 58 7 34 37
75 48 125 30 76 104 118 92
66 108 95 82 107 18 4 13
14 42 8 82 35 5 106 62
35 42 36 106 101 31 37 14
100 48 67 53 37 92 30 35
124 82 100 92 79 67 48 14
31 30 3 35 103 53 92 25
67 26 53 25 48 52 35 3
48 42 14 53 37 3 67 65
103 35 48 31 122 42 37 106
48 100 75 30 125 92 85 37
82 124 48 92 14 65 100 85
103 48 75 30 92 7 3 31
26 107 67 45 8 25 82 52
8 107 50 3 82 68 52 19
21 55 8 82 56 101 3 50
42 21 100 30 82 33 11 67
42 21 27 8 82 61 63 55
21 42 27 82 8 33 61 126
77 127 82 18 41 42 63 21
84 127 39 82 8 33 43 69
107 11 82 33 8 127 95 63
21 107 82 127 56 23 55 50
84 21 39 82 40 127 36 8
66 27 108 8 40 17 82 61
69 2 18 77 40 61 93 63
69 93 2 39 24 5 37 14
8 39 95 61 40 4 62 32
108 66 13 4 62 18 12 25
69 66 4 108 42 62 13 40
69 24 5 39 93 36 32 40
69 32 5 36 25 93 18 40
43 38 36 32 24 5 93 69
82 48 92 124 14 79 34 67
30 31 53 48 58 103 52 29
26 53 67 48 25 52 3 37
48 53 42 14 37 65 26 105
35 103 48 42 37 14 31 122
30 48 75 125 85 67 100 92
82 48 92 14 67 80 85 34
30 103 75 31 53 7 48 58
75 48 30 125 58 7 92 51
48 82 92 34 65 14 122 85
30 103 75 48 58 7 29 53
26 48 25 53 67 52 29 37
48 42 65 53 37 14 26 25
103 35 122 42 48 37 106 31
75 48 125 30 100 85 92 51
48 92 82 14 85 100 34 51
103 75 48 30 7 92 3 16
75 48 34 76 122 125 29 111
48 34 92 122 65 76 14 105
48 103 75 34 16 58 111 7
26 107 82 79 8 25 53 50
107 8 50 82 3 68 79 33
21 55 8 82 56 101 3 50
42 21 100 30 82 33 11 67
42 84 82 21 8 100 33 127
42 27 82 8 66 108 33 107
27 33 8 82 108 42 115 61
4 33 8 82 27 77 61 39
79 4 33 80 127 14 82 43
79 84 39 43 82 40 8 62
108 8 79 4 39 33 40 63
33 11 4 107 95 8 79 82
82 48 92 124 14 79 65 80
30 31 48 53 103 58 52 29
26 53 67 48 25 52 37 104
48 53 42 14 37 105 26 65
35 103 48 37 42 14 31 122
30 48 75 125 67 85 100 92
48 82 92 14 67 80 83 85
30 103 75 31 53 48 7 58
75 48 30 125 92 7 51 58
48 92 122 34 65 82 85 14
103 30 75 48 58 7 29 53
26 53 48 25 67 52 29 37
48 42 65 53 37 14 26 105
35 103 122 42 37 48 106 31
75 125 48 30 100 85 51 58
92 48 14 85 34 82 51 122
103 75 48 30 7 92 3 31
75 48 34 125 29 76 122 111
48 92 122 34 76 65 14 85
48 103 75 34 16 58 111 7
26 107 82 79 8 53 25 50
50 8 21 16 27 82 56 55
42 50 82 21 33 16 8 11
82 21 50 42 55 56 33 8
82 21 42 27 84 50 55 33
82 61 27 33 108 21 8 63
82 33 27 11 126 127 42 61
27 82 126 33 8 61 115 42
77 33 4 82 127 41 63 80
84 39 33 82 127 8 4 77
63 33 126 82 8 23 39 40
63 82 33 92 126 127 41 8
82 48 14 92 124 79 16 34
30 31 53 48 58 103 52 29
26 53 67 48 25 52 3 37
48 53 42 37 65 14 26 105
35 103 48 42 37 14 31 122
30 48 75 125 67 85 100 92
82 48 14 92 67 85 34 79
30 103 75 31 48 53 58 7
75 48 30 125 92 7 58 28
48 82 92 34 65 14 122 85
30 103 75 48 58 7 29 53
26 48 25 53 67 52 29 37
48 65 42 53 37 14 26 105
103 35 122 42 48 37 106 31
75 48 125 30 100 85 51 92
48 92 82 14 34 85 100 51
103 75 48 30 7 92 3 16
75 48 29 34 76 122 125 111
48 122 34 65 92 14 76 105
48 103 75 34 16 58 111 7
26 107 82 79 8 25 50 53
50 8 21 16 27 82 56 55
42 8 50 33 68 82 16 21
55 21 8 82 101 56 33 42
42 21 100 82 33 30 11 67
42 82 21 8 33 61 100 127
42 8 33 27 82 21 84 100
82 33 27 108 61 8 42 127
77 33 4 82 127 61 8 63
84 39 82 127 33 8 4 79
33 107 82 8 4 11 95 127
21 82 127 8 56 55 50 4
82 48 92 124 14 79 104 26
30 31 53 58 48 103 29 52
26 53 67 48 25 52 37 104
48 53 42 14 37 65 26 105
35 103 48 37 42 14 31 122
30 48 75 125 67 85 100 92
82 48 92 14 67 80 34 85
30 103 75 31 53 48 7 58
75 48 30 125 58 92 7 28
48 82 92 65 14 34 122 85
30 103 75 48 58 7 29 53
26 53 25 48 67 52 29 37
48 65 42 53 37 14 26 25
103 35 122 42 48 37 106 31
75 48 125 30 100 85 92 7
48 92 82 14 85 34 100 122
103 75 48 7 30 92 3 16
75 48 34 76 122 125 29 111
48 34 92 122 14 65 76 26
48 103 75 34 16 58 111 7
26 107 82 79 8 25 53 50
107 8 50 82 3 68 79 33
21 55 8 82 56 101 50 3
42 21 100 30 82 33 11 67
42 84 82 21 8 100 33 127
42 27 8 82 66 33 127 108
27 61 82 33 42 110 8 108
27 61 110 82 8 33 42 127
27 82 8 33 110 115 61 126
4 82 33 77 8 27 39 61
79 4 33 14 127 80 82 100
79 84 39 127 82 43 4 8
66 95 108 82 107 18 4 13
14 42 8 5 35 82 106 62
35 42 36 101 106 37 31 14
100 48 37 53 67 35 42 30
124 82 92 79 100 67 14 48
30 31 35 3 53 103 37 92
26 67 53 25 48 52 35 3
48 42 14 53 37 3 67 105
103 35 48 122 31 42 37 106
48 75 100 30 125 92 85 37
82 124 48 92 14 65 85 34
103 48 75 30 92 7 31 3
26 107 67 45 8 25 82 52
50 82 8 21 107 55 56 52
21 82 8 84 50 27 66 81
82 61 27 33 108 8 21 127
82 33 27 11 126 127 8 42
27 8 126 82 33 61 115 42
77 4 33 82 8 41 127 18
84 39 8 33 82 127 4 77
63 33 8 126 82 23 39 40
63 82 33 92 126 8 41 127
126 11 8 63 33 82 32 23
33 8 107 68 11 82 95 110
55 21 8 56 33 101 42 3
42 21 100 30 33 82 67 11
42 21 100 30 33 82 8 67
84 42 39 8 21 36 82 40
27 8 66 108 42 17 40 93
69 2 18 77 40 93 63 37
69 93 2 5 39 24 8 37
126 95 13 4 108 8 40 5
79 67 82 48 26 53 22 25
67 79 25 95 82 18 46 11
38 14 35 96 37 92 106 31
38 58 103 29 35 30 83 31
53 35 66 25 37 14 81 100
42 35 14 48 106 5 53 37
48 103 35 75 14 37 16 99
75 48 125 103 22 30 81 100
75 103 48 30 16 58 51 99
75 48 103 76 104 29 109 111
103 75 48 29 16 34 111 30
107 82 79 8 26 67 50 25
82 50 21 107 8 55 56 79
21 82 84 50 8 27 127 81
82 61 27 33 108 110 8 21
82 110 27 61 33 8 126 127
82 27 63 61 126 33 127 8
27 82 126 61 33 63 77 108
41 77 63 82 33 103 18 127
84 39 41 82 103 33 63 127
63 126 82 33 39 23 8 61
82 63 41 126 33 92 15 127
126 63 11 82 41 33 8 32
8 33 107 82 68 11 63 79
55 21 8 56 82 33 101 50
42 21 100 30 82 33 67 11
42 21 100 30 82 33 8 67
14 84 69 93 24 96 5 42
113 38 58 93 46 83 63 92
8 40 93 39 81 66 5 23
66 17 61 8 38 108 40 27
14 77 93 103 102 2 18 5
77 113 18 93 23 46 41 81
93 79 8 84 113 77 69 18
79 93 39 113 8 43 119 10
93 113 79 10 0 8 36 119
113 79 43 38 93 39 36 8
113 95 38 8 11 43 32 79
8 11 36 82 27 50 66 4
36 2 38 27 82 93 46 8
38 95 46 36 11 45 4 77
110 0 38 43 113 46 32 10
110 126 46 38 113 0 18 79
110 17 126 46 18 79 63 27
77 18 17 46 63 110 72 41
84 38 39 93 8 24 5 79
108 126 57 38 82 13 40 10
57 82 49 8 69 46 2 100
57 108 8 93 49 17 126 24
95 107 100 8 11 110 45 82
8 50 21 16 82 27 55 56
8 42 33 50 82 68 16 79
21 8 82 55 56 50 19 42
84 82 8 21 127 33 39 37
66 82 33 108 127 42 8 100
14 42 35 38 96 37 31 106
58 38 35 122 31 93 23 83
35 58 66 5 53 105 37 67
42 37 5 35 93 106 14 48
35 42 48 37 106 31 103 14
48 30 125 75 67 100 92 37
48 82 92 14 124 67 100 34
31 30 103 75 53 48 35 3
48 75 30 125 117 118 22 92
27 17 93 37 41 61 25 40
69 77 2 18 37 104 41 93
69 93 36 5 8 37 39 25
107 68 8 95 100 45 11 50
21 8 55 56 50 82 104 15
15 21 84 8 69 82 33 55
15 84 21 8 33 82 4 39
21 107 15 42 4 33 66 82
84 42 107 15 21 8 33 66
42 107 21 27 8 4 15 66
8 68 107 42 33 4 18 127
8 16 101 68 127 37 14 19
127 101 14 42 19 82 8 37
35 101 55 37 42 3 106 14
5 37 35 67 42 53 92 25
5 42 37 93 92 67 25 106
42 48 37 35 106 93 5 31
30 48 67 75 37 125 100 85
124 67 37 48 34 92 82 85
31 30 103 48 3 53 75 37
48 75 30 105 117 7 22 85
48 65 34 92 105 122 67 85
48 75 30 103 31 58 37 22
68 48 67 5 53 25 26 34
35 105 48 67 37 101 25 55
37 92 5 25 105 118 67 48
5 42 37 92 25 48 58 65
48 37 35 106 75 103 99 16
75 48 22 125 30 118 7 103
48 34 7 14 3 65 85 92
103 75 48 30 3 16 7 31
75 48 76 7 29 111 51 125
57 108 8 93 49 17 126 25
126 57 100 18 11 17 46 62
126 27 46 8 69 17 57 93
39 77 103 32 46 38 8 2
126 38 46 61 32 40 77 17
126 46 41 12 15 94 113 119
126 46 69 32 103 41 77 18
39 32 8 46 125 18 69 84
89 38 13 39 8 32 46 67
107 8 95 68 110 45 46 57
8 101 19 55 68 16 50 33
33 8 55 56 101 82 32 2
33 38 8 56 39 32 115 10
33 38 8 68 110 42 60 13
42 101 33 8 68 127 55 19
33 42 67 127 28 101 38 82
42 101 67 52 28 8 85 127
8 56 55 2 36 42 101 39
14 36 93 8 40 5 23 35
14 93 96 120 5 36 102 31
31 93 77 106 120 37 35 103
31 93 58 103 99 37 35 120
93 31 37 78 81 5 53 92
31 93 120 37 123 35 53 103
31 103 93 58 37 99 29 30
93 31 67 25 66 5 92 34
66 95 26 67 40 81 45 8
95 68 8 107 33 66 67 3
101 8 16 3 127 81 92 117
42 101 3 28 127 8 92 86
84 56 42 101 21 127 51 55
84 39 36 8 40 119 67 93
48 50 105 37 101 122 58 81
35 3 101 55 48 92 37 105
35 58 37 48 29 99 96 103
37 53 25 48 92 29 58 104
48 37 28 5 92 96 14 25
48 96 16 34 99 106 111 124
92 68 45 48 25 81 34 26
21 56 55 8 50 82 92 101
84 8 21 39 36 82 40 93
14 8 66 4 40 93 5 127
14 96 93 5 123 120 106 3
93 79 103 77 90 24 102 62
38 93 79 113 46 10 62 39
93 66 38 89 40 23 37 5
66 8 110 27 61 40 93 107
110 27 8 66 18 81 61 93
27 110 17 8 61 93 126 18
77 113 41 14 18 94 103 119
84 8 93 69 79 77 119 43
8 79 39 93 113 119 43 10
79 93 10 8 113 0 119 110
79 43 113 38 39 93 32 46
110 126 38 43 79 113 93 0
110 17 126 43 79 46 93 63
77 17 46 110 43 63 14 119
84 38 39 79 93 8 24 69
108 46 126 32 8 38 93 79
46 100 126 11 18 10 17 61
126 27 17 100 8 46 61 93
39 38 2 103 77 57 8 32
38 126 17 32 61 57 40 0
15 43 46 41 119 103 12 83
67 95 81 92 45 66 25 38
14 92 36 37 35 41 42 100
14 35 123 92 36 37 103 120
35 37 58 31 103 93 122 99
67 107 45 95 8 25 66 26
84 50 8 81 67 56 21 66
66 27 110 8 61 40 108 17
27 110 18 61 66 8 126 4
27 17 110 61 8 18 126 93
77 113 41 18 14 103 46 83
84 8 93 79 69 77 43 113
8 79 39 93 113 119 43 10
79 10 93 8 113 0 36 119
79 113 43 38 39 93 8 67
110 0 8 43 79 10 32 38
110 126 38 79 113 18 46 8
110 17 126 8 18 79 46 43
32 18 79 46 77 8 43 93
32 84 36 30 46 43 79 103
67 32 39 84 79 24 12 46
108 46 32 8 126 67 79 93
46 126 100 11 18 32 17 61
126 27 8 17 100 61 46 93
39 38 2 103 77 8 57 32
126 38 17 32 61 57 46 40
43 15 46 41 12 103 119 126
126 84 8 69 43 15 103 93
126 43 15 41 40 63 18 119
43 41 15 18 125 119 30 100
84 43 38 39 41 103 15 18
107 95 8 68 110 45 50 11
84 8 21 55 50 56 127 15
92 48 45 26 81 53 64 15
92 53 31 105 3 48 35 123
31 35 37 58 29 48 53 99
53 31 48 25 29 37 28 34
48 96 16 34 106 99 123 111
107 92 82 45 79 50 26 95
50 82 21 8 107 55 79 56
21 82 50 84 27 8 55 33
82 27 61 33 108 8 21 127
82 33 27 11 127 126 42 8
27 8 82 33 126 61 115 42
77 33 4 82 127 8 41 18
84 39 33 127 8 82 4 77
63 33 82 126 8 23 39 40
33 82 63 92 126 41 8 127
126 11 8 33 63 82 32 23
33 8 107 68 11 82 95 50
55 21 8 33 56 101 82 3
42 21 100 33 30 82 67 11
42 21 100 30 82 33 8 67
84 42 39 8 21 36 82 40
27 8 66 108 42 17 40 93
32 2 18 69 8 40 77 93
67 32 39 8 24 93 69 40
67 32 126 38 95 4 40 8
126 38 93 40 8 39 67 32
107 67 32 95 11 38 8 40
21 56 50 127 55 12 15 37
84 127 39 8 21 40 119 12
66 27 127 108 11 8 84 40
27 66 108 17 61 40 8 37
61 77 40 18 17 113 41 72
48 106 123 111 96 16 99 13
107 95 79 92 8 82 45 50
50 82 8 21 55 107 79 56
21 82 50 84 8 27 33 81
82 61 27 33 8 108 21 127
33 82 27 11 126 127 42 8
27 8 33 126 82 61 115 42
77 33 4 82 8 127 41 18
84 39 33 8 127 82 4 77
63 33 126 8 82 23 39 40
82 33 63 92 8 126 41 127
126 11 8 33 63 32 82 23
33 8 107 68 11 82 95 110
55 8 21 33 56 101 42 3
42 21 100 33 30 82 67 127
42 21 100 30 33 82 8 67
84 42 39 8 36 21 127 40
27 66 61 8 17 108 42 40
27 77 61 126 8 40 93 18
36 37 92 72 46 51 77 94
84 79 21 69 40 93 36 14
38 125 39 67 8 93 40 79
38 125 67 22 25 40 63 113
43 32 66 79 8 38 36 93
43 32 36 84 30 87 46 22
67 43 32 39 84 24 79 36
108 32 66 79 95 38 46 67
108 66 46 14 79 57 32 67
32 108 46 79 93 67 4 57
100 107 11 95 46 45 57 50
21 55 50 27 8 100 56 36
21 36 57 100 11 8 50 82
42 21 82 50 92 33 55 8
84 82 39 8 21 36 40 127
66 8 82 127 126 17 33 61
18 82 66 100 127 4 8 107
4 18 108 8 82 127 66 17
14 18 93 96 77 8 5 120
93 79 103 77 102 78 90 24
38 93 79 113 46 10 39 62
4 8 40 95 93 38 81 18
4 8 50 82 81 95 11 18
21 50 82 4 127 81 66 18
84 8 39 127 82 21 37 40
66 84 126 8 33 127 82 21
66 33 108 4 82 84 8 127
14 4 42 8 82 127 37 40
48 96 106 80 37 93 16 74
92 4 45 48 81 82 100 64
48 92 81 53 100 50 31 37
48 96 16 80 123 106 37 92
92 48 45 81 64 82 111 29
48 92 81 53 105 29 45 64
48 123 111 106 96 16 34 99
107 50 92 45 82 8 95 4
50 82 8 21 55 4 107 56
21 82 50 8 84 27 55 81
82 27 61 33 108 110 8 21
82 110 27 61 8 33 126 127
82 27 63 61 8 126 33 17
27 126 82 61 63 33 8 77
41 77 63 33 82 103 15 18
84 39 41 33 82 103 8 127
63 126 33 82 39 23 8 61
48 106 123 96 111 16 99 13
107 95 92 79 8 82 45 50
50 82 21 8 55 107 79 56
21 82 50 84 8 27 33 55
82 61 27 33 8 108 21 127
82 33 27 11 126 127 42 8
27 8 33 82 126 61 115 42
77 33 4 82 8 127 41 18
84 39 33 8 127 82 4 77
63 33 126 8 82 23 39 40
82 33 63 126 92 8 41 127
126 11 8 33 63 82 32 23
33 8 107 68 82 11 95 110
55 8 21 33 56 101 42 82
42 21 100 33 30 82 67 11
42 21 100 30 8 82 33 67
84 42 39 8 36 21 40 82
61 8 27 108 38 17 93 66
103 35 77 41 61 2 14 22
61 67 126 92 22 25 100 32
126 92 113 67 25 41 69 37
69 84 113 37 41 43 93 8
113 100 25 126 69 37 62 8
43 113 100 46 15 37 62 119
43 38 113 84 32 37 39 12
43 38 113 25 62 0 32 46
43 113 38 46 12 62 119 15
43 32 84 46 113 62 12 69
43 67 32 39 12 24 46 84
126 41 61 32 67 17 43 108
126 41 61 32 46 17 38 12
41 22 103 18 69 57 126 35
15 43 38 126 119 80 8 46
84 15 43 39 24 69 8 119
95 107 8 110 45 11 36 38
8 21 50 55 82 56 4 27
21 50 84 8 82 27 55 38
63 21 8 27 61 82 33 4
27 61 33 21 82 8 127 4
77 127 33 41 4 63 18 82
84 39 127 8 33 4 43 82
8 107 33 68 95 82 11 110
8 55 16 21 56 27 101 50
42 21 8 33 82 50 16 48
42 21 82 92 33 8 50 4
84 82 127 39 8 21 33 42
27 8 66 108 17 82 61 40
14 35 5 93 77 103 37 82
126 25 92 61 40 4 108 67
126 4 113 25 92 67 18 37
84 113 69 5 37 39 40 93
113 25 126 37 40 5 18 67
43 35 103 14 15 79 93 84
43 126 113 66 67 25 95 40
57 103 65 22 113 82 35 41
65 103 35 53 67 57 22 30
107 67 50 95 100 45 82 11
27 50 8 11 21 82 107 84
21 37 14 84 42 82 5 35
66 40 108 92 37 82 100 5
108 40 61 17 78 37 5 66
126 18 108 40 61 27 37 17
18 14 37 103 40 48 15 69
103 18 37 5 35 40 69 57
27 82 8 21 110 50 66 108
82 27 21 110 127 81 92 48
82 27 61 8 110 108 17 33
27 82 110 8 33 61 108 77
82 79 27 8 77 39 61 33
79 4 82 100 113 33 14 43
79 84 39 43 82 15 40 33
79 108 113 82 4 0 33 40
8 107 79 33 68 82 95 11
8 55 21 82 56 33 50 101
42 21 100 82 33 30 11 67
42 21 8 27 82 61 63 33
21 42 27 82 33 8 61 55
77 127 82 63 41 42 18 21
84 127 39 82 8 43 33 69
107 11 33 82 8 95 127 63
21 82 107 55 8 56 27 127
21 82 27 84 107 127 33 50
27 61 21 63 33 82 8 108
27 61 33 126 108 82 63 8
103 33 84 63 41 77 61 126
63 126 33 61 82 41 11 15
63 41 126 92 82 15 33 18
126 63 11 32 33 41 8 15
11 33 107 63 41 8 95 32
21 41 56 82 55 127 50 42
84 39 127 82 21 41 8 40
27 66 17 108 8 61 40 82
69 2 77 40 18 61 5 14
69 5 18 40 2 8 77 12
5 24 39 49 69 40 93 8
14 37 35 40 5 4 8 120
84 21 42 82 103 40 127 36
27 61 108 17 8 82 5 40
27 126 61 108 17 8 63 18
32 36 126 41 77 103 61 18
36 32 39 41 8 84 93 15
36 32 126 61 63 40 38 15
15 35 14 43 84 103 38 36
107 15 95 45 25 11 67 92
21 27 55 50 36 8 56 82
21 36 92 15 113 40 104 12
84 39 36 21 40 14 119 15
66 108 36 40 87 100 113 63
14 36 40 4 48 53 108 35
14 48 122 106 30 93 36 103
107 67 100 40 36 11 4 92
107 100 84 67 36 40 103 15
27 61 108 107 17 8 40 82
14 35 113 2 103 106 77 41
107 45 40 11 50 95 25 92
50 11 27 21 36 8 57 82
36 21 42 107 57 41 11 100
36 42 84 103 41 57 72 107
27 61 36 17 108 40 42 107
2 14 77 35 103 113 106 102
126 61 92 40 46 17 113 25
103 43 15 14 84 93 41 92
45 107 50 95 11 40 92 25
50 21 41 56 55 82 92 83
21 84 33 8 82 40 69 41
33 39 8 21 40 84 82 41
33 66 107 113 42 108 40 18
14 35 42 37 113 106 96 103
27 11 50 8 21 82 107 40
84 21 42 82 103 40 127 36
27 61 108 17 8 82 40 3
27 61 126 108 17 8 63 18
32 36 126 77 41 61 103 18
36 32 39 41 8 84 93 15
36 32 126 61 63 40 38 15
15 35 14 43 84 103 37 106
107 95 15 25 45 11 92 67
21 27 55 50 36 8 82 56
21 36 92 15 40 113 37 104
84 39 36 21 40 14 119 15
66 108 36 40 87 100 63 113
14 36 40 4 48 108 35 53
14 48 122 30 106 93 36 103
107 67 100 40 36 11 4 92
107 100 84 67 36 40 103 57
27 61 108 107 17 8 40 82
35 103 14 113 37 40 77 41
37 58 113 103 29 35 99 104
107 45 40 25 95 67 11 50
50 21 27 55 36 56 11 41
84 36 21 103 41 15 100 92
84 36 21 108 66 82 100 72
14 36 40 53 108 100 42 48
36 14 48 122 103 106 93 100
107 100 36 40 67 66 11 57
107 100 40 36 66 67 11 82
14 84 21 2 96 106 36 42
14 37 92 5 66 3 106 78
103 37 53 35 5 102 31 48
37 103 29 99 104 35 48 122
82 27 61 33 127 108 8 126
41 82 33 77 127 63 61 103
84 41 82 39 127 33 103 15
63 82 33 126 23 40 39 89
82 63 126 41 92 33 61 67
126 63 11 41 32 82 8 33
33 8 107 11 68 82 95 79
8 55 21 56 82 33 101 42
42 21 100 82 33 30 11 67
42 21 100 82 30 8 33 61
84 42 39 8 36 82 21 40
42 66 108 4 33 82 40 8
108 4 8 40 17 5 33 82
18 126 8 40 4 61 108 82
14 2 69 5 102 8 37 114
93 92 37 120 96 102 123 5
38 63 93 113 79 10 90 102
31 93 106 37 38 5 58 35
37 93 31 5 102 92 124 114
92 93 78 3 5 102 37 53
36 31 37 53 25 93 114 5
93 36 37 3 102 31 53 25
93 36 37 5 14 102 53 92
37 93 102 36 106 5 114 40
50 21 107 92 52 82 8 56
21 84 42 4 82 92 127 52
27 108 42 21 40 82 66 4
69 2 18 40 77 37 63 61
69 5 24 36 39 2 37 93
36 35 14 37 5 13 89 40
95 25 61 40 36 92 11 4
27 17 37 61 25 40 108 5
69 93 18 2 37 40 77 31
69 93 5 36 24 39 37 77
36 35 14 93 5 37 13 31
95 25 61 40 92 36 11 93
27 93 25 37 17 41 40 61
69 93 77 18 104 37 41 2
93 69 36 5 37 25 102 24
68 107 8 45 95 100 11 37
55 21 8 27 56 82 40 101
15 21 40 41 82 12 37 77
15 84 36 41 39 40 43 69
107 15 40 68 8 66 82 41
42 101 107 8 82 40 37 33
56 42 84 101 8 21 40 82
27 61 8 17 66 40 108 42
32 40 2 77 61 69 18 46
67 39 5 40 32 93 69 8
32 67 40 4 38 95 8 46
35 5 120 42 93 37 113 14
35 5 67 58 42 53 92 37
92 124 67 82 15 37 14 104
5 53 35 67 37 93 25 58
100 67 40 45 25 46 92 5
35 120 106 113 37 96 5 14
92 66 53 5 100 35 14 40
92 14 104 15 82 83 81 51
103 92 53 5 37 30 78 93
67 68 107 45 40 50 100 8
50 101 45 67 127 68 52 104
84 56 42 67 21 55 72 40
27 61 8 108 17 40 37 66
27 126 61 8 40 5 17 18
35 14 38 5 37 106 31 93
25 92 40 113 67 38 37 81
123 37 35 31 113 53 5 103
107 95 45 67 8 25 92 81
21 56 8 50 55 92 81 25
84 8 21 127 4 33 39 82
39 33 58 8 127 121 40 4
66 127 4 33 42 40 107 18
42 35 14 37 105 5 48 106
35 5 42 37 92 53 58 66
5 37 92 31 53 14 35 3
106 48 14 96 16 74 122 35
29 48 106 96 124 16 30 34
48 81 92 34 26 53 67 111
81 4 67 48 100 45 25 82
103 37 48 35 53 123 31 100
66 53 37 35 58 5 105 92
124 92 82 48 15 79 81 14
53 37 65 35 48 58 25 67
67 107 45 100 25 50 85 26
84 8 21 50 107 56 67 82
27 110 21 8 107 50 66 82
27 30 21 94 72 127 81 122
27 8 61 110 82 17 108 5
77 113 41 103 104 18 46 72
79 84 39 113 93 77 119 8
79 113 93 25 62 8 0 119
79 43 14 32 93 67 2 8
79 43 38 32 39 93 67 8
38 79 32 43 46 39 93 62
46 79 8 17 32 108 62 93
32 18 2 46 77 8 69 79
92 25 40 67 113 38 37 81
123 37 35 113 31 5 120 53
107 95 45 8 67 25 81 40
21 8 56 50 92 55 81 25
84 8 21 39 37 127 40 82
66 84 8 126 33 127 82 15
66 33 4 84 8 108 100 107
35 14 42 37 48 106 5 82
35 5 66 37 92 53 42 14
5 37 53 92 35 31 14 67
48 96 106 122 14 74 16 99
99 48 118 124 16 29 71 92
92 48 34 29 81 16 25 64
4 45 25 81 95 82 92 40
37 103 35 123 48 31 53 100
66 53 37 35 58 5 92 25
92 124 82 104 48 81 14 15
53 37 65 25 58 35 48 5
67 107 45 100 50 25 26 40
82 8 50 84 21 107 55 127
8 27 82 21 110 50 66 108
82 27 21 110 127 81 92 30
27 82 61 8 63 5 108 17
27 61 126 8 82 108 17 63
41 77 63 103 18 15 82 33
84 39 41 103 63 15 8 33
63 126 39 8 82 33 23 40
63 82 41 126 92 33 15 61
126 63 8 11 32 41 82 33
8 107 33 11 68 82 110 95
8 21 55 56 82 33 101 27
42 21 100 30 33 82 11 67
66 33 108 4 82 127 8 14
8 108 110 66 27 33 17 4
18 110 27 126 8 66 4 108
18 8 126 93 27 110 17 61
77 18 113 93 41 14 103 122
93 84 79 39 14 119 77 8
93 113 79 8 0 62 25 119
43 14 79 8 93 4 69 40
93 79 43 48 67 80 14 100
100 10 43 79 4 80 69 48
10 100 79 125 39 43 67 93
10 39 38 79 125 43 8 93
38 79 126 95 32 93 43 46
15 43 126 38 37 93 119 46
15 69 84 8 43 126 93 32
15 84 18 39 8 43 93 79
15 35 8 14 4 18 40 13
35 14 3 15 93 43 120 5
15 92 25 66 35 37 45 67
8 126 3 95 79 92 15 66
8 126 93 95 32 15 113 46
32 69 2 8 18 36 126 38
32 8 39 33 115 36 10 18
32 8 126 115 0 33 46 10
2 38 24 8 43 69 18 93
95 38 13 46 43 107 87 100
2 46 123 24 8 43 13 32
38 123 24 39 18 8 32 43
38 95 45 46 13 109 80 100
38 95 46 45 43 13 80 15
46 0 80 38 83 100 42 18
84 69 8 39 113 14 32 43
35 14 5 38 37 106 93 31
92 25 113 40 67 38 81 37
123 37 35 113 31 5 93 120
107 95 45 67 25 8 81 92
21 56 8 50 55 81 92 25
84 21 8 39 37 127 40 113
66 126 8 17 127 100 89 40
18 100 107 66 8 127 4 33
35 14 42 37 5 48 82 92
35 66 5 37 92 53 42 14
5 37 35 53 92 14 31 25
48 96 106 14 16 74 122 99
99 48 118 124 16 29 71 92
92 34 29 81 25 45 48 64
31 35 53 37 103 48 3 42
31 58 37 53 5 25 35 66
92 124 104 81 15 29 48 51
53 65 25 37 31 58 35 48
67 45 107 100 25 26 37 50
8 21 50 107 82 100 67 56
21 82 84 42 8 4 107 127
27 21 8 82 110 42 107 108
27 82 42 21 81 92 127 94
27 61 82 63 5 8 108 17
27 61 126 108 82 17 63 8
41 77 63 103 18 15 82 46
84 41 39 103 63 15 77 82
63 126 39 33 23 82 8 40
63 82 41 126 92 33 15 61
126 63 11 32 41 8 82 33
8 107 33 11 82 68 110 95
55 8 21 56 82 101 33 27
33 27 42 8 82 61 4 21
4 33 8 77 82 27 39 61
4 79 33 8 100 14 82 127
79 84 39 8 43 93 4 40
108 8 79 39 4 33 40 110
33 8 107 4 68 79 11 95
42 55 101 8 68 19 37 82
42 33 67 8 101 82 79 127
84 42 8 56 67 4 21 55
27 8 17 66 108 61 42 93
77 61 18 4 83 17 92 113
84 39 69 103 5 93 24 77
126 61 17 108 95 40 8 93
69 126 15 4 18 37 119 14
69 5 24 36 93 15 39 8
8 14 35 40 4 5 13 36
14 35 120 5 93 37 106 58
92 67 45 25 29 37 40 51
126 67 40 15 8 4 25 92
36 21 32 8 40 66 79 15
36 32 93 24 84 69 39 8
66 36 32 95 4 8 100 13
36 35 48 14 31 66 100 13
92 100 48 14 67 36 29 66
31 123 48 103 92 53 100 3
92 48 29 36 99 31 104 83
48 31 123 36 106 103 42 92
92 48 29 99 75 118 104 45
48 16 106 123 31 83 75 92
92 48 29 99 104 34 75 118
48 123 106 109 30 31 64 16
92 66 36 45 25 67 29 100
53 5 37 31 35 92 8 25
106 48 14 16 96 122 92 99
29 48 106 124 96 16 30 122
48 81 92 53 26 34 67 4
81 100 40 95 25 46 53 67
37 103 53 100 48 123 35 31
66 37 53 5 8 35 58 40
53 65 37 25 5 35 67 31
107 67 45 100 8 50 95 25
50 8 21 16 55 27 82 56
8 42 68 33 50 82 21 16
55 8 21 82 101 56 33 42
42 21 100 33 30 82 67 11
21 42 8 27 82 33 61 63
21 27 42 8 82 33 61 55
77 127 82 21 4 18 33 41
84 127 39 8 82 4 33 43
63 126 82 33 23 39 8 40
82 63 33 41 126 92 127 8
126 63 11 8 32 82 33 127
11 107 33 8 63 82 95 127
21 127 82 56 107 41 55 42
21 84 82 33 127 100 42 14
33 39 8 82 67 84 21 127
33 8 66 108 27 17 82 67
27 33 82 8 67 108 17 126
18 33 77 46 41 43 4 103
84 69 39 40 8 33 82 43
14 35 37 113 5 120 40 36
40 67 92 25 95 107 113 4
67 81 25 45 66 4 92 95
4 66 108 8 33 82 81 27
75 103 48 7 76 99 71 123
75 48 76 118 111 104 125 81
48 75 81 76 92 74 34 111
75 48 103 30 76 111 99 123
26 53 48 104 34 67 37 52
31 96 37 67 93 58 48 15
31 37 53 5 89 58 113 35
92 48 14 81 104 74 83 105
53 103 37 31 48 35 58 22
67 45 26 15 100 81 31 127
107 8 68 33 67 95 82 26
19 55 101 8 68 82 114 52
67 82 42 19 101 33 92 127
55 56 42 67 52 21 101 8
42 100 30 21 52 67 11 72
42 84 100 8 52 30 67 72
8 27 42 61 17 108 5 66
14 77 5 18 35 40 8 41
14 35 93 120 37 5 103 58
35 5 14 37 67 53 25 58
53 92 5 35 25 113 37 67
31 38 37 106 92 5 120 14
113 31 58 5 37 78 25 38
53 37 35 105 5 113 25 31
92 14 48 104 105 15 37 88
22 37 53 48 35 75 117 93
67 22 45 85 100 15 25 34
67 40 100 95 25 11 61 46
14 35 37 104 94 88 51 92
14 106 96 113 31 120 93 5
113 89 41 58 83 40 37 66
126 66 4 40 61 81 25 100
69 8 39 5 93 40 37 36
69 36 32 18 40 5 93 8
43 38 36 8 5 39 93 32
4 8 38 126 40 36 5 43
120 14 93 37 38 96 18 32
95 40 38 93 61 18 81 89
27 93 40 17 61 8 5 37
69 77 2 18 37 93 40 41
69 93 8 5 36 37 40 39
95 107 100 8 45 36 11 40
21 50 8 56 55 82 15 51
84 8 39 127 82 40 21 119
61 8 27 108 17 66 89 38
27 61 108 8 126 17 63 18
32 36 41 126 18 77 103 61
32 36 39 84 40 41 103 8
36 126 32 61 13 40 12 38
15 38 14 37 120 43 32 8
15 95 11 32 38 61 81 107
27 61 8 17 38 50 107 41
2 61 77 69 40 17 14 63
69 2 77 39 93 32 24 103
126 61 32 46 17 77 40 8
69 2 43 8 93 126 14 15
89 22 40 14 8 105 43 113
89 67 22 43 35 40 13 103
22 7 89 58 29 105 35 71
126 67 22 95 40 61 25 46
22 82 67 8 14 34 85 103
103 22 53 67 36 41 30 35
22 7 71 103 75 48 34 99
45 67 11 22 95 8 100 85
69 5 82 37 121 40 32 8
43 32 69 8 5 22 36 40
67 43 32 39 8 5 24 36
67 95 107 32 45 38 8 82
21 50 82 55 56 67 8 13
84 39 40 21 82 36 8 5
66 108 4 82 40 84 33 42
66 108 8 27 82 110 4 40
66 27 108 82 18 127 4 40
27 61 93 108 17 126 66 8
61 77 18 126 27 79 93 82
79 77 93 32 18 103 113 8
79 100 32 87 38 22 93 10
79 84 32 38 100 43 10 36
79 84 39 43 38 32 93 24
79 108 32 17 4 36 40 93
87 79 38 93 125 2 24 8
95 87 79 38 125 4 107 100
79 50 87 95 8 4 100 38
66 21 82 84 4 79 50 100
33 21 4 66 82 27 8 79
4 42 108 33 27 82 21 36
87 2 39 42 38 4 18 8
87 125 61 126 20 38 66 10
87 22 41 103 125 10 66 108
41 22 103 87 125 49 30 48
22 87 41 103 7 125 30 71
87 125 22 41 10 103 73 44
87 125 22 10 108 41 43 67
107 8 82 95 79 68 50 4
21 55 8 82 27 56 50 63
21 82 55 27 8 61 56 126
66 108 27 18 82 8 4 110
27 61 93 108 17 8 18 126
77 61 18 113 63 93 41 103
77 39 84 79 93 103 43 119
77 93 18 32 79 113 0 57
87 79 43 8 93 38 125 24
87 125 126 79 38 93 44 43
69 15 126 87 43 90 125 8
15 69 43 39 93 8 24 87
15 69 126 43 93 8 32 121
43 32 15 39 8 93 120 37
95 107 8 11 15 45 110 82
8 107 50 3 82 68 95 19
21 8 55 82 27 101 56 61
21 27 55 82 8 61 126 127
21 82 127 77 18 63 15 41
84 127 39 8 82 43 69 33
107 8 127 82 4 33 11 63
56 107 127 82 8 42 55 21
84 21 39 40 82 8 127 36
61 8 27 38 108 17 93 66
27 61 108 126 8 17 93 63
32 36 126 41 18 61 77 40
32 36 39 40 8 84 93 69
36 32 126 40 61 13 12 38
15 43 126 14 36 40 5 12
15 38 84 14 32 40 37 43
40 121 15 32 89 39 5 8
107 95 11 32 40 45 15 61
21 82 55 50 8 56 40 61
36 21 55 32 40 8 82 42
36 32 39 84 24 40 43 79
77 33 4 8 41 0 23 127
84 39 8 33 127 82 77 4
63 33 8 126 23 82 39 40
63 33 82 126 8 92 41 127
126 11 8 33 63 32 23 82
33 8 107 68 11 95 110 82
21 8 55 56 82 19 101 33
84 8 39 21 82 40 93 36
14 96 93 5 8 120 105 123
93 77 103 79 124 89 48 83
93 77 38 87 103 125 79 18
66 93 8 40 81 17 107 38
69 18 2 40 93 37 77 81
69 8 37 93 5 36 39 40
69 93 36 5 37 32 40 8
43 38 36 8 93 5 39 32
4 8 126 40 38 36 5 43
120 14 93 37 96 38 18 8
40 95 4 107 93 38 45 8
84 40 81 56 4 127 8 37
27 17 8 40 61 66 108 5
69 77 40 2 18 61 5 37
69 5 93 8 2 40 43 24
14 120 106 105 89 126 58 35
92 126 61 40 5 93 66 67
126 103 43 69 92 14 61 104
103 43 69 93 5 40 37 67
67 45 100 40 107 95 50 11
27 50 11 8 21 40 67 100
84 42 21 103 40 127 41 82
27 61 108 8 17 40 5 78
27 126 61 8 40 108 41 17
69 36 32 18 40 5 37 77
43 38 36 5 39 8 93 32
4 8 40 126 38 36 5 43
14 120 93 37 18 38 96 32
95 40 38 61 93 18 81 11
27 40 93 17 61 5 108 37
69 77 2 18 37 93 40 41
69 93 5 36 37 8 40 39
95 107 100 45 8 11 36 50
8 107 50 82 3 68 19 79
21 55 8 82 56 101 3 50
84 127 8 82 39 21 119 79
27 8 66 17 61 108 40 82
14 2 93 77 120 5 37 78
126 92 40 61 5 108 81 78
14 92 103 69 5 113 126 18
103 5 69 93 37 40 53 18
67 100 40 45 37 22 50 5
27 50 11 8 67 100 82 40
84 21 42 82 40 103 127 61
27 61 108 8 17 82 5 40
27 61 126 108 8 17 63 18
32 36 126 41 77 61 18 103
32 36 39 84 40 41 103 24
36 126 32 61 13 40 38 12
15 38 14 120 37 43 32 40
95 107 11 15 38 32 40 45
21 55 82 50 8 15 40 56
36 21 55 32 40 8 82 42
36 32 39 84 43 24 40 119
36 107 32 66 95 11 40 13
107 36 84 66 42 103 82 13
69 8 39 5 93 40 36 37
69 36 32 18 40 5 8 93
43 38 36 8 5 39 93 32
4 8 38 126 40 36 5 43
120 14 93 37 38 96 18 32
95 40 38 93 61 18 81 89
27 93 40 17 61 8 5 37
69 77 2 18 37 93 40 14
69 93 5 8 36 37 40 39
95 107 100 45 8 36 11 40
21 50 8 56 55 82 89 37
84 8 39 127 82 40 21 37
61 8 27 108 17 66 89 38
27 61 108 8 126 17 63 18
32 36 41 126 18 77 103 61
32 36 39 84 40 41 103 12
36 32 126 61 13 40 12 38
15 38 14 37 120 43 32 8
15 95 11 32 38 61 81 107
27 61 8 17 38 50 107 41
2 61 77 69 40 17 14 63
77 39 93 32 40 2 69 8
77 32 40 39 93 8 61 69
43 15 103 18 40 77 119 49
43 84 39 103 32 15 40 24
95 11 63 40 61 32 43 15
11 95 61 63 45 8 72 40
27 61 8 17 38 40 77 93
2 69 61 77 40 18 41 83
69 2 39 43 40 41 103 8
126 61 11 40 95 36 46 41
36 2 43 40 21 104 92 100
21 69 2 82 36 40 8 32
69 49 32 39 2 36 8 93
67 24 36 13 39 93 69 37
95 107 45 66 82 4 11 13
21 55 82 50 8 4 56 37
21 50 84 82 27 55 4 38
27 21 61 33 63 82 8 37
27 61 33 126 82 108 21 8
41 77 33 63 15 18 103 72
84 39 41 33 15 8 127 103
63 126 33 23 39 8 82 40
126 63 33 41 82 92 15 127
126 63 11 8 33 41 32 82
33 8 107 11 68 63 82 95
55 8 21 56 33 27 101 42
42 21 100 30 33 11 67 82
42 35 37 21 14 55 82 5
66 67 92 25 113 100 95 5
35 123 103 37 31 5 92 113
67 66 108 25 92 100 4 113
108 67 17 8 113 25 66 61
18 11 107 95 113 100 40 67
55 35 21 37 14 50 113 5
66 67 113 100 4 108 92 25
113 66 67 25 92 4 100 37
113 84 39 25 67 92 37 119
113 25 67 92 22 37 5 119
43 39 113 79 32 22 38 67
113 95 43 38 45 11 32 22
113 45 38 50 95 13 43 4
113 66 4 13 108 41 18 25
113 42 14 35 22 66 37 18
50 21 82 84 55 27 38 72
27 21 61 63 82 33 8 5
27 61 126 33 82 108 63 8
41 77 63 33 15 18 103 72
84 41 39 33 103 15 127 8
63 126 33 23 39 8 82 61
63 41 126 33 82 92 127 15
126 63 11 8 41 33 32 82
126 63 61 8 41 33 11 46
126 41 63 18 33 127 69 46
84 69 39 43 33 8 37 127
14 82 5 40 8 42 37 105
42 37 35 101 31 30 48 93
67 5 100 37 42 82 127 26
8 107 68 95 33 67 82 79
55 8 21 56 82 27 101 33
42 21 100 30 33 82 11 67
42 21 100 30 67 82 33 72
84 42 127 39 8 33 82 21
27 108 61 8 17 66 40 42
61 77 32 36 8 40 126 18
32 36 8 24 93 39 38 84
32 126 36 61 46 38 95 25
15 14 38 35 43 37 103 106
95 107 15 11 38 45 32 40
8 21 50 82 107 11 110 56
21 42 4 92 82 30 72 117
84 21 42 39 37 82 127 119
39 58 89 37 5 40 8 24
66 108 4 40 42 107 95 13
42 14 5 37 106 35 36 3
42 35 30 37 31 48 101 106
8 33 107 68 11 82 79 95
55 8 21 56 33 82 101 42
42 21 100 33 82 30 11 8
42 21 100 30 82 33 8 67
84 127 42 8 39 82 33 21
61 27 8 17 108 66 38 89
27 61 108 8 126 17 63 82
32 36 126 41 103 18 77 61
32 36 39 84 103 93 8 41
126 32 36 41 61 13 38 5
15 41 43 126 13 14 5 119
84 15 43 24 93 41 5 13
95 11 107 32 15 61 8 45
21 55 50 8 82 56 15 127
21 36 55 32 8 40 42 82
36 39 32 84 43 21 119 24
36 107 32 66 11 95 40 13
107 84 36 66 103 42 41 82
27 61 108 107 17 8 66 40
61 77 18 83 17 41 103 46
38 39 84 32 77 8 103 5
38 32 126 61 46 113 18 77
126 15 32 8 11 38 93 40
11 95 15 107 100 45 63 46
21 8 50 82 110 11 107 100
21 42 27 55 82 8 4 92
84 21 103 33 82 42 100 41
84 63 33 39 82 57 40 21
107 11 33 63 41 21 42 84
107 36 21 32 42 41 40 82
36 32 84 39 24 119 103 125
36 32 25 39 41 119 13 22
69 4 108 66 42 82 30 100
69 32 40 82 8 4 36 5
69 49 32 8 39 93 36 57
67 24 13 39 69 93 36 37
107 95 45 50 4 82 8 11
82 50 21 84 8 55 107 127
82 27 8 110 21 50 108 66
82 27 21 110 127 92 81 94
27 82 61 8 5 63 108 17
27 82 61 126 108 17 8 63
41 77 63 103 18 82 15 33
84 39 41 103 82 15 63 33
63 126 39 82 33 23 40 8
82 63 126 41 33 92 61 15
126 63 11 8 32 41 82 33
126 110 63 61 41 11 8 32
126 27 61 110 82 8 17 41
126 27 110 8 17 82 41 61
27 82 8 79 41 39 110 77
79 84 4 33 82 39 63 103
108 39 79 33 17 82 110 40
8 33 107 82 79 110 68 11
8 55 21 56 33 82 50 101
42 21 100 33 30 82 11 67
42 21 100 30 82 33 8 67
84 127 42 39 8 82 33 21
27 8 17 108 66 61 40 42
14 2 5 77 120 106 84 35
5 14 92 35 78 53 40 31
92 14 15 81 124 37 82 51
5 103 37 53 78 93 92 35
67 100 45 107 40 37 5 25
107 50 4 67 100 82 8 110
21 2 4 82 42 69 37 55
21 69 2 82 40 36 8 32
39 32 69 49 36 67 57 40
67 89 13 93 36 24 14 105
95 107 66 45 40 82 4 11
82 84 50 21 55 107 8 66
82 27 110 66 21 8 108 107
82 27 21 110 127 66 81 92
82 27 61 8 110 108 33 17
27 82 110 33 108 61 8 17
82 27 79 39 77 33 61 8
79 4 82 100 33 113 14 43
79 84 39 82 43 40 62 37
79 66 108 82 4 33 0 100
79 108 4 82 33 113 0 18
79 126 0 11 4 33 82 8
84 79 82 21 4 126 40 43
84 39 79 82 40 43 69 33
108 66 79 100 82 40 18 126
108 17 79 82 40 61 126 8
126 17 18 61 79 108 40 82
18 126 77 79 12 69 41 43
84 39 69 43 82 40 18 79
107 8 33 82 79 110 95 68
8 55 21 82 33 56 50 101
42 21 100 33 82 30 11 107
42 82 8 21 33 61 100 37
42 33 21 8 27 82 84 100
42 61 27 33 8 17 82 94
33 61 27 8 42 41 126 17
41 77 33 103 18 61 72 94
42 21 100 33 82 30 11 67
42 21 100 30 33 82 8 67
84 42 8 33 39 127 82 37
84 66 126 8 33 82 127 100
66 33 108 42 82 107 4 84
69 42 4 66 82 108 127 5
69 8 40 42 5 32 82 98
69 49 32 8 98 39 5 67
67 24 13 39 69 36 93 98
14 13 5 35 8 105 62 37
35 31 42 37 101 14 30 36
67 26 107 25 45 62 37 35
50 21 55 107 82 56 4 67
21 50 84 82 27 4 127 55
21 27 61 63 8 33 82 17
27 61 126 33 8 21 108 63
41 77 63 33 15 18 72 103
84 39 41 33 8 127 15 103
33 8 107 68 11 95 82 63
21 55 56 82 127 104 3 92
21 33 84 82 127 40 42 14
33 39 8 82 67 40 84 21
33 66 82 108 67 63 42 4
42 27 33 17 82 40 108 8
2 35 77 14 78 18 82 5
113 25 67 100 95 92 11 40
35 113 123 103 5 100 37 31
95 107 67 11 25 82 45 40
35 55 50 21 82 37 3 106
66 108 92 67 4 25 82 100
66 67 113 25 4 92 100 37
113 84 39 25 67 82 62 37
30 67 48 37 100 125 75 85
124 16 48 92 37 3 81 100
30 31 103 3 75 37 48 53
48 75 30 22 125 118 28 37
48 16 81 92 14 51 104 76
30 48 75 103 7 58 29 53
67 48 22 53 26 34 92 3
67 52 40 45 25 34 81 15
67 40 81 18 95 25 11 46
14 127 35 81 37 104 40 92
96 9 14 113 120 42 93 37
37 113 5 14 53 35 13 58
16 14 81 48 118 51 92 15
37 53 35 48 103 75 16 118
107 67 68 100 8 95 45 81
68 19 52 101 51 3 29 127
67 52 28 127 34 81 101 104
56 52 67 21 51 42 92 55
21 84 40 67 42 52 127 8
33 8 21 39 40 82 63 36
33 61 8 21 66 63 100 4
84 43 39 36 40 67 119 37
108 33 63 61 40 81 39 66
11 33 107 18 108 63 27 66
27 61 42 17 108 5 40 93
61 77 17 42 40 83 41 63
14 40 77 103 84 100 41 69
38 14 93 84 120 103 5 113
38 40 37 113 89 23 83 58
40 39 5 67 37 32 78 25
95 11 107 40 61 45 63 57
21 50 82 8 57 11 107 56
5 36 119 37 40 93 8 69
38 43 36 5 8 93 37 39
8 38 126 36 4 43 5 40
113 18 77 43 9 119 4 93
38 84 39 113 93 9 43 119
38 113 9 93 0 119 43 32
38 43 8 9 93 39 119 70
95 38 8 45 68 107 14 11
45 50 68 105 3 14 101 81
42 14 40 55 101 5 3 16
96 93 42 9 120 14 113 123
113 66 40 45 37 23 13 38
55 8 69 105 40 37 66 42
69 36 93 5 39 119 8 37
36 126 100 8 4 40 13 25
113 18 9 77 83 119 72 43
113 39 9 119 43 93 84 8
113 9 119 43 93 0 36 18
43 39 9 113 79 119 93 10
9 43 0 17 8 126 110 113
45 95 18 100 68 107 8 11
56 21 55 8 50 15 51 64
84 36 119 39 21 8 40 127
27 8 61 17 66 93 108 38
61 77 83 17 18 72 38 41
14 40 69 77 93 100 84 8
38 14 93 120 3 113 119 5
38 113 37 40 89 23 93 83
39 40 5 93 37 67 25 78
95 40 11 61 107 46 63 45
27 11 61 40 8 126 50 63
27 61 8 17 38 37 46 5
8 110 84 21 33 82 39 40
110 33 8 27 21 82 42 108
27 110 42 33 8 21 18 82
27 17 8 61 93 42 40 43
77 113 93 41 37 61 18 83
84 93 32 69 113 77 8 37
39 18 9 93 113 32 125 57
126 18 9 113 11 8 0 57
27 17 61 126 9 93 8 57
77 32 2 61 46 18 9 8
67 93 39 8 9 38 77 32
95 107 8 67 38 11 45 22
8 21 50 57 82 107 110 11
21 8 27 33 63 42 82 57
42 21 8 33 57 82 50 11
79 21 42 33 82 8 57 50
79 11 8 33 82 21 10 57
79 10 57 4 100 33 42 8
79 84 33 57 82 4 100 8
79 33 108 63 4 100 110 17
79 33 8 107 68 57 11 50
8 55 21 33 56 50 82 19
42 21 100 33 30 82 11 67
42 21 100 30 33 82 8 67
84 127 8 39 42 33 82 21
27 8 61 108 66 17 38 40
61 77 17 83 18 72 40 38
84 103 77 39 32 93 24 43
14 35 37 40 4 120 8 5
14 35 37 106 120 96 48 58
107 67 95 25 40 45 92 11
21 50 55 27 8 82 56 4
5 36 37 119 40 93 8 69
38 43 36 8 5 93 37 39
8 38 126 36 4 43 5 40
113 18 43 77 9 4 119 93
38 84 39 113 93 9 43 119
38 113 9 93 0 43 119 8
38 43 8 9 93 119 70 39
95 8 38 45 68 107 11 14
45 50 68 105 14 3 81 101
42 14 40 55 5 101 3 16
96 93 42 9 120 14 113 123
113 66 40 45 37 23 13 38
55 8 69 105 40 66 37 42
69 36 5 93 39 119 8 37
36 126 8 100 4 40 13 25
113 18 9 77 83 119 72 43
113 39 9 119 43 93 84 8
113 9 119 43 93 0 36 18
43 39 9 113 79 119 93 10
9 43 0 17 8 126 113 110
45 95 18 107 68 100 8 11
21 56 55 8 50 15 64 51
84 127 8 39 119 21 43 93
66 8 61 108 27 127 82 40
61 66 17 77 108 8 40 63
18 33 8 108 77 63 32 127
33 68 8 100 11 107 18 4
101 42 55 68 8 3 37 67
42 67 101 33 82 127 100 40
27 56 61 8 55 42 67 93
27 56 8 61 38 17 93 55
61 77 38 17 83 18 72 94
27 17 61 126 9 93 8 79
77 32 2 61 46 9 18 8
67 9 39 93 8 38 24 32
95 107 8 38 46 11 67 110
21 8 27 55 50 56 36 82
21 84 36 8 82 15 57 60
21 27 110 36 108 8 82 61
57 27 36 8 108 21 66 82
57 61 108 27 17 36 9 82
57 77 2 32 61 46 36 18
57 67 39 38 77 32 9 119
57 126 61 46 67 95 9 38
126 57 46 9 113 63 41 67
84 69 57 8 126 32 79 82
18 39 9 84 113 57 79 32
57 107 95 11 46 36 100 15
107 57 84 103 36 100 50 15
107 27 61 17 108 66 8 40
77 61 113 41 18 83 103 117
69 84 77 113 18 93 41 9
39 9 125 84 113 73 93 119
107 11 95 57 50 45 100 8
50 11 27 8 21 36 57 82
36 42 21 107 57 100 11 41
27 61 36 21 42 107 82 37
61 77 113 103 46 83 41 72
46 103 32 84 77 113 100 87
67 32 39 9 113 84 22 46
126 61 67 46 32 113 17 38
103 9 113 69 2 43 120 39
95 11 46 61 23 113 9 15
27 61 17 9 126 40 41 77
95 67 79 18 46 100 25 40
2 9 39 113 96 123 67 120
66 105 9 13 35 40 23 113
35 9 13 22 23 37 48 53
107 67 79 82 95 100 50 8
82 50 8 21 107 55 79 56
21 82 50 84 27 8 33 55
82 61 63 27 127 108 8 33
27 82 61 108 126 33 8 63
41 33 77 63 82 127 15 18
84 41 39 33 82 8 103 15
63 126 33 82 23 39 8 61
82 63 126 41 33 92 15 127
126 63 11 41 8 33 82 32
8 33 107 68 82 11 63 79
55 8 21 56 33 42 82 101
42 21 100 30 82 33 67 11
42 21 100 30 82 8 33 61
84 42 39 36 8 21 40 82
27 8 61 108 17 66 93 38
61 77 17 18 83 40 38 41
38 84 39 93 77 32 103 28
39 8 40 93 121 5 32 89
95 11 107 40 61 45 38 8
21 8 50 82 110 107 42 127
21 42 4 92 82 30 127 58
84 21 39 42 37 40 82 127
38 39 113 89 9 28 58 77
38 66 108 113 40 18 4 107
42 14 38 5 35 37 40 106
35 42 37 48 103 58 31 14
67 30 48 100 37 28 125 35
27 8 61 17 110 93 98 5
77 113 23 18 83 41 94 46
93 113 79 77 8 84 5 69
113 93 46 79 10 8 24 36
113 95 46 93 8 11 62 45
113 93 2 8 46 0 31 62
113 95 0 45 46 38 23 119
113 46 0 39 79 62 10 25
113 108 79 0 66 110 46 43
113 108 18 30 79 46 36 66
17 46 0 108 93 113 79 8
126 46 18 113 17 79 0 93
126 18 17 27 8 61 46 79
36 32 69 77 18 8 43 79
36 14 8 100 69 32 79 57
36 32 14 69 57 100 79 2
36 69 32 100 8 57 2 49
36 39 32 57 18 10 93 25
36 95 32 11 45 46 57 38
36 32 18 25 57 10 126 62
43 36 15 46 32 18 62 25
43 84 39 32 62 36 15 24
107 95 68 45 8 57 110 11
68 101 19 52 29 51 88 104
67 52 101 127 42 82 104 26
52 67 104 101 42 88 28 92
55 101 8 56 16 33 14 93
8 33 56 55 93 101 39 61
33 42 41 4 82 11 14 15
33 68 8 42 110 26 41 95
16 81 41 42 127 64 74 92
42 101 3 33 127 28 29 81
31 106 38 37 93 35 5 120
68 5 37 53 25 78 113 40
101 8 16 37 3 19 82 105
101 3 50 8 55 42 19 67
101 42 55 35 82 127 40 48
101 14 42 96 106 31 48 120
66 92 113 40 58 37 67 81
66 40 82 108 67 81 92 8
66 113 40 82 108 81 92 67
14 35 42 48 5 113 28 105
65 103 35 48 30 22 37 41
67 22 100 85 41 40 52 7
126 67 100 82 4 11 40 8
84 103 21 4 81 82 100 66
84 66 108 4 82 21 100 40
66 4 108 82 100 30 42 113
84 82 69 113 100 108 36 37
39 113 10 40 93 119 36 82
113 126 10 0 40 43 25 62
15 43 113 119 41 37 83 12
84 15 43 39 40 93 5 24
107 95 68 45 11 57 50 82
68 52 101 82 19 50 51 37
82 67 50 42 28 52 101 26
42 55 67 52 82 127 14 101
35 93 14 96 5 55 37 48
5 35 37 92 53 78 67 14
5 37 42 35 92 78 93 48
96 37 106 5 42 48 31 35
5 124 37 100 53 106 92 25
36 120 37 31 58 106 93 105
37 92 102 58 117 5 53 83
79 61 27 108 40 17 4 126
14 96 93 120 102 106 5 79
93 79 82 51 92 102 124 58
93 80 79 56 24 58 96 15
93 79 80 108 78 96 10 110
126 40 79 61 4 46 81 93
35 79 103 69 2 37 14 62
79 82 37 35 5 40 66 8
53 65 31 35 25 37 5 67
53 22 37 30 31 35 7 25
22 7 30 103 48 53 37 67
107 8 68 79 95 82 33 50
55 21 8 82 50 56 33 27
42 21 100 33 82 11 30 8
42 21 8 33 82 100 61 5
42 33 27 21 84 8 82 100
63 42 61 27 33 8 82 21
33 27 42 61 82 127 8 63
77 127 33 4 41 63 82 94
84 39 127 33 8 4 82 43
63 126 33 40 23 8 39 82
63 82 41 126 33 92 127 67
126 63 11 8 32 33 41 127
11 33 63 8 107 127 41 32
21 55 127 56 41 50 82 42
84 39 21 40 127 8 119 24
66 93 61 46 27 37 17 5
27 8 108 93 61 66 5 17
46 77 61 18 40 83 37 103
84 46 103 39 5 77 69 93
38 4 13 89 39 8 40 5
38 4 13 89 40 126 46 32
107 8 82 79 68 95 33 67
55 8 21 82 56 33 50 101
42 21 100 82 33 30 11 67
42 21 8 27 82 63 33 61
21 42 27 82 33 8 61 100
127 77 82 21 63 33 42 4
84 127 39 82 8 33 43 4
107 11 82 33 8 95 127 63
21 82 107 127 56 55 50 8
84 21 39 82 40 24 127 36
66 27 108 8 40 17 82 61
69 2 18 40 77 37 61 93
69 36 93 8 5 24 37 39
36 35 14 62 37 113 31 93
25 95 67 36 113 61 62 40
27 17 25 93 61 40 37 126
69 2 77 37 18 93 104 113
69 93 24 8 2 5 36 37
100 95 45 36 107 11 40 4
21 50 56 100 55 37 82 51
63 38 8 84 33 21 82 40
38 33 63 108 32 82 66 127
33 42 8 68 38 107 63 127
42 101 19 68 3 55 8 37
42 67 101 82 33 92 63 104
27 61 8 56 42 67 17 55
69 77 2 61 40 5 18 93
69 5 40 8 18 77 93 12
69 24 5 39 49 93 8 40
35 5 36 120 37 14 93 106
68 25 40 67 8 95 92 37
37 101 52 68 3 50 86 29
46 79 95 107 67 25 66 11
107 66 25 35 53 100 67 79
53 35 31 37 93 25 79 67
22 35 67 30 37 79 106 25
67 22 79 25 46 48 45 62
67 46 79 25 95 22 62 100
79 82 100 48 14 92 62 36
103 67 22 35 37 53 30 48
22 67 35 37 79 7 103 29
107 17 79 46 67 108 66 110
69 2 18 79 77 46 62 25
14 69 79 2 82 100 62 18
14 69 22 79 93 35 103 62
22 69 67 79 2 24 8 62
67 39 79 22 24 13 62 93
79 110 39 95 62 67 46 18
108 17 27 79 8 66 62 93
32 77 18 61 108 69 79 126
32 39 36 38 2 18 103 43
32 38 126 63 36 13 8 18
43 14 35 79 69 82 62 15
43 35 103 69 14 48 15 67
126 100 67 32 30 25 43 36
100 79 67 82 36 92 15 22
103 36 22 43 100 67 30 79
126 32 67 11 22 108 107 100
126 32 30 11 36 67 10 57
107 95 45 8 67 11 100 79
8 50 55 21 82 27 63 33
42 21 8 50 82 33 63 11
36 82 21 11 42 79 63 33
36 27 82 21 42 79 11 57
53 35 31 37 93 79 67 25
22 35 67 30 37 79 106 7
67 79 22 25 46 48 62 45
67 46 79 25 95 22 62 100
79 82 14 100 48 92 36 37
103 67 22 35 53 37 48 30
22 67 35 79 37 7 103 29
107 17 46 79 108 67 66 110
69 2 18 79 77 46 62 17
69 39 2 24 79 93 77 62
39 79 110 4 36 18 46 62
108 79 8 36 66 17 93 27
32 18 77 79 36 93 62 108
32 36 39 93 38 8 2 79
32 38 126 36 13 8 63 93
43 14 35 79 22 82 62 69
43 103 35 69 14 48 93 15
100 126 67 79 25 30 22 43
67 79 82 100 92 22 36 15
36 103 22 93 43 48 79 100
126 67 32 11 22 79 107 36
126 30 32 11 36 67 57 22
107 95 11 45 100 67 57 79
8 107 3 50 68 82 79 19
21 55 8 56 82 101 3 50
84 8 21 127 33 82 79 39
66 84 8 126 33 82 127 15
33 66 107 4 82 8 42 84
42 35 14 37 82 48 5 106
35 37 66 67 5 53 58 105
82 92 15 48 37 74 88 67
53 65 37 35 67 25 31 30
84 103 79 4 40 61 93 108
126 61 79 40 4 8 108 93
35 79 69 2 14 103 37 40
79 82 37 35 8 40 5 66
53 35 65 31 25 67 37 93
7 22 53 48 35 99 75 30
7 30 48 35 22 71 34 37
107 34 79 82 67 95 8 40
50 21 82 107 55 8 79 127
21 84 50 82 8 27 127 33
82 61 27 63 127 108 33 8
27 82 61 33 126 108 8 127
33 41 77 63 82 127 8 15
84 39 41 33 127 82 103 15
63 126 33 82 23 39 8 61
82 63 126 33 41 92 127 15
126 63 11 41 8 33 32 82
8 33 107 68 11 82 63 79
55 8 21 56 33 101 82 27
42 21 100 33 30 82 11 67
42 21 100 30 33 8 82 61
84 127 39 42 8 33 21 82
66 61 23 17 46 89 27 8
27 8 108 61 66 17 93 83
46 77 61 18 83 40 37 17
84 46 103 39 77 5 69 8
38 4 13 89 8 39 40 93
38 4 13 89 40 46 126 32
43 35 37 14 93 103 106 62
43 95 46 4 67 92 25 38
35 37 14 100 92 53 106 48
37 35 36 5 25 29 48 8
101 19 8 114 60 55 68 16
55 56 101 8 36 82 2 93
8 56 4 93 17 23 40 89
8 68 4 33 95 82 40 23
8 101 16 68 127 19 37 55
8 37 19 93 124 114 101 5
19 8 5 127 37 68 86 65
5 55 19 101 114 37 36 93
93 96 120 123 106 5 14 36
93 79 36 58 48 51 62 122
93 80 79 56 16 96 62 58
93 80 79 10 78 16 83 110
93 31 58 37 48 100 106 120
93 37 5 31 58 92 124 120
93 92 3 53 5 78 67 37
36 93 37 5 31 53 25 105
93 36 3 37 105 5 48 65
93 36 5 37 96 92 19 123
93 36 37 68 19 105 5 86
19 93 37 16 117 118 74 81
93 55 120 35 37 3 48 96
5 92 37 58 120 118 93 25
5 92 78 102 37 93 96 48
31 37 93 106 5 58 36 92
5 37 78 58 25 31 48 53
5 93 53 37 3 102 78 65
5 53 65 37 102 48 92 117
31 37 5 93 106 48 92 58
31 93 37 5 120 58 48 106
67 22 37 106 5 93 53 35
22 29 67 53 37 25 92 5
53 28 5 37 22 105 48 25
67 68 48 22 85 53 45 100
101 105 48 3 37 67 29 68
67 48 101 42 37 82 25 50
35 67 37 106 5 96 120 42
67 92 37 58 105 25 29 5
42 5 37 67 92 48 78 25
42 37 5 48 35 106 31 93
67 48 68 5 100 37 25 85
105 48 101 122 29 37 67 3
67 48 37 101 29 104 81 85
56 42 55 67 82 21 101 37
103 35 14 36 92 31 48 42
37 92 25 5 29 117 53 94
15 65 92 37 48 25 53 67
31 106 15 35 103 58 37 53
65 53 58 37 99 15 29 5
65 53 30 58 15 22 103 31
15 22 67 25 53 41 125 37
53 37 15 35 105 25 67 3
53 37 5 25 35 104 48 65
31 37 35 93 5 48 113 106
31 22 103 35 37 106 29 48
67 22 25 85 37 53 15 104
53 67 37 105 22 85 100 25
48 92 104 82 67 15 16 34
53 103 67 37 25 48 22 35
107 67 53 100 26 25 37 104
100 82 37 48 35 55 67 107
53 31 100 30 35 25 37 58
67 53 30 100 25 104 22 48
85 67 48 92 34 30 104 22
30 53 31 103 37 48 35 29
34 48 67 81 22 92 26 100
107 8 68 67 95 34 26 81
21 55 56 127 84 8 50 52
30 21 66 94 127 92 72 104
30 27 66 8 21 108 61 33
27 61 8 17 108 93 82 126
77 113 41 104 83 94 18 72
79 93 84 113 103 8 14 62
79 113 93 25 62 18 119 0
43 113 41 79 119 46 83 12
14 43 8 79 69 113 100 40
14 43 93 69 79 3 101 100
43 69 14 93 79 3 96 56
10 93 100 79 41 14 67 36
49 118 93 67 83 14 41 80
49 10 67 30 57 62 16 22
49 10 93 43 57 67 24 100
10 43 46 24 39 79 49 67
95 43 79 46 11 4 66 45
95 107 68 8 79 11 45 33
55 21 8 56 2 82 1 4
14 92 69 67 21 8 100 66
14 69 93 2 55 48 96 24
49 118 14 69 92 83 80 93
49 10 30 69 80 67 71 16
49 10 69 67 24 32 57 48
100 66 11 14 69 4 10 48
39 10 67 49 46 24 32 3
66 95 4 107 62 46 108 38
4 66 108 17 8 40 62 93
4 18 66 126 8 108 62 40
4 69 18 126 42 62 25 49
82 21 27 84 42 50 55 127
82 27 61 33 108 110 21 127
82 110 27 61 33 127 126 108
82 27 33 110 126 115 61 8
77 82 33 4 127 79 63 0
84 39 82 127 33 79 4 77
63 82 126 33 23 79 39 8
82 33 63 92 126 127 41 79
126 11 82 63 8 33 32 79
8 33 107 68 82 11 19 50
55 21 8 82 56 33 101 27
42 21 100 82 30 33 11 67
42 21 100 30 82 33 8 67
84 127 39 42 8 82 33 21
27 8 17 66 108 61 40 127
14 40 2 77 18 8 4 35
14 106 120 96 93 35 5 31
40 92 81 5 113 67 25 4
126 40 4 61 100 108 25 95
69 126 4 40 25 81 92 5
69 5 8 40 39 25 24 78
126 8 40 17 36 4 37 61
126 27 18 40 8 4 37 42
14 42 35 40 18 69 8 37
65 103 30 40 35 69 48 36
67 107 40 100 45 95 11 50
27 50 11 8 21 107 82 40
84 42 21 103 82 40 127 61
27 61 108 8 17 82 5 40
126 61 27 63 41 17 18 38
103 35 14 69 37 58 31 106
53 35 82 31 8 40 67 66
49 93 10 56 24 67 100 48
93 10 46 24 18 56 62 58
93 4 40 95 8 66 82 107
4 82 50 81 40 95 66 11
21 81 4 66 82 50 127 92
84 127 21 39 82 40 8 37
66 84 126 8 33 127 82 40
66 33 108 4 82 84 107 127
14 42 4 82 127 37 8 35
14 48 122 35 106 96 16 37
7 48 99 71 16 75 34 76
34 71 48 7 111 75 76 93
34 48 111 75 71 7 76 64
34 4 67 81 100 107 82 48
50 82 8 84 21 107 55 127
27 82 8 21 50 66 110 108
82 27 21 127 81 110 66 92
82 27 61 8 110 33 108 17
27 82 110 8 33 61 108 77
82 27 79 8 39 77 33 61
79 4 82 33 100 113 8 14
79 84 39 82 43 33 127 40
79 108 33 82 4 0 113 40
79 126 11 33 82 108 4 61
126 61 63 27 79 8 17 82
126 63 61 27 41 82 17 79
41 63 77 103 126 18 46 61
84 39 41 63 103 32 15 82
8 107 33 82 95 79 68 110
8 55 21 82 33 56 50 27
42 21 100 30 33 82 11 107
42 8 82 33 21 100 61 127
7 48 99 71 75 14 16 29
48 34 7 75 71 29 111 16
34 48 75 111 7 71 122 16
34 48 16 71 111 7 75 29
34 107 67 82 100 79 95 92
50 82 21 107 8 55 79 56
21 50 82 84 8 27 107 81
82 61 27 127 63 108 33 8
82 27 61 126 108 33 63 127
41 33 77 82 63 127 15 18
84 41 39 33 82 127 103 15
63 126 33 82 23 39 8 61
82 33 126 63 41 92 15 127
126 63 11 8 82 41 33 32
33 8 107 68 82 11 79 63
55 21 8 56 33 82 101 42
42 21 100 30 33 82 67 11
42 21 100 82 30 33 8 67
84 42 39 8 21 82 36 40
27 8 17 66 108 61 40 42
69 2 77 40 61 18 5 93
69 8 5 40 39 93 2 24
8 4 126 40 5 18 93 61
93 14 120 96 37 5 58 106
126 40 5 92 61 18 81 93
14 8 5 40 42 69 37 102
35 37 42 31 5 14 106 103
67 100 40 37 102 53 35 5
27 11 8 40 67 50 100 127
21 42 107 127 11 81 100 50
84 42 21 40 127 103 36 37
27 61 108 8 17 5 40 42
11 79 95 82 33 61 0 4
79 82 27 33 61 0 39 100
79 27 82 8 110 39 33 61
79 33 17 82 27 8 110 43
79 103 33 84 82 0 17 43
79 8 68 82 107 33 95 11
8 19 82 101 55 60 79 68
8 56 55 101 33 82 110 19
33 8 110 21 82 55 27 17
33 84 82 8 103 77 43 60
33 8 84 110 39 103 82 77
33 107 110 11 8 23 15 4
107 8 33 84 82 127 42 60
107 8 110 33 27 82 42 60
94 30 71 27 51 72 122 7
27 8 61 17 110 42 33 82
77 113 41 94 103 14 18 72
79 8 69 93 77 113 62 14
10 79 39 125 24 93 41 8
126 79 46 93 95 10 8 62
69 15 126 43 8 90 93 62
15 69 8 36 32 43 126 100
15 39 18 8 43 36 24 69
8 35 36 15 14 66 4 43
35 14 36 3 15 43 31 93
92 15 25 66 45 43 35 67
8 92 3 82 4 66 25 79
126 8 25 46 79 93 15 110
21 84 36 15 42 46 72 83
108 36 21 66 15 42 100 46
14 100 108 36 2 18 66 119
36 108 2 11 57 18 100 15
79 10 93 113 8 0 36 90
43 79 93 46 38 39 32 8
46 38 8 32 126 79 93 43
46 2 79 32 21 43 87 36
39 67 32 79 93 2 62 63
108 66 67 46 32 38 79 62
32 108 14 69 46 93 2 79
38 69 108 14 2 32 83 100
38 108 100 83 4 41 46 62
43 103 46 36 100 32 41 18
103 46 43 41 32 126 15 100
46 95 11 107 32 100 45 57
50 8 82 11 63 126 79 107
50 8 107 11 42 79 82 100
79 50 8 21 82 11 56 100
21 36 82 79 32 42 55 8
36 39 84 79 32 63 48 24
36 66 108 32 82 79 8 4
66 36 108 32 57 11 27 82
36 57 108 66 32 18 4 30
57 108 36 17 32 110 61 63
57 18 32 126 11 36 108 40
126 57 18 36 32 67 11 17
15 69 36 57 126 100 67 30
15 36 46 69 32 57 43 39
8 107 95 50 68 79 82 110
8 21 82 50 55 33 56 101
21 42 82 4 8 92 33 127
84 127 82 21 8 39 33 4
66 27 108 33 8 82 17 127
27 18 11 33 127 126 8 82
27 8 61 17 126 42 5 40
113 93 39 8 41 79 119 36
113 93 10 36 41 79 119 0
43 93 46 38 79 32 39 36
46 38 43 32 113 93 79 39
108 46 43 113 32 38 110 79
46 108 36 113 18 93 30 79
46 17 93 108 8 79 32 36
18 79 4 8 126 46 82 11
18 126 46 8 110 79 93 11
21 2 84 46 36 42 100 32
39 67 63 32 2 93 69 125
108 66 67 36 32 4 22 63
67 66 108 4 30 36 100 42
36 69 108 84 93 4 32 8
108 4 41 100 93 18 46 10
41 103 43 49 46 100 80 15
103 43 32 46 41 100 84 18
107 8 95 100 68 45 50 79
55 21 8 56 27 50 82 101
18 2 39 8 21 77 69 36
18 8 33 37 107 42 127 110
127 42 35 55 82 8 5 48
38 96 48 42 37 55 106 120
38 35 5 105 37 58 42 48
5 38 48 106 93 42 37 3
48 106 42 96 16 14 122 74
92 48 29 51 105 122 53 16
48 92 29 31 105 75 14 81
48 106 123 29 96 92 74 105
92 48 29 51 117 75 105 111
92 48 29 75 51 81 105 76
48 92 123 29 106 16 96 103
79 39 113 93 10 119 8 36
79 10 113 0 93 41 36 8
43 79 93 46 39 38 32 8
46 38 79 32 126 8 93 39
79 46 2 21 84 32 43 36
39 79 32 67 63 8 2 125
108 66 67 32 79 36 4 46
108 66 67 4 36 30 79 113
108 69 84 36 79 93 4 8
108 4 41 100 93 79 46 8
43 103 46 32 41 100 69 36
100 107 95 45 46 8 11 110
8 50 21 16 55 27 82 56
42 21 50 33 82 8 16 4
42 63 21 50 82 33 55 8
42 50 33 11 21 100 82 8
21 50 42 33 8 82 100 27
21 42 36 82 32 8 4 55
36 32 46 39 84 21 79 93
36 66 108 32 46 8 82 87
36 46 108 32 8 17 66 27
46 36 32 18 108 27 42 87
32 18 46 69 2 36 43 87
32 39 67 43 63 46 24 69
32 126 46 67 39 38 4 62
21 32 46 36 84 2 87 79
100 108 66 67 36 30 32 46
100 67 108 66 36 30 4 42
84 108 36 100 69 32 4 43
108 100 41 4 46 18 67 25
43 41 103 100 46 49 80 15
103 43 46 32 100 84 41 36
79 39 113 93 10 119 8 36
79 113 10 93 0 41 36 8
43 79 93 46 38 39 32 36
46 79 32 126 110 43 8 10
46 100 126 8 39 32 79 18
36 79 32 21 46 8 113 43
36 84 46 79 32 39 43 119
46 36 32 108 8 66 17 79
46 32 36 18 108 42 79 126
32 18 46 69 2 43 36 87
32 39 67 43 46 79 63 69
32 46 39 67 38 79 126 43
108 46 38 66 67 32 4 18
32 14 69 108 46 2 38 66
38 69 108 14 32 2 83 100
38 108 100 4 83 41 46 18
103 43 46 36 41 32 100 18
103 43 46 41 32 126 15 100
107 95 46 45 8 11 100 110
8 21 50 82 57 107 110 11
21 8 27 33 42 63 82 50
42 21 8 33 57 82 50 107
79 21 42 33 82 8 57 50
79 21 33 82 27 57 8 110
79 4 21 33 57 82 72 127
79 84 39 127 8 82 33 43
79 8 108 17 61 33 23 66
33 79 61 84 4 77 17 103
33 79 8 107 68 11 57 110
8 55 21 27 82 56 33 19
21 55 8 27 82 61 33 56
21 127 82 77 18 33 63 4
79 39 113 93 10 119 8 36
79 10 113 93 0 41 36 8
43 79 93 46 39 38 32 8
46 38 79 8 32 126 93 39
46 79 2 32 21 43 87 36
39 79 67 32 93 63 2 62
108 66 67 46 32 79 38 22
108 32 14 79 69 2 46 93
38 69 108 14 2 32 83 41
38 108 100 83 4 41 46 62
43 103 46 100 36 32 41 18
103 46 43 41 32 126 15 100
107 95 46 45 11 110 8 100
50 8 21 16 27 55 82 56
8 42 50 33 68 82 16 21
8 21 82 50 55 33 101 42
21 42 82 4 8 92 33 127
84 127 21 82 8 39 33 4
27 8 66 108 61 127 82 4
69 2 4 18 127 61 77 8
69 5 24 2 14 102 93 8
126 110 4 40 95 8 5 82
126 110 17 8 27 18 61 40
77 41 61 18 113 46 0 43
38 39 84 63 77 32 93 103
95 107 11 4 38 45 63 110
21 50 55 82 8 127 27 56
21 50 82 27 84 55 127 8
27 21 61 63 33 8 82 127
27 61 33 126 8 63 82 108
41 77 63 33 15 18 103 72
33 84 8 39 69 41 4 127
50 82 107 8 21 56 79 55
21 82 50 84 27 8 107 66
82 61 63 108 27 21 33 126
82 27 61 33 108 127 8 126
41 82 33 77 63 127 103 61
84 41 82 39 127 33 103 15
63 82 126 33 23 39 8 61
82 63 33 41 126 92 15 127
126 63 11 82 41 32 8 33
8 33 107 82 11 68 79 95
21 8 55 82 56 101 33 19
84 21 82 39 8 36 93 127
66 108 82 4 33 8 42 84
4 108 8 17 66 82 40 93
93 18 96 14 120 102 77 5
93 58 10 14 78 56 113 79
43 93 36 79 15 2 32 57
93 36 46 13 43 38 89 118
93 4 40 18 8 95 38 105
4 8 40 81 82 11 50 18
84 66 81 103 4 127 21 40
27 40 66 108 8 17 93 82
69 2 18 40 77 37 93 36
69 36 8 5 39 37 93 2
69 36 18 32 40 5 77 37
43 38 39 93 37 32 5 8
95 107 45 38 11 4 40 8
21 50 56 82 41 127 55 8
84 127 39 82 8 21 40 4
27 8 66 17 61 108 40 127
69 2 77 18 40 61 5 14
69 5 93 2 24 14 102 8
84 8 21 39 36 93 119 82
66 4 108 33 82 8 127 83
66 68 8 42 33 127 4 14
55 101 5 114 42 37 93 3
93 96 120 123 92 5 114 36
93 10 79 90 36 125 58 78
31 93 58 106 120 5 37 123
93 37 5 31 29 58 102 92
93 3 92 29 53 5 13 37
36 31 93 92 15 29 105 37
31 93 123 36 120 37 103 35
58 37 93 92 51 86 31 99
58 92 93 29 53 99 5 25
36 31 92 37 105 29 58 15
31 93 123 120 37 113 36 58
92 58 29 37 99 51 31 76
92 29 58 99 25 13 53 3
36 37 93 25 105 31 5 29
93 3 36 65 37 105 51 86
93 36 37 5 14 103 53 92
68 93 37 36 105 25 86 127
16 19 37 81 93 74 117 13
93 117 89 105 5 3 16 51
37 93 35 5 103 48 102 120
5 25 29 93 37 92 58 13
37 14 5 92 105 16 94 65
53 103 37 29 25 30 35 3
53 22 85 37 67 5 100 25
37 5 65 106 53 31 67 100
37 5 31 96 106 14 93 102
31 106 37 103 35 58 113 5
37 29 31 53 92 113 15 13
37 35 92 53 58 48 113 3
92 79 14 48 81 83 104 74
53 37 48 58 35 103 75 29
107 8 68 67 100 95 79 33
21 55 56 8 127 104 51 82
84 21 8 39 36 119 127 86
66 108 4 127 33 82 8 81
8 108 4 40 66 17 127 86
4 18 8 127 40 126 108 66
4 18 127 8 68 14 42 33
8 127 68 16 101 37 14 60
8 37 19 93 101 124 114 5
19 8 5 127 37 86 68 65
5 55 19 101 36 114 37 93
93 96 120 123 5 36 102 92
93 10 90 79 125 36 78 58
31 93 58 106 120 90 5 48
93 37 5 29 58 31 102 92
93 3 92 53 29 5 13 25
36 93 31 92 5 15 37 53
31 93 123 36 120 37 103 35
58 93 37 92 51 5 99 29
92 58 93 53 29 5 99 3
36 31 92 93 37 29 15 58
31 93 123 120 113 36 37 35
58 92 29 37 99 51 93 31
92 29 58 25 53 99 13 3
36 93 37 25 5 105 31 53
93 36 3 65 37 51 105 5
93 36 5 37 14 103 53 92
93 36 68 37 105 25 53 86
16 19 13 93 117 74 118 37
82 50 21 55 107 8 79 56
21 82 50 84 27 8 33 55
82 61 27 33 108 8 21 127
82 33 27 11 126 127 42 8
27 61 8 126 82 42 33 17
27 126 8 61 41 33 82 17
41 77 33 18 103 82 61 8
84 41 39 103 8 127 82 33
63 126 33 82 8 23 39 61
82 63 126 33 41 92 61 127
126 11 32 8 63 41 33 82
8 33 107 68 11 82 95 63
55 21 8 33 56 101 42 3
42 21 100 30 33 82 67 11
42 21 100 30 33 82 8 67
84 42 39 36 8 21 40 24
66 27 108 17 8 42 61 40
27 18 126 40 108 8 61 4
14 2 35 69 96 106 93 5
35 53 92 5 14 37 40 42
37 93 102 92 35 5 14 53
31 35 106 113 37 103 93 102
31 37 113 29 53 92 15 25
31 103 53 37 35 113 5 123
113 25 31 37 45 15 92 29
53 25 113 5 105 37 3 67
14 82 37 48 92 3 16 35
103 53 37 35 30 3 25 29
67 107 45 100 50 95 25 11
21 50 8 107 82 100 67 56
21 42 14 37 82 35 92 2
31 113 35 5 37 102 83 93
107 8 82 61 21 55 27 40
107 8 82 27 84 21 66 60
8 27 63 61 33 21 5 37
27 8 126 61 33 63 108 17
41 77 63 18 33 15 103 72
84 41 39 8 33 103 15 127
63 126 8 33 23 39 89 40
41 126 63 82 92 8 33 15
126 63 8 11 41 32 33 15
33 107 8 68 11 63 41 95
8 19 101 55 68 60 82 16
55 8 56 101 36 2 82 5
8 33 4 23 56 32 89 40
68 33 8 4 95 23 38 60
21 56 55 8 127 64 23 51
84 39 8 21 40 93 43 127
27 8 66 61 110 93 17 108
27 61 110 66 93 8 126 40
27 46 8 93 61 17 126 77
32 46 77 61 8 36 93 126
32 46 30 77 8 38 57 103
32 39 38 46 93 63 37 8
32 38 46 126 63 62 93 57
69 15 126 43 46 32 14 8
126 46 11 39 32 8 15 4
126 46 11 110 15 4 39 57
66 8 61 17 15 2 14 46
110 27 17 8 108 10 126 57
103 113 0 77 46 83 57 18
113 0 103 57 32 84 46 43
113 32 10 39 46 57 43 103
126 0 113 110 95 46 11 17
14 8 40 127 18 35 89 113
38 14 96 37 5 35 120 31
5 38 35 113 37 66 53 58
5 38 106 37 42 14 31 3
48 16 42 106 96 14 101 35
92 48 53 67 29 51 26 122
92 48 29 31 14 3 53 81
106 123 48 96 92 16 35 14
92 48 29 45 51 105 122 25
92 29 48 75 118 81 104 51
48 103 92 123 96 106 105 3
92 29 26 81 67 53 48 25
107 95 8 40 67 15 25 26
107 8 82 21 61 4 55 27
107 8 27 66 82 21 84 127
8 27 61 63 33 21 37 5
27 8 126 61 33 63 108 77
41 77 63 33 15 18 103 72
33 8 39 41 63 84 15 32
33 63 8 115 15 0 4 126
43 23 80 15 33 4 119 8
43 84 8 39 23 127 33 15
33 107 8 68 95 110 82 11
8 19 101 55 68 82 33 60
33 8 55 56 82 101 32 2
33 8 38 56 39 10 32 4
33 8 38 68 95 110 4 19
33 8 42 101 38 68 3 4
56 42 21 55 8 4 101 51
84 39 8 21 40 119 36 43
66 27 8 61 108 4 17 40
2 69 8 40 14 32 98 5
84 69 43 41 100 8 113 32
91 100 113 41 63 0 119 8
43 41 32 46 69 18 100 15
100 95 107 45 110 8 46 57
8 21 55 50 82 4 56 107
8 21 50 84 55 82 127 4
8 21 27 33 63 61 82 17
8 27 33 126 61 21 63 17
41 33 77 63 15 18 72 46
84 8 41 39 33 127 15 103
126 8 33 61 63 95 41 110
126 41 127 63 33 4 18 46
84 69 8 39 127 33 43 37
14 127 40 8 5 18 89 4
38 14 96 37 5 120 24 31
38 5 66 37 35 53 113 42
5 38 106 37 42 14 3 31
106 42 48 96 14 16 35 122
92 48 53 29 67 51 25 37
92 48 14 31 100 53 29 81
48 103 92 123 16 106 14 29
67 92 26 53 25 81 29 48
107 8 68 95 67 33 100 82
8 101 19 55 68 82 60 16
33 8 56 55 32 101 82 2
33 63 32 8 38 56 10 39
33 8 38 68 110 32 63 107
42 68 19 101 33 8 38 122
42 67 33 101 127 104 82 92
42 67 101 52 19 105 85 8
56 8 2 55 33 101 32 61
33 56 8 40 2 39 115 46
43 69 79 93 8 10 62 100
93 10 79 46 100 43 36 32
32 18 46 79 103 36 62 10
18 46 49 103 10 43 24 79
95 107 45 8 110 11 46 113
8 50 21 16 55 27 56 82
42 21 50 33 82 16 8 4
42 79 82 21 33 50 8 55
79 82 21 33 42 4 108 8
79 4 82 2 33 69 108 8
79 69 24 14 2 93 62 100
79 32 18 14 46 62 36 100
79 32 46 49 103 18 24 39
79 4 84 126 33 82 95 66
79 4 33 107 50 95 8 11
79 82 21 50 55 8 33 56
21 127 82 4 69 55 33 8
127 84 82 69 39 8 4 60
127 107 82 4 11 8 33 110
107 127 84 82 4 66 33 21
107 4 108 82 63 127 33 27
4 107 27 127 33 82 8 21
4 84 82 38 127 21 8 33
4 108 84 82 8 66 42 63
108 27 17 61 8 42 82 40
27 126 61 77 8 82 108 40
79 57 46 36 21 77 15 92
84 38 39 79 8 93 32 119
46 17 108 32 61 79 8 62
32 46 126 17 18 108 11 61
69 15 126 46 18 32 100 103
32 15 69 126 8 18 36 46
10 43 93 79 125 24 49 90
93 126 79 8 39 43 46 62
113 79 46 21 43 15 41 90
84 38 39 8 79 32 43 93
46 108 17 32 8 61 66 62
32 46 126 17 18 108 11 61
69 15 126 46 18 32 100 103
32 15 69 8 126 18 46 36
32 15 8 39 10 46 18 126
107 95 8 45 110 11 50 46
8 21 55 50 82 27 33 63
42 21 8 50 82 33 63 11
21 82 42 79 8 127 33 55
21 82 42 127 8 27 33 79
127 4 82 21 18 119 8 46
127 84 82 8 39 4 69 79
127 107 82 4 8 11 33 66
79 107 8 82 42 21 127 33
79 4 108 8 82 21 107 66
79 82 4 100 107 113 33 42
79 33 39 84 4 93 82 8
79 33 84 126 4 0 8 82
79 33 8 107 68 82 50 11
8 55 21 27 82 56 19 101
21 55 8 27 82 61 56 33
21 127 82 77 18 63 4 15
84 127 39 8 82 33 4 43
8 107 127 82 4 33 63 60
56 8 82 55 127 21 42 107
21 55 8 36 42 82 32 56
36 32 69 100 14 8 21 17
18 41 39 36 125 32 8 67
43 69 79 93 8 10 62 100
10 79 93 43 41 36 125 49
10 43 79 93 24 125 49 39
43 79 46 93 39 49 10 62
66 46 17 61 79 93 32 108
108 93 8 46 17 79 32 61
32 46 126 18 17 11 61 108
32 36 15 126 18 69 8 46
36 11 46 32 126 18 39 15
107 95 11 36 8 110 45 46
8 50 21 16 55 27 56 82
42 21 50 33 16 8 82 4
42 21 82 50 92 4 33 8
84 82 127 39 8 33 21 4
66 8 27 108 82 127 61 4
2 69 8 32 18 82 77 98
18 24 38 8 32 2 46 49
95 38 8 11 82 107 50 45
21 50 82 55 8 33 4 127
21 82 8 50 84 27 33 127
82 61 63 27 108 127 33 8
82 27 61 126 108 33 8 63
33 41 77 63 82 127 15 18
33 84 39 8 82 41 69 127
33 126 8 82 127 61 4 15
14 38 2 35 8 37 69 82
5 38 53 35 66 82 31 37
42 5 37 35 53 93 14 38
48 42 35 37 103 93 106 5
48 75 125 67 81 22 37 100
48 75 103 30 53 31 16 37
48 75 103 22 81 37 52 92
93 96 14 120 123 31 102 5
93 32 18 46 62 56 103 14
93 18 32 46 49 56 103 90
93 66 89 40 23 81 13 58
93 66 8 40 17 27 108 81
69 93 18 2 77 37 40 31
69 8 93 36 39 24 37 5
69 36 93 32 18 5 40 37
38 43 36 8 93 39 5 32
38 126 95 36 8 4 32 61
126 8 36 15 18 93 110 32
8 107 68 95 11 45 18 40
50 101 3 68 37 52 51 86
67 50 127 72 94 104 45 52
84 56 42 8 67 21 55 52
27 8 17 61 40 66 5 108
14 18 77 40 5 35 2 103
14 35 93 103 5 120 58 37
67 22 92 25 29 99 113 37
126 67 25 92 61 100 40 108
126 108 67 25 4 40 5 8
113 18 25 30 67 4 126 108
84 113 69 5 93 8 14 39
113 25 18 126 67 22 5 117
43 35 14 113 15 41 103 40
43 14 38 35 106 103 31 3
113 43 95 25 45 81 38 40
45 81 113 43 4 95 50 25
113 66 4 81 25 108 58 29
42 14 113 18 58 66 22 72
35 22 103 37 14 29 53 58
67 100 22 126 4 85 25 40
55 21 8 56 27 82 50 101
42 21 30 100 107 67 127 72
42 84 100 8 30 21 72 127
42 27 8 66 33 84 108 127
27 61 8 42 17 5 82 33
14 77 5 18 35 40 2 103
14 35 93 5 37 103 120 31
5 35 14 37 67 92 3 31
5 92 53 35 14 37 113 67
31 38 37 106 92 5 117 93
113 31 5 58 37 78 15 38
53 37 35 105 5 31 113 25
92 14 48 88 15 37 76 16
37 48 22 53 75 93 5 35
67 22 45 85 100 15 37 25
67 40 100 95 11 25 61 46
14 35 37 94 104 88 92 41
14 96 35 5 120 37 123 31
113 58 83 41 36 38 103 15
113 58 5 37 92 81 83 3
5 37 14 35 105 93 106 28
65 103 30 58 49 37 93 48
107 68 67 100 45 50 95 8
21 50 27 8 55 56 84 3
21 42 125 127 57 15 30 72
84 21 42 52 72 125 15 57
27 42 84 66 21 127 37 107
27 61 17 40 8 108 37 5
15 77 41 61 40 83 127 18
14 15 69 100 5 84 40 126
15 24 40 5 84 43 69 67
126 61 40 95 15 17 63 41
32 18 46 79 93 103 10 49
18 46 49 10 103 43 24 79
95 107 8 45 110 79 11 46
8 50 21 16 55 27 56 82
42 21 50 33 82 8 16 4
42 79 82 21 33 50 8 55
79 82 21 33 42 4 108 66
79 4 108 33 82 8 115 17
79 18 2 108 32 24 46 77
4 79 18 126 84 33 100 11
79 4 33 107 11 8 95 82
79 50 21 82 56 4 33 8
84 127 39 8 82 33 21 79
27 66 8 108 127 82 61 4
84 4 33 61 82 69 127 8
84 39 33 8 4 40 69 82
33 4 8 82 107 127 110 40
42 35 38 55 14 96 3 37
58 106 31 37 35 103 78 25
66 25 67 37 53 92 58 35
105 53 66 37 3 25 48 35
35 38 53 25 103 14 92 106
103 58 106 31 35 29 37 48
65 58 99 53 48 29 37 78
65 103 30 58 53 99 25 7
67 22 25 26 53 45 105 48
66 67 105 53 25 8 46 82
35 14 18 105 48 113 103 37
103 65 30 35 48 49 75 125
100 53 67 105 48 22 85 30
82 100 48 92 67 14 79 85
30 65 103 53 37 48 75 35
14 38 2 69 37 35 31 8
105 14 66 38 40 35 5 81
31 35 37 48 82 14 58 105
48 67 37 53 100 82 81 31
48 37 53 31 30 35 5 25
48 37 30 52 75 82 67 85
48 75 30 103 31 29 37 53
48 75 34 103 22 81 37 67
48 75 103 16 34 31 53 37
67 107 53 48 82 81 25 26
55 31 50 107 37 96 105 14
93 126 41 77 58 78 102 96
105 14 3 35 82 42 66 37
103 48 35 37 31 122 14 58
48 30 37 67 125 75 100 85
48 30 31 53 37 75 103 58
67 107 25 48 45 26 37 53
67 45 95 11 81 25 82 40
14 96 37 126 63 78 105 106
105 3 35 82 66 37 14 92
103 37 35 31 48 14 122 105
48 37 125 15 67 30 100 85
48 37 30 103 53 58 75 31
107 67 45 82 26 100 25 95
50 8 21 16 82 27 56 55
8 42 50 68 33 82 16 79
8 55 21 82 101 56 33 19
42 21 82 100 33 30 67 11
42 82 8 21 33 61 100 37
42 8 33 27 82 21 84 100
82 33 27 8 108 61 42 115
77 33 4 82 127 61 63 8
69 5 36 8 93 98 24 39
5 36 37 8 93 119 86 90
38 43 36 8 5 93 37 39
8 38 126 36 43 4 5 93
113 18 43 77 4 93 119 13
84 8 69 32 113 93 40 43
38 39 8 113 93 32 125 63
38 113 0 91 63 32 93 125
43 2 16 14 12 119 93 87
43 38 2 93 39 91 8 12
95 45 68 38 8 13 107 26
50 45 68 26 127 52 81 86
14 42 5 40 55 37 3 35
96 14 93 5 120 31 123 42
93 41 126 58 77 78 96 102
66 100 40 41 58 37 92 81
66 105 37 81 55 40 41 69
69 5 93 36 37 41 102 40
36 119 37 86 41 18 93 5
38 43 36 37 93 5 15 58
38 126 43 36 4 8 25 13
113 18 43 77 83 72 119 94
38 84 39 32 113 43 93 119
38 126 32 39 46 61 110 113
43 17 126 63 61 32 15 89
77 41 18 105 103 2 12 14
77 41 38 103 2 18 39 63
126 61 17 38 41 63 18 108
100 95 11 45 18 68 41 26
45 50 41 68 26 86 52 94
14 42 37 41 5 3 29 52
14 96 93 42 123 5 120 31
69 5 93 8 36 39 37 24
5 36 37 93 69 119 90 40
38 43 36 93 8 5 37 39
38 8 126 36 43 4 5 40
113 18 43 77 4 93 119 83
84 69 8 32 113 93 40 43
38 39 8 93 113 32 125 63
38 113 0 63 91 32 93 39
43 2 16 14 12 119 87 93
43 38 2 93 39 91 12 8
95 45 68 8 38 107 13 12
50 45 68 81 41 127 52 101
14 42 40 35 5 55 37 127
96 14 93 120 5 123 37 63
93 41 126 58 78 77 96 102
66 100 40 41 37 58 81 92
37 66 81 105 69 41 55 40
69 93 36 41 5 37 40 25
36 119 37 18 41 86 93 25
38 43 36 93 37 5 15 119
38 126 43 36 4 25 8 13
113 18 43 83 77 72 119 94
38 84 39 32 113 43 93 119
38 126 32 39 46 61 110 63
43 17 126 63 61 32 89 113
77 41 18 105 2 12 103 13
38 41 77 103 2 18 39 63
126 61 17 38 41 63 18 108
100 95 45 11 18 68 41 107
45 50 41 68 81 86 94 127
14 42 41 37 89 51 64 127
14 96 93 42 123 120 5 55
75 48 103 16 29 7 30 31
48 67 53 22 5 26 3 85
68 67 45 107 26 48 81 8
50 105 68 101 67 45 81 58
101 127 42 35 55 14 48 28
96 93 14 55 120 5 101 42
93 41 126 58 77 102 96 78
58 105 37 14 35 41 100 5
42 37 93 5 14 48 35 78
48 103 37 42 122 58 35 31
30 48 75 125 81 37 88 67
48 16 92 14 34 74 85 88
75 103 30 31 48 3 53 117
48 67 37 53 22 3 26 85
67 68 45 48 81 26 41 100
105 50 81 45 58 68 101 122
101 127 42 14 35 58 105 29
96 14 93 55 42 101 120 3
93 96 78 58 126 120 102 48
105 41 37 14 58 35 103 5
42 37 14 48 5 41 35 78
48 103 37 122 58 35 14 31
48 75 30 125 118 22 37 100
48 16 34 14 92 7 85 122
48 75 103 30 31 58 53 7
48 67 22 37 3 26 53 92
68 67 45 107 26 100 81 92
68 16 101 64 81 104 60 19
63 55 56 101 33 8 37 82
41 16 67 92 88 13 64 82
33 67 63 8 65 93 19 82
33 67 42 8 26 28 63 60
4 81 8 18 82 11 50 40
21 81 4 127 40 82 18 50
8 84 38 40 39 37 82 93
38 108 40 66 8 4 32 82
14 38 35 42 96 37 5 120
38 40 113 95 4 92 45 81
120 31 113 14 37 5 105 123
93 58 126 78 41 77 102 5
40 113 100 37 58 41 81 5
40 100 95 113 81 41 45 11
14 78 96 106 37 63 123 93
107 95 45 40 82 100 8 15
21 50 82 56 41 8 55 81
84 127 39 82 8 21 40 119
66 27 108 8 40 82 17 33
27 18 11 127 8 33 126 40
27 8 61 17 126 40 42 5
14 38 77 2 35 103 37 24
126 61 38 8 17 40 108 81
69 126 15 37 4 5 14 81
69 5 24 37 102 15 93 39
4 126 8 18 5 40 100 15
14 120 93 96 18 35 43 37
45 95 107 40 4 100 81 67
27 8 11 50 21 82 81 84
21 42 107 50 127 82 72 8
84 42 21 103 127 72 82 94
61 8 66 82 17 14 27 40
27 61 8 108 17 42 83 40
27 126 8 61 18 40 17 5
2 38 32 41 69 46 8 39
38 46 126 32 61 41 62 8
103 75 48 30 123 76 7 34
48 67 53 26 22 5 85 92
68 67 45 107 48 26 81 53
50 105 68 101 67 58 81 127
101 127 42 35 14 55 28 3
96 93 55 14 5 120 101 42
93 41 126 58 77 102 78 96
58 105 37 14 41 5 35 100
42 37 93 5 14 48 35 106
48 103 42 37 122 35 58 31
30 48 75 125 37 81 88 100
48 16 34 92 85 14 7 74
48 75 30 103 31 99 117 3
75 48 125 76 111 7 103 122
48 34 75 76 92 122 7 85
103 75 48 30 7 34 29 76
48 67 22 26 37 53 92 3
67 68 45 81 48 100 26 41
105 50 81 45 58 29 68 101
127 101 28 42 14 105 16 29
96 14 42 55 93 101 120 3
96 93 78 126 58 120 42 102
41 105 37 14 58 5 35 103
42 14 37 5 48 41 93 35
48 103 37 122 75 58 14 35
48 75 30 125 37 118 22 58
16 48 34 7 85 92 122 14
75 103 48 30 7 31 99 22
75 48 118 111 125 76 7 22
48 75 76 34 122 7 92 111
75 48 103 30 76 111 16 99
48 67 22 37 26 7 81 29
108 8 110 79 39 33 17 63
33 107 8 4 11 95 79 110
84 8 21 4 127 56 33 50
84 4 8 66 21 108 50 33
27 108 110 66 61 8 17 33
27 108 110 66 61 4 42 18
27 17 61 110 108 8 126 77
77 113 41 14 18 103 46 104
79 84 69 93 8 77 24 103
79 39 8 113 93 10 119 43
79 10 113 8 93 0 110 36
14 43 8 79 4 2 69 40
67 10 79 43 93 100 2 14
10 100 43 80 69 79 4 11
10 100 39 79 125 43 67 3
10 39 38 125 79 43 67 8
110 38 126 79 95 10 43 32
126 61 17 43 27 46 93 8
61 77 126 46 17 103 43 32
84 103 39 46 77 8 43 24
35 14 43 13 36 106 84 79
107 95 45 50 11 92 25 8
21 8 55 2 4 56 50 82
14 69 4 2 21 92 8 82
69 14 24 100 80 48 67 10
100 69 10 66 4 80 14 11
10 39 125 80 24 46 67 25
66 4 95 107 108 8 33 63
66 4 108 110 36 8 18 33
4 66 108 8 33 10 18 36
4 108 17 8 40 18 36 33
4 18 108 126 40 8 127 33
69 21 2 80 82 10 33 8
10 125 39 80 62 46 91 24
66 95 4 107 62 33 108 10
4 66 8 108 17 40 93 33
4 18 8 66 126 108 62 40
4 69 18 126 42 62 25 90
69 24 62 25 36 93 46 43
13 39 69 24 62 8 36 67
4 39 95 62 113 46 18 8
66 108 62 100 4 90 8 13
69 108 4 66 42 30 62 25
69 8 93 39 62 25 14 36
25 36 62 69 113 93 108 32
43 62 103 15 22 14 35 36
43 103 22 15 35 62 67 36
107 45 95 67 4 50 100 25
21 50 4 56 107 67 8 55
84 38 39 21 62 113 24 32
38 21 113 62 25 32 0 80
43 38 14 15 62 22 103 35
43 103 22 35 15 62 48 75
43 126 38 67 66 22 62 25
15 24 43 62 67 69 2 25
4 15 126 8 13 67 46 62
38 107 4 62 95 66 46 18
38 18 42 14 113 62 80 119
35 14 42 62 103 48 30 25
67 100 45 85 4 92 25 11
31 67 48 100 22 35 30 92
22 35 8 37 48 67 82 53
29 103 122 22 67 106 35 7
45 67 100 25 22 48 107 4
42 48 67 92 79 1 74 51
48 35 103 75 92 37 67 51
68 67 79 48 85 1 92 26
1 48 105 67 79 98 82 16
92 99 48 67 75 51 122 26
92 48 42 67 1 51 74 99
48 99 75 92 35 16 123 51
68 48 67 85 92 79 16 26
1 79 48 16 67 105 82 98
92 48 75 122 67 99 26 79
92 48 42 1 67 74 75 79
48 75 92 35 30 99 122 103
68 48 67 85 79 45 92 26
1 79 67 82 48 103 105 98
92 98 79 67 48 26 42 51
48 42 92 67 1 101 51 104
48 3 99 92 35 52 75 103
68 48 85 67 92 45 19 26
1 48 105 67 16 55 79 122
48 92 67 75 99 122 74 76
48 92 74 105 67 76 75 1
48 75 103 99 92 3 22 123
68 48 85 67 26 92 75 45
48 1 105 16 122 67 74 101
48 92 67 99 75 26 74 122
48 92 74 67 76 1 75 51
48 75 92 99 123 76 103 22
68 48 85 67 75 92 26 45
48 1 105 122 74 3 83 96
92 48 75 99 122 74 51 26
48 92 75 76 74 99 122 51
48 75 92 30 123 99 58 52
48 103 75 34 30 58 37 29
48 75 34 30 81 92 67 74
48 30 75 34 103 58 29 31
48 34 75 67 52 30 81 85
48 30 75 103 34 29 7 58
82 107 67 26 100 79 8 95
82 50 21 107 8 55 79 56
50 82 21 84 27 55 107 127
27 82 61 33 21 8 63 42
27 33 42 11 82 126 8 61
27 61 8 126 42 17 33 82
27 126 8 61 41 33 17 32
41 77 33 18 103 61 46 63
84 41 39 103 8 127 33 43
63 126 33 23 8 39 82 61
63 126 82 33 41 92 61 11
126 11 32 8 63 41 33 23
33 8 107 11 68 82 95 63
55 21 8 56 101 33 42 19
42 21 100 30 33 67 82 11
42 21 100 30 33 82 67 8
84 42 39 36 8 21 93 5
27 66 108 8 42 17 40 61
69 2 18 37 77 14 63 93
69 8 24 5 2 39 93 37
69 36 5 18 77 40 93 32
43 38 8 36 93 5 37 39
4 8 38 126 40 36 32 43
14 4 18 8 37 40 93 120
14 37 35 93 120 106 58 43
67 92 43 25 4 100 35 58
95 67 100 40 4 25 18 81
48 103 75 34 30 58 29 106
48 75 34 30 81 92 74 67
48 75 30 34 103 29 58 123
48 75 34 118 30 52 67 76
48 75 30 103 34 29 58 123
107 82 67 26 100 79 95 8
82 50 21 107 55 8 52 56
50 82 21 84 27 55 127 107
27 82 61 33 21 8 63 42
27 33 42 11 82 126 8 61
27 63 126 61 82 8 42 33
27 61 126 8 33 41 82 63
41 77 63 33 127 82 103 18
84 39 41 127 103 82 33 69
63 126 33 23 39 82 40 8
63 126 82 41 33 92 61 15
126 11 63 32 41 8 33 82
8 33 107 11 82 68 95 63
55 21 8 56 101 33 50 82
42 21 100 30 33 82 67 11
42 21 100 30 82 33 67 61
84 42 39 36 8 82 21 93
27 8 108 66 42 40 93 17
69 2 18 77 93 63 40 14
69 8 93 24 5 39 2 36
69 36 5 93 40 77 18 32
43 38 36 8 93 5 37 39
4 8 126 38 40 36 32 43
14 38 120 35 93 96 43 37
95 4 40 45 38 107 81 18
27 11 8 21 50 81 40 84
21 42 107 127 72 11 81 50
8 21 50 55 82 56 33 4
21 50 8 84 27 82 55 33
27 21 8 61 33 63 82 17
27 8 61 33 126 63 108 82
41 33 77 63 8 15 18 103
84 39 41 8 33 15 103 127
63 126 33 8 23 39 61 82
63 126 41 33 92 82 15 8
126 63 8 11 32 33 41 15
126 8 63 61 41 33 11 46
126 41 63 33 18 127 8 69
69 84 8 39 33 43 127 37
14 8 5 127 40 82 35 33
35 42 37 31 5 82 14 58
67 37 100 85 48 30 127 5
124 67 82 100 85 92 79 8
31 30 3 37 103 48 53 75
8 107 67 33 68 95 100 85
55 8 21 56 33 101 82 27
42 21 100 30 33 11 67 82
42 93 35 14 37 5 96 58
66 92 108 29 25 81 40 113
108 66 40 8 25 81 61 17
61 18 108 126 81 40 17 77
18 69 77 113 40 5 37 8
113 39 10 40 8 93 18 25
113 126 10 0 40 61 18 43
15 38 43 14 35 37 120 106
107 95 113 15 45 81 40 25
84 50 21 8 15 56 55 82
84 21 42 4 66 107 8 15
21 42 84 4 127 15 41 107
93 31 38 106 90 120 100 48
93 5 37 38 31 58 120 51
93 78 5 56 92 3 102 37
93 36 31 5 37 106 48 78
93 36 31 53 5 25 26 78
93 36 3 105 37 51 5 65
93 36 5 37 19 48 3 96
93 36 37 68 19 105 48 86
19 117 93 118 13 16 49 81
93 117 5 105 42 89 118 51
5 93 102 16 96 37 65 48
31 38 93 5 103 106 37 120
5 29 78 25 37 31 58 13
5 53 93 102 105 37 3 28
53 5 36 92 42 37 78 117
65 124 93 106 5 37 16 31
31 93 37 5 89 106 41 83
31 93 103 37 106 58 5 120
30 67 85 37 53 22 65 31
3 31 53 117 106 67 37 5
31 38 106 37 5 92 93 103
53 16 29 5 25 37 117 89
5 93 53 65 37 3 28 89
5 106 102 65 93 37 53 42
42 5 37 14 103 99 92 101
31 38 37 106 103 51 5 92
37 25 29 53 58 117 13 31
53 5 37 3 105 65 48 93
65 48 14 92 105 19 52 3
65 103 53 30 3 117 7 22
68 53 25 26 67 45 29 37
16 127 52 45 67 92 34 81
75 30 48 103 31 29 34 67
107 82 67 95 8 79 26 40
82 50 21 107 55 8 79 56
82 50 21 84 27 55 107 127
82 27 33 61 21 8 63 42
33 27 11 42 82 126 8 61
27 63 126 61 82 8 42 33
27 61 126 8 33 82 41 63
41 77 63 33 127 82 103 18
84 39 41 127 103 33 82 69
63 126 33 23 39 82 40 8
63 126 82 41 33 92 61 127
126 11 63 32 8 41 33 82
8 33 107 11 68 82 95 63
55 21 8 56 33 101 82 27
42 21 100 30 33 82 11 67
42 21 100 30 82 33 8 61
84 42 39 8 36 82 21 40
27 108 8 66 42 40 17 93
69 2 18 77 93 40 63 14
69 8 24 39 93 2 5 36
69 36 5 93 40 77 18 32
43 38 36 8 93 5 37 39
4 8 38 126 40 36 32 43
14 38 120 35 93 96 37 43
4 95 40 45 38 107 81 25
21 56 81 50 40 92 37 127
21 84 40 14 127 69 81 100
33 40 67 100 39 14 8 119
33 40 66 77 108 63 67 115
42 27 40 33 61 126 108 8
36 21 92 113 42 72 79 37
75 31 30 48 103 3 53 117
48 75 125 7 22 76 85 103
48 14 92 65 81 34 76 85
75 48 103 16 7 30 29 31
75 48 103 111 118 76 125 7
48 92 14 34 122 65 76 81
103 75 48 30 29 7 34 31
67 48 15 26 79 92 53 22
107 8 68 79 95 33 67 26
8 19 55 101 68 16 60 82
55 8 56 101 36 2 82 93
8 56 4 23 17 93 40 89
8 68 95 4 33 19 82 127
8 16 101 127 68 19 89 40
8 19 37 93 114 124 101 5
19 8 5 127 37 68 65 23
5 55 19 101 114 36 37 93
93 96 120 123 14 106 5 31
93 79 58 78 108 48 96 99
31 93 38 106 90 120 100 58
93 5 37 38 31 58 92 120
93 78 92 56 5 96 102 123
93 36 31 5 106 37 48 89
93 36 31 53 105 5 25 37
93 36 3 105 37 51 5 65
93 36 5 37 96 19 3 92
93 36 37 68 19 105 48 86
19 93 117 118 13 16 81 49
93 117 105 5 42 118 89 58
5 93 102 16 96 65 37 48
31 38 93 5 106 103 37 120
5 29 25 31 37 58 78 89
93 66 38 40 37 81 5 58
66 40 4 81 107 108 95 3
40 4 66 108 8 17 93 127
18 126 8 40 4 66 127 61
18 126 40 93 27 17 8 37
69 18 2 77 93 63 40 37
69 39 24 93 5 2 77 8
14 36 35 40 4 8 13 37
14 35 36 5 3 48 120 93
92 25 67 40 66 37 35 45
126 4 25 95 61 40 108 92
126 36 8 18 93 40 15 37
11 95 18 61 40 15 63 38
27 17 126 61 93 77 40 8
69 77 2 37 18 93 104 41
69 5 93 24 36 77 37 39
107 8 95 11 68 45 50 40
50 101 37 52 68 3 51 29
50 67 45 104 127 52 101 29
55 21 52 42 40 14 82 35
93 5 48 14 37 106 120 35
92 37 5 66 3 35 93 51
37 5 14 48 92 106 93 28
48 106 96 16 122 74 92 14
124 16 96 48 24 29 52 64
48 58 106 122 29 51 16 105
124 29 48 51 30 99 58 16
124 51 29 64 48 16 34 103
26 53 34 92 48 16 29 58
66 40 17 4 107 8 61 3
18 77 4 40 92 83 81 72
93 39 84 69 40 5 18 77
4 81 82 11 40 95 50 66
21 81 4 82 50 66 92 127
84 39 82 40 21 37 127 8
66 108 100 127 40 4 82 18
14 4 42 127 48 82 37 5
48 14 96 37 74 106 82 83
99 48 29 106 58 16 37 7
29 16 48 34 76 74 106 80
16 48 109 83 29 75 111 63
92 81 107 4 95 48 82 50
50 82 107 21 84 8 55 4
27 82 8 21 66 50 108 110
82 27 21 81 127 110 48 66
82 27 61 8 110 108 33 17
27 82 110 8 61 33 108 77
82 27 79 8 39 77 61 33
79 4 82 100 33 113 14 43
79 84 39 82 43 40 33 93
79 108 82 4 33 113 0 40
79 107 11 95 82 33 8 50
82 50 21 8 55 79 56 33
82 21 50 8 84 27 33 61
82 61 63 27 108 127 8 33
82 27 61 108 126 33 63 8
41 33 77 63 82 127 15 103
84 41 39 82 33 103 127 8
63 126 33 82 23 39 8 89
82 41 92 126 63 15 33 127
126 63 11 41 82 8 33 32
33 8 107 68 82 11 63 79
55 21 8 56 82 33 101 42
42 21 100 30 33 82 11 67
48 81 92 34 29 58 15 26
107 68 8 33 95 82 67 81
19 55 8 82 101 68 42 52
82 67 42 19 33 101 8 48
8 27 56 61 42 55 67 82
2 69 77 5 103 93 24 79
126 95 40 93 61 5 13 79
69 24 5 36 93 123 79 103
95 68 8 107 40 82 11 79
8 68 16 101 37 19 124 14
8 19 37 124 101 5 93 82
19 5 8 68 37 127 65 82
55 5 93 35 48 120 96 106
5 92 37 114 58 120 48 93
5 92 42 96 78 48 99 37
5 31 106 93 58 37 120 48
5 92 31 78 48 58 25 37
105 5 124 48 92 3 16 67
5 3 8 105 124 92 19 16
101 55 82 5 35 48 3 14
66 5 92 53 82 48 105 35
5 106 92 42 37 31 3 53
42 48 74 96 106 83 14 122
92 48 53 67 5 100 99 29
92 48 31 53 100 75 3 104
48 92 74 123 29 16 106 96
92 48 29 100 51 76 75 104
92 48 75 29 76 104 81 51
48 123 74 92 29 75 96 76
92 48 29 99 75 100 117 76
92 75 48 29 76 118 104 99
99 16 29 83 48 111 71 118
92 48 68 100 34 104 26 81
1 79 82 101 48 105 56 92
48 67 92 26 79 104 51 122
48 42 92 14 104 74 67 37
48 106 96 74 14 83 122 104
99 29 48 106 16 58 83 75
48 16 118 99 122 104 29 83
48 122 29 83 104 16 34 58
48 104 106 58 96 16 99 63
48 92 26 104 81 34 58 64
66 50 82 3 4 45 40 48
82 55 4 1 92 31 48 66
4 82 100 67 8 33 27 40
82 69 4 43 57 93 36 39
68 107 82 45 95 100 79 1
1 79 82 48 55 16 101 105
67 92 42 48 104 26 79 82
48 42 67 92 105 14 104 37
48 96 106 14 74 122 83 42
99 48 106 29 58 16 83 122
48 16 99 106 63 29 104 58
106 16 64 48 83 104 61 124
18 48 16 122 104 29 34 83
92 68 48 34 26 45 29 100
1 79 82 55 48 16 101 105
67 92 48 26 99 16 79 104
48 42 67 92 14 104 93 37
48 96 106 14 122 74 83 42
99 29 48 58 106 16 83 122
48 16 118 99 122 29 106 58
48 29 122 83 104 16 34 58
48 104 58 106 96 99 92 16
48 16 29 74 106 80 96 76
48 16 29 75 103 58 111 83
48 124 34 75 58 16 51 76
68 79 8 1 92 82 26 19
8 79 1 82 55 56 19 68
8 21 79 1 82 33 69 84
8 82 79 33 1 39 84 90
8 82 1 33 127 79 107 18
8 42 1 79 65 60 26 33
42 48 3 82 1 79 56 55
67 42 8 48 92 79 26 90
67 48 92 42 105 14 127 3
48 14 96 122 74 106 35 42
48 58 29 99 124 37 106 75
48 16 29 58 34 104 75 76
16 48 34 29 75 111 58 122
68 8 81 92 19 34 48 67
8 55 1 79 21 56 82 50
8 82 21 60 127 84 1 55
82 8 61 63 108 27 127 33
82 27 61 8 126 108 33 63
33 77 41 82 63 8 127 15
84 39 41 8 82 33 103 15
63 126 82 33 8 23 39 79
82 63 126 92 41 33 8 15
126 63 8 11 41 82 32 33
126 8 63 61 41 82 11 33
126 41 63 82 8 33 127 69
69 84 82 39 8 33 43 127
8 82 14 40 127 5 89 4
14 35 5 82 48 37 96 3
5 37 92 35 66 82 3 58
32 38 93 84 39 36 24 79
32 38 66 13 126 46 63 113
15 43 13 38 119 72 83 14
15 69 43 84 32 8 37 100
15 84 43 39 125 13 119 46
32 108 66 38 15 95 13 46
108 32 17 61 46 93 8 13
126 18 32 61 46 108 17 100
15 18 126 46 41 83 72 119
15 18 126 32 46 69 77 100
32 18 15 126 46 39 57 10
15 126 46 32 18 4 11 41
84 103 46 32 126 15 38 4
32 17 4 63 108 126 8 100
126 18 17 108 32 4 63 46
15 18 83 43 72 41 119 80
15 18 84 69 43 32 119 63
15 84 125 43 39 18 13 24
95 11 46 107 15 45 57 4
11 57 50 8 15 4 107 46
126 21 18 15 42 8 46 27
32 21 42 36 46 126 2 40
32 30 42 21 57 46 100 119
32 38 84 39 36 57 24 103
108 32 61 17 126 13 46 63
18 126 32 61 108 17 100 46
15 18 41 100 83 46 72 103
18 15 126 32 46 69 77 100
32 18 15 126 46 57 39 10
15 126 46 18 11 32 41 4
103 84 15 46 38 126 32 18
108 4 126 66 15 57 100 11
27 8 33 82 126 61 115 42
77 33 4 82 127 8 41 0
84 39 127 33 8 82 4 77
63 33 8 126 82 23 39 40
82 33 63 8 126 41 92 127
126 11 8 33 63 32 82 127
33 8 107 68 11 82 95 110
55 8 21 33 56 101 42 27
42 21 100 30 33 82 67 11
42 21 100 30 82 8 33 67
84 42 39 8 36 40 21 24
27 8 108 66 40 42 17 93
69 2 40 18 77 37 93 8
69 8 36 93 37 40 24 5
36 35 113 14 31 37 62 40
126 25 92 67 95 8 40 36
126 8 36 40 25 15 67 18
107 95 11 45 40 8 4 127
27 11 8 21 50 127 84 82
21 42 107 127 30 72 36 11
84 42 36 21 103 72 127 51
27 61 17 40 8 42 108 66
14 5 2 24 102 69 37 93
24 124 102 14 46 5 77 96
31 37 35 103 106 5 102 93
37 92 31 53 25 29 41 102
31 14 92 37 124 82 8 15
31 37 103 53 25 5 3 65
37 31 53 99 22 7 58 103
67 40 22 25 45 85 31 46
45 81 4 67 25 40 64 95
27 61 17 46 108 66 8 37
42 100 30 21 52 67 11 36
42 100 30 21 61 67 72 82
84 42 39 8 36 40 93 82
14 66 127 8 42 43 5 4
93 96 14 5 120 123 37 102
93 38 113 79 10 36 22 63
93 66 38 89 81 40 37 23
66 40 108 81 4 107 93 95
40 108 4 8 66 93 5 127
18 126 40 4 8 127 61 110
18 126 40 93 27 17 8 5
69 18 2 77 93 37 40 63
69 39 93 5 36 8 2 24
69 93 36 77 40 5 32 18
43 38 36 93 8 5 37 39
126 95 38 36 4 61 8 40
126 36 8 15 93 18 110 40
107 8 95 11 68 45 40 127
50 101 3 68 37 51 52 86
50 67 127 42 45 72 104 52
55 21 2 56 42 8 61 40
24 14 69 92 5 106 49 99
66 105 14 36 40 4 82 5
14 5 37 93 35 36 120 102
92 67 66 25 45 5 99 37
66 40 4 108 25 92 67 107
17 40 5 108 8 61 4 67
18 126 40 110 61 5 4 46
126 18 17 5 110 8 40 27
77 18 113 83 72 119 41 12
84 38 39 8 93 5 119 43
38 113 5 93 40 119 0 18
48 35 37 14 31 16 99 42
48 75 67 22 37 81 127 85
48 75 103 37 16 53 31 22
48 75 22 52 103 29 37 104
48 103 75 16 34 29 111 123
48 75 34 103 22 29 92 104
103 75 48 16 34 29 123 111
67 48 82 34 26 127 100 8
50 107 82 67 4 8 66 110
21 32 82 42 36 107 66 8
39 32 38 36 8 82 84 21
32 108 38 66 82 40 36 62
32 108 66 38 4 113 14 57
32 108 46 82 4 40 62 18
107 100 50 11 45 82 57 4
82 21 50 55 8 56 4 127
21 82 84 50 27 8 55 127
82 27 61 33 108 110 21 127
82 110 27 61 33 127 126 8
82 27 63 61 126 33 93 5
27 82 126 61 33 63 108 77
41 77 63 33 82 103 15 127
84 39 41 82 33 103 63 127
63 126 82 33 39 23 61 8
82 63 41 33 126 92 15 61
126 63 11 82 32 33 41 8
33 8 107 82 11 68 63 50
55 21 8 56 82 33 27 101
42 21 100 30 82 33 11 67
42 21 84 100 82 8 33 67
42 33 108 21 82 8 100 66
2 42 69 33 82 127 30 4
48 92 65 34 76 14 16 67
75 103 48 16 34 111 76 29
48 67 5 26 22 53 3 92
107 8 68 33 95 67 79 82
19 55 8 101 82 68 42 52
67 82 19 42 8 33 79 101
67 42 55 52 101 5 82 8
35 55 14 93 101 5 37 52
5 35 37 67 92 53 3 58
5 92 53 78 65 25 113 35
31 38 37 106 5 93 120 92
5 31 113 117 37 25 58 45
107 68 67 8 66 50 95 25
8 101 3 16 37 19 68 28
101 3 42 8 28 19 55 67
101 42 35 55 127 5 113 14
35 101 42 14 48 103 113 58
35 5 58 37 53 3 92 48
92 14 48 105 37 67 88 94
22 48 53 58 93 37 67 35
67 22 45 85 100 125 7 34
67 66 126 82 100 4 40 8
21 84 82 15 127 105 72 57
21 38 108 32 82 66 42 100
22 32 2 18 94 72 82 14
32 22 2 36 30 103 48 119
67 32 39 22 38 2 8 119
67 32 22 38 126 108 46 18
15 43 67 119 12 38 37 46
84 15 43 67 24 39 32 5
107 68 95 45 11 57 67 50
68 101 52 19 105 104 51 3
21 55 8 82 56 33 101 3
42 21 100 33 82 30 11 67
42 21 100 82 33 30 67 8
84 39 42 8 82 36 21 93
93 96 14 5 120 37 123 102
93 38 79 113 10 22 63 24
93 66 40 8 108 17 81 27
69 93 2 40 37 18 61 77
69 93 5 39 36 8 24 37
69 36 93 5 40 37 18 77
38 43 36 8 93 5 37 39
4 8 126 38 40 36 43 93
14 38 120 35 96 93 43 37
4 95 45 40 107 38 81 8
21 56 81 50 127 4 40 92
8 110 84 21 33 82 39 40
33 66 8 108 4 63 115 110
66 4 33 110 27 127 18 108
33 110 108 4 115 8 66 18
42 27 8 17 110 108 33 61
77 113 61 18 41 14 72 103
84 93 69 79 8 43 24 77
39 79 93 8 113 10 43 119
10 79 113 93 8 0 36 62
43 79 93 38 113 22 39 36
113 95 11 43 38 67 22 46
50 57 11 107 95 110 8 82
21 82 84 50 8 127 57 33
82 21 8 108 127 50 57 33
57 82 108 21 127 66 15 81
57 11 108 82 66 8 81 33
10 57 82 27 108 8 33 115
4 66 108 82 42 33 62 107
4 108 82 40 17 66 5 61
93 96 18 14 120 2 37 24
38 93 113 79 10 63 24 22
4 93 81 40 38 18 95 107
4 81 82 11 50 40 95 18
21 81 113 50 92 4 82 100
84 39 127 82 40 8 21 113
66 108 4 63 8 82 127 33
66 4 108 127 27 82 63 110
108 27 61 17 8 82 40 66
69 2 77 61 17 18 40 63
69 39 77 2 24 40 5 32
69 77 32 40 126 82 8 18
43 38 36 8 39 5 32 37
95 107 8 11 38 82 4 50
8 107 50 3 82 68 33 19
21 55 8 82 50 56 101 33
42 21 100 30 33 82 11 67
42 21 82 8 33 61 100 5
42 33 21 27 8 100 84 82
27 61 8 63 33 5 42 21
27 61 33 126 8 63 42 108
41 77 63 33 15 103 18 72
84 39 41 33 8 103 15 127
63 126 33 8 23 39 89 40
63 41 126 33 92 82 8 15
126 63 11 8 41 32 33 15
33 11 63 107 8 41 95 32
8 68 33 107 3 11 50 19
21 55 56 127 101 3 82 92
84 21 39 127 40 36 82 93
82 107 50 8 84 21 55 33
27 107 82 8 110 21 108 66
82 27 21 110 127 81 66 15
61 63 82 27 8 17 79 108
63 61 27 82 126 41 8 17
41 63 77 103 18 61 82 46
84 39 41 63 103 82 32 40
126 11 8 63 115 10 32 82
8 33 107 11 82 68 79 110
8 21 55 33 82 56 50 101
42 21 100 30 33 82 11 67
42 21 100 82 30 8 33 61
84 39 42 8 82 21 36 127
66 27 108 8 17 42 33 61
27 11 18 126 127 8 33 42
27 8 61 17 126 42 40 5
14 5 2 93 120 106 96 35
38 124 99 58 120 37 29 96
126 38 40 61 4 25 95 5
69 126 4 5 40 37 25 18
24 69 14 5 8 92 102 106
5 126 25 40 102 4 37 8
43 38 5 36 37 24 102 93
95 43 38 11 40 46 15 4
5 14 37 40 61 93 2 36
126 66 92 108 61 40 4 37
37 14 5 42 69 106 4 35
5 14 37 31 42 35 92 113
31 37 38 106 5 120 92 58
37 53 5 25 113 31 78 58
5 53 78 37 102 93 25 106
53 103 37 122 36 5 29 93
75 48 30 125 104 118 103 49
48 92 14 65 34 122 104 15
103 75 48 30 29 31 58 117
75 48 125 118 104 103 30 76
48 122 92 14 34 65 75 81
103 75 48 30 29 7 58 99
67 79 26 25 82 100 15 53
79 95 67 25 82 40 46 18
14 96 31 37 58 67 93 103
35 53 66 14 100 113 58 37
14 82 48 92 79 81 104 15
53 35 103 37 30 48 31 58
107 82 67 79 45 100 95 50
82 50 21 8 55 107 56 79
21 82 84 50 27 8 127 55
82 61 27 33 108 8 21 127
82 33 27 11 127 126 42 8
27 8 82 33 126 61 115 42
77 33 4 82 127 8 41 18
84 39 127 33 8 82 4 77
63 33 126 8 82 23 39 40
63 82 33 92 126 41 127 8
126 11 8 63 33 82 32 23
33 8 107 68 11 82 95 79
21 55 8 56 82 127 19 104
84 8 21 39 36 82 127 119
14 96 93 8 5 105 120 123
93 77 38 46 103 79 90 102
66 8 93 40 38 17 27 81
69 18 2 93 37 77 40 31
69 8 37 93 36 39 5 24
69 36 93 37 18 32 5 8
103 75 48 30 31 29 3 58
75 48 125 104 118 103 30 29
48 122 92 65 14 34 81 82
103 75 48 30 29 7 58 99
67 79 26 82 25 53 100 3
79 67 95 25 82 40 18 46
35 37 82 79 36 53 14 5
35 53 37 66 92 5 14 25
82 92 79 48 14 104 81 15
53 37 35 103 29 65 30 31
107 82 79 67 95 100 45 50
82 50 21 8 107 55 79 56
21 82 84 50 27 8 127 33
82 27 61 33 108 8 21 127
82 33 27 11 127 126 42 8
27 8 82 33 126 61 115 42
77 33 4 82 127 8 41 18
84 39 127 33 8 82 4 77
33 8 107 82 68 95 11 127
21 8 55 56 82 127 19 104
84 8 21 39 82 36 127 119
14 96 93 5 8 123 120 105
93 77 38 46 103 79 90 102
8 66 93 40 38 17 27 81
69 18 2 93 37 77 40 31
69 8 37 39 36 24 93 5
69 36 93 37 18 5 32 8
43 38 8 36 37 93 39 5
4 8 38 126 40 36 43 32
14 38 120 35 96 37 43 93
95 38 81 18 4 40 25 45
69 81 2 25 37 18 31 40
103 75 48 30 29 31 58 67
75 48 125 118 104 103 30 76
48 122 92 14 34 75 81 15
103 75 48 30 29 7 58 99
67 79 26 82 25 100 53 15
79 67 95 25 82 40 46 18
14 31 96 37 58 93 67 79
35 53 66 14 100 113 31 37
14 82 48 79 92 81 15 83
53 103 35 37 48 30 31 58
107 82 67 79 100 45 95 50
82 50 21 8 107 55 79 56
21 82 84 50 8 27 127 33
82 61 27 33 108 8 21 127
82 33 27 11 127 126 42 8
27 8 33 82 126 61 115 42
77 33 4 127 82 41 8 18
84 39 127 33 8 82 4 77
33 8 107 68 82 95 11 127
21 55 8 56 127 82 33 42
84 21 8 39 82 36 127 119
27 8 66 17 61 40 108 93
14 93 77 2 103 18 35 5
126 92 40 61 5 81 25 108
103 14 92 18 69 83 113 37
103 5 69 93 37 53 35 92
67 100 107 45 11 50 40 95
27 50 8 11 21 107 82 100
21 84 42 82 36 127 107 40
42 21 108 27 84 82 107 36
2 69 40 30 127 42 14 36
69 2 8 32 40 36 14 82
103 75 48 30 29 31 58 67
75 48 125 118 104 103 30 76
48 122 92 14 65 34 75 81
103 75 48 30 29 7 58 99
67 79 26 25 53 82 15 100
79 67 25 95 40 82 18 46
14 31 96 58 37 67 79 93
35 53 66 14 100 113 31 37
82 79 14 48 92 15 81 83
53 103 35 37 48 30 31 58
107 82 67 79 100 45 95 50
82 50 21 8 107 55 56 79
21 82 84 8 50 27 127 33
82 61 27 63 108 127 8 33
82 27 61 108 126 33 63 8
41 77 33 63 82 127 103 15
84 41 39 33 82 103 127 15
63 126 33 82 23 39 8 61
82 63 41 126 33 92 127 15
126 63 11 41 8 82 33 32
8 33 107 68 82 11 63 79
21 55 8 82 56 127 42 19
84 21 8 39 82 36 127 40
66 8 27 108 33 40 17 82
27 18 11 8 126 127 33 63
27 8 61 17 126 42 40 5
14 2 77 5 120 18 93 84
126 61 92 40 5 81 108 25
14 92 69 103 126 81 37 43
103 5 69 93 37 40 53 35
67 107 100 45 11 95 40 50
27 8 50 11 21 107 82 100
103 75 48 30 29 31 58 7
75 48 125 118 104 103 30 76
48 122 14 92 34 65 75 81
103 75 48 30 29 7 58 99
67 79 26 25 53 82 100 15
79 67 25 95 40 82 46 18
14 31 96 37 58 67 79 93
35 53 66 14 100 113 31 37
14 82 48 79 92 81 104 15
53 103 35 37 48 30 31 58
107 82 79 67 100 45 95 50
82 50 21 8 107 55 79 56
21 82 84 50 8 27 127 33
82 61 27 33 108 8 21 127
82 33 27 11 127 126 42 8
27 8 33 82 126 61 115 42
77 33 4 127 82 41 8 63
84 39 127 33 8 82 4 77
33 8 107 82 68 95 11 127
21 55 8 56 82 127 33 42
84 21 8 39 82 36 127 119
14 96 93 5 8 123 120 105
93 77 38 46 103 79 90 102
66 8 93 40 38 17 27 81
69 18 93 2 37 77 40 31
69 8 37 36 93 39 5 24
69 36 93 37 18 5 32 8
43 38 8 36 93 37 39 5
95 38 36 43 11 32 46 15
69 2 36 37 43 14 100 15
69 36 14 37 93 8 39 58
95 107 45 100 11 8 25 40
75 48 30 125 104 118 103 76
48 92 14 65 34 122 82 15
103 75 48 30 29 31 58 117
75 48 125 118 104 103 76 30
48 122 92 14 34 65 81 75
103 75 48 30 29 7 58 99
67 79 26 25 82 100 53 15
79 95 67 25 82 40 18 46
14 96 31 37 58 93 67 92
35 53 66 14 100 113 58 5
82 14 79 48 92 81 15 83
53 35 103 37 30 48 31 58
107 82 79 67 45 100 95 50
8 107 82 50 3 68 79 33
21 82 8 55 56 101 3 50
84 21 39 82 8 36 127 40
66 84 8 82 127 14 40 83
39 8 127 81 82 40 23 84
66 108 8 82 127 40 107 4
32 2 40 18 33 8 82 66
32 67 69 2 8 40 10 93
18 32 67 24 8 46 49 40
32 95 107 67 46 82 11 38
21 56 50 82 67 127 41 55
84 21 69 8 40 82 32 37
125 84 49 8 24 39 41 67
66 17 108 8 41 40 63 61
18 126 41 63 17 8 61 108
35 14 103 69 41 58 31 43
53 35 31 67 8 82 37 40
53 65 35 31 78 103 5 37
126 40 18 25 63 100 41 62
48 14 5 37 58 35 53 96
48 96 74 106 14 16 35 122
48 92 67 99 29 35 15 81
68 107 67 45 92 100 26 50
21 8 55 82 50 107 56 127
21 42 14 92 4 82 35 37
35 14 48 37 21 82 96 92
58 35 48 122 99 29 37 31
37 67 35 5 66 113 48 58
5 37 53 48 92 113 67 78
31 5 14 106 35 37 120 92
58 31 37 122 118 43 103 120
113 78 5 58 37 25 31 48
113 53 105 5 37 35 3 28
92 48 82 88 104 124 14 15
48 53 37 35 67 22 93 5
67 22 100 45 15 26 85 92
67 82 100 22 50 11 46 25
35 14 127 82 37 88 94 104
35 14 48 37 122 103 104 113
58 35 99 29 37 48 103 122
37 58 53 66 35 48 113 25
92 53 48 37 34 25 113 5
31 14 106 35 92 37 96 5
118 31 29 122 58 37 30 83
58 15 113 104 25 48 29 37
53 113 105 48 58 37 25 122
92 88 48 104 94 83 29 82
48 103 37 53 30 65 58 117
107 68 67 100 50 26 45 25
21 55 50 56 82 127 84 107
27 8 61 17 66 82 21 108
48 14 37 5 35 58 53 96
48 96 106 74 14 35 16 122
48 92 67 29 99 35 15 58
68 107 67 45 92 100 26 50
21 55 56 82 8 104 50 92
84 8 39 21 36 40 82 119
14 66 8 127 35 43 4 40
93 14 96 5 106 120 37 79
93 17 78 58 102 48 36 79
93 18 79 77 48 2 103 14
93 24 18 103 102 2 77 37
93 66 40 58 89 37 81 86
66 17 27 61 8 40 93 107
27 77 61 126 40 93 18 8
84 93 36 103 79 40 127 15
108 27 110 93 79 66 61 36
17 27 61 93 79 108 8 46
14 18 2 4 35 77 79 40
14 35 93 5 24 62 79 2
35 93 118 37 14 83 29 30
67 40 25 66 15 92 125 43
126 4 61 108 25 40 79 67
69 126 4 18 79 25 40 100
69 14 93 40 32 79 37 5
69 24 39 93 46 37 79 49
126 46 49 93 32 25 62 79
43 14 35 37 15 62 4 40
43 14 35 5 37 48 36 62
43 37 35 58 48 122 14 103
107 95 11 43 57 40 25 67
126 4 50 40 8 15 79 46
21 36 32 79 8 42 66 46
82 8 33 127 27 77 126 79
79 68 8 33 11 82 107 50
21 8 55 56 127 82 79 48
84 8 21 39 79 82 36 127
66 8 14 108 79 110 82 93
93 58 102 78 17 36 14 56
93 18 79 77 2 14 56 69
93 2 18 24 102 77 79 78
66 8 17 27 40 61 93 108
77 27 8 40 61 126 93 18
14 79 35 93 36 84 2 96
93 118 58 35 79 30 29 120
66 108 79 81 93 40 25 8
66 108 79 81 100 25 93 30
93 108 79 17 8 46 61 36
18 126 4 79 108 17 61 46
69 18 126 4 79 46 15 62
69 93 79 14 40 8 32 5
69 93 24 39 79 46 15 49
126 46 79 93 49 32 62 18
43 14 35 5 36 48 37 62
43 58 35 37 118 48 93 30
95 107 43 11 81 15 79 46
8 126 50 79 4 15 46 25
21 36 32 8 79 42 66 46
36 39 8 32 84 79 119 98
36 32 66 126 8 87 40 113
15 14 43 35 84 36 106 120
15 43 118 30 29 83 99 103
66 15 36 32 108 25 40 107
36 32 66 108 8 25 40 11
36 108 32 46 8 40 57 4
67 45 95 25 66 81 40 107
45 95 67 11 81 46 8 40
27 17 8 93 37 61 40 41
69 77 2 18 37 104 14 41
69 8 93 5 36 24 2 37
36 100 126 8 40 93 5 17
36 8 93 18 126 40 77 27
79 14 36 21 40 35 72 2
14 36 79 35 93 5 92 3
118 36 93 58 37 14 83 30
66 67 58 37 125 79 40 34
108 66 81 79 40 67 25 93
108 36 66 79 100 81 30 72
108 79 93 17 36 8 46 61
18 126 4 79 108 61 17 46
18 69 126 4 79 15 46 30
69 93 14 79 18 40 8 32
69 93 24 39 46 79 18 15
126 46 49 18 93 79 32 62
43 14 37 35 15 48 62 40
43 14 35 5 37 36 93 48
43 37 35 58 122 48 14 31
43 67 15 37 81 125 25 13
126 46 43 25 67 95 79 62
126 46 113 41 18 37 43 25
32 84 8 69 126 33 40 46
33 32 8 39 40 42 46 49
33 8 126 27 42 0 46 110
36 21 32 42 8 46 43 37
36 39 32 8 84 43 119 38
36 32 66 126 38 87 8 25
15 14 43 35 40 37 8 36
42 21 100 30 107 33 11 82
42 8 84 100 21 67 30 72
61 27 42 8 17 5 108 82
77 61 113 83 41 92 5 37
84 38 39 5 8 24 69 93
126 38 61 95 108 5 46 40
69 38 24 5 8 37 36 39
107 95 38 8 68 4 11 40
101 42 8 50 37 68 55 82
101 42 55 35 5 40 14 37
35 14 101 5 55 3 37 120
58 35 122 37 48 31 99 93
5 37 53 35 3 67 66 58
5 106 37 42 93 48 3 31
42 48 106 14 96 122 74 35
92 48 67 53 37 100 5 26
48 92 37 31 53 3 75 100
48 123 106 103 92 74 99 105
48 92 29 67 37 99 105 117
92 48 75 29 118 37 76 53
48 123 103 106 99 29 92 75
92 67 53 48 29 26 25 5
68 45 67 26 53 37 40 25
50 68 101 105 45 67 37 104
101 14 42 35 127 55 37 3
35 14 5 101 3 37 48 55
29 37 99 35 58 48 122 103
5 37 53 3 35 58 67 92
42 106 5 37 48 14 31 35
42 48 106 14 96 122 35 74
92 48 53 67 37 26 100 122
92 48 75 31 3 37 53 14
33 107 110 8 11 23 15 34
8 107 33 21 82 42 48 61
8 33 107 27 84 42 60 90
8 27 33 61 127 110 42 115
77 8 127 33 23 61 94 119
84 8 39 77 93 119 127 33
8 14 127 4 35 40 93 43
93 14 96 5 37 8 120 106
93 79 58 102 96 14 56 86
93 46 108 18 36 79 78 99
93 37 40 8 100 58 66 89
95 81 8 40 46 4 11 127
81 8 66 127 37 100 4 46
84 127 8 69 100 37 32 33
18 39 8 37 127 32 100 33
8 107 33 68 95 110 127 26
8 19 101 55 68 33 60 16
8 55 56 101 36 37 2 82
8 23 56 33 89 0 98 115
8 33 68 23 95 38 110 107
21 56 55 127 8 23 42 51
84 21 39 127 8 119 24 36
14 127 66 8 35 36 4 43
93 96 14 5 120 37 106 102
93 96 102 58 56 86 14 48
46 93 36 18 108 78 99 48
66 93 40 100 81 37 58 89
66 8 40 17 93 27 81 108
32 18 2 40 8 69 77 46
67 8 32 39 24 93 69 5
14 35 67 40 4 8 38 12
14 35 5 106 3 37 120 31
32 2 18 69 61 40 77 46
39 67 24 32 69 5 46 93
32 95 4 67 38 11 46 61
35 14 37 106 93 120 31 3
58 35 31 37 99 93 120 122
66 67 25 81 95 4 46 92
37 35 14 36 92 58 3 106
58 37 35 31 103 30 99 29
67 45 66 25 4 46 95 81
27 17 61 8 108 107 126 46
84 103 38 61 46 77 17 32
126 61 17 108 8 46 27 38
69 24 38 8 5 15 39 93
37 126 35 38 14 61 15 8
92 67 100 25 37 5 46 14
100 37 123 5 92 35 67 36
95 107 45 67 8 11 25 46
27 8 11 21 82 50 84 107
84 21 42 82 103 8 36 61
27 61 108 82 42 17 66 8
2 61 108 77 27 63 40 8
2 46 93 32 24 36 37 77
61 46 0 17 36 77 126 16
43 39 103 32 38 46 77 40
126 46 38 32 43 61 0 40
15 38 126 39 32 69 43 8
38 15 32 22 40 82 35 14
15 67 40 35 38 43 89 37
15 67 100 40 46 43 95 22
100 67 82 15 92 36 8 40
67 100 15 53 22 35 36 40
67 15 95 11 100 46 107 22
32 39 8 40 38 36 93 2
32 38 0 126 10 40 39 63
15 43 126 46 38 12 8 40
84 15 38 43 39 8 24 12
95 32 38 11 107 8 15 63
8 50 21 82 55 4 127 56
8 21 84 82 50 27 127 55
82 8 27 61 108 127 63 33
27 82 61 126 108 33 8 63
33 41 77 63 82 8 127 15
84 39 41 33 82 8 103 127
63 126 33 82 8 39 23 61
82 33 126 63 41 92 15 8
126 63 11 8 82 32 33 41
33 8 107 11 68 82 63 110
21 8 55 56 82 19 101 42
84 8 82 127 21 33 37 39
66 33 108 42 82 127 8 100
14 35 42 82 5 37 105 106
58 35 99 37 122 93 31 5
35 5 67 53 37 66 105 58
5 37 35 53 14 67 31 48
16 106 48 96 99 101 29 124
48 67 92 29 34 53 25 122
67 48 82 53 25 46 92 100
35 37 48 105 31 92 106 53
58 37 99 29 35 31 122 48
66 53 37 35 58 25 48 92
48 37 53 14 35 92 5 25
106 48 96 74 99 16 80 3
48 118 124 34 29 75 99 16
107 92 67 45 50 81 48 26
77 4 113 18 5 61 37 40
84 39 93 36 5 8 40 37
93 96 14 120 5 106 37 102
93 102 79 108 5 78 103 56
93 46 18 36 108 78 99 79
126 93 40 4 61 5 8 102
32 69 2 126 40 46 93 37
69 67 2 32 5 93 14 40
39 13 36 40 93 89 67 32
14 35 106 37 93 120 31 38
31 58 35 37 99 67 93 120
67 25 40 81 45 95 43 92
37 35 14 36 53 120 105 92
37 31 58 35 103 99 67 29
107 68 95 67 8 45 40 81
55 21 8 27 56 40 61 82
15 40 21 41 12 37 77 119
84 15 36 41 40 39 43 69
107 15 40 8 68 66 41 14
101 42 55 37 68 82 35 114
67 42 101 40 107 82 37 127
42 56 67 84 52 8 21 40
27 61 40 17 8 108 42 66
69 77 40 61 2 5 18 14
69 5 102 93 37 40 8 24
14 35 37 120 5 36 93 106
67 92 126 5 25 100 37 40
126 37 40 92 113 5 100 25
38 84 39 32 5 8 93 40
38 126 40 32 113 61 93 87
38 126 8 32 39 69 43 40
38 14 35 40 15 37 22 105
69 8 2 39 40 5 93 82
39 8 36 69 40 5 24 86
14 8 4 37 86 40 5 35
93 14 63 96 37 5 120 16
77 40 63 93 4 37 8 45
8 4 40 95 45 82 61 126
27 61 8 108 17 40 66 126
61 77 17 18 46 40 83 72
84 38 39 32 77 93 8 40
126 38 61 32 40 46 63 93
69 32 126 11 2 40 36 8
100 11 46 36 40 95 63 10
100 69 32 36 2 123 40 93
39 38 125 8 36 10 32 40
126 32 11 46 8 40 38 61
8 107 95 11 45 100 50 110
8 27 11 50 21 82 84 107
8 21 42 82 107 50 11 100
84 42 21 8 82 107 103 127
27 61 8 42 17 108 40 82
27 61 77 126 8 40 18 38
46 36 37 72 77 14 57 79
84 69 79 93 14 8 24 40
18 100 77 14 93 103 79 41
100 66 95 18 46 11 79 40
100 123 18 93 36 32 79 103
39 38 18 46 8 10 40 36
38 18 100 32 10 46 25 39
43 32 46 66 18 8 36 79
43 84 39 32 67 24 46 8
108 66 46 95 38 32 79 18
46 108 32 79 93 8 57 18
69 8 2 39 40 5 93 14
39 8 36 69 40 5 24 86
8 4 126 40 18 61 10 33
93 14 102 37 96 86 5 120
8 40 4 18 77 45 95 81
27 8 17 61 93 108 126 40
61 77 17 46 18 103 40 37
103 84 39 46 18 77 93 32
126 108 17 32 61 46 8 40
32 69 15 126 2 18 8 36
100 15 46 95 11 32 36 40
32 69 100 36 15 93 123 2
100 36 125 32 69 8 49 10
18 39 38 15 36 32 13 40
95 38 46 11 32 15 45 107
27 8 61 38 17 50 107 55
38 103 61 84 32 77 17 46
11 61 77 38 46 63 95 18
11 61 95 77 38 45 46 18
11 27 61 8 77 40 18 63
27 61 46 17 8 40 77 38
46 77 61 18 41 72 37 83
46 84 32 103 77 38 18 12
46 67 32 39 93 8 84 40
46 95 107 8 11 45 38 50
50 21 8 56 55 82 46 127
21 8 33 82 84 40 32 37
78 39 125 8 84 33 37 40
27 66 8 17 108 40 61 127
8 40 93 27 77 18 61 126
84 38 36 79 57 46 8 21
14 84 2 79 93 37 46 69
79 93 8 84 69 77 43 113
79 113 10 46 93 8 39 24
113 46 79 10 90 8 93 25
43 69 46 93 90 113 62 79
43 69 14 93 79 25 32 92
43 24 93 69 49 39 79 8
43 49 25 93 62 126 8 32
43 126 8 90 93 49 15 119
35 43 22 103 36 79 93 15
25 126 67 8 46 62 79 93
113 21 25 46 79 15 92 62
84 39 21 79 113 8 62 119
21 113 25 79 62 0 42 119
43 32 113 79 8 2 93 46
32 39 43 38 10 8 46 79
32 38 113 43 46 126 79 25
84 15 43 126 79 69 32 113
84 15 69 14 43 32 79 62
84 15 43 79 39 24 32 125
66 113 108 46 107 15 32 95
113 108 66 46 62 25 126 0
108 113 25 66 62 79 36 8
36 35 103 113 22 79 57 53
107 45 95 67 8 25 100 50
8 27 21 50 11 82 107 84
27 21 42 61 82 17 36 107
84 61 77 103 41 18 102 27
84 69 14 79 41 37 93 5
113 10 46 79 39 41 84 103
95 107 11 45 50 82 79 8
21 27 55 50 82 56 36 8
21 36 84 15 82 79 46 57
38 43 36 93 5 8 37 39
95 45 38 8 68 14 36 40
45 50 36 68 105 86 14 37
42 14 40 35 101 3 37 36
35 14 93 120 31 37 96 5
66 92 67 25 113 45 37 100
92 67 37 66 25 69 5 55
69 93 8 36 39 67 2 113
126 0 113 115 39 40 8 110
43 113 41 119 126 46 103 0
43 84 113 39 119 14 93 103
43 113 0 119 32 93 57 126
43 32 113 8 79 2 93 67
32 39 43 38 8 10 93 79
95 113 45 38 68 43 8 46
45 50 105 89 41 68 86 13
14 42 35 40 113 72 89 3
35 96 14 31 93 113 36 37
66 67 113 25 45 92 100 37
113 67 92 55 42 66 25 37
84 39 113 93 69 98 8 32
113 13 39 98 0 32 5 40
113 0 126 13 40 89 110 32
126 43 17 110 113 8 27 40
113 77 43 18 83 46 119 41
113 84 43 93 46 79 77 103
95 45 68 107 113 8 14 11
21 56 55 50 8 127 51 92
8 110 33 84 21 82 39 55
110 33 8 21 27 82 108 42
27 110 33 42 21 8 18 82
27 110 8 17 61 42 43 93
30 103 75 48 29 58 7 34
75 30 125 48 118 76 111 104
75 30 118 48 76 92 111 74
30 75 103 29 48 99 34 7
75 118 30 48 76 104 111 13
118 75 30 111 48 76 122 74
103 30 75 29 48 34 7 58
67 26 14 92 15 48 53 100
107 67 8 95 40 25 79 15
107 127 35 55 14 42 21 88
35 14 37 96 93 113 31 55
35 37 92 113 5 67 53 14
92 118 94 74 88 14 99 76
53 37 35 75 48 99 103 29
67 107 45 22 25 100 15 125
67 45 81 25 104 100 11 95
14 35 127 88 94 104 83 51
35 103 96 37 113 22 123 31
35 37 113 92 53 58 105 25
118 94 92 88 99 111 76 83
53 103 37 75 35 99 29 48
107 67 95 100 15 45 25 81
107 8 21 61 82 127 94 104
107 8 127 60 66 84 27 21
8 33 27 4 21 107 61 82
4 8 33 77 27 39 127 61
79 4 127 33 100 14 8 21
79 84 39 8 43 4 93 119
108 8 79 4 39 33 66 63
11 79 95 33 4 18 63 8
11 27 8 79 33 127 61 84
27 8 61 4 17 82 127 79
48 34 92 76 105 122 74 75
103 30 75 48 29 34 7 58
75 30 48 125 76 118 111 92
48 34 75 92 74 76 85 105
30 75 103 48 29 34 7 99
75 48 30 118 76 34 111 13
48 75 76 92 74 34 105 122
103 30 75 48 29 34 7 58
68 67 48 53 26 25 5 58
105 50 48 101 67 68 37 58
35 55 101 96 37 42 48 93
35 92 105 5 113 37 25 67
92 105 48 88 94 29 74 81
53 35 48 75 29 103 37 99
67 68 48 22 85 125 45 81
105 48 122 25 29 37 67 58
35 103 96 55 101 37 3 48
105 37 113 58 92 35 25 53
92 105 88 29 48 104 94 76
53 103 48 29 35 75 37 25
68 67 45 100 26 48 25 81
56 21 55 105 82 104 8 92
84 8 21 39 36 82 93 119
8 14 66 93 127 40 5 35
14 93 96 5 123 120 37 102
93 90 58 113 46 103 124 29
66 93 37 51 92 40 64 81
66 8 17 27 93 40 81 107
113 77 18 83 94 72 81 119
93 113 8 77 79 84 69 18
113 46 10 93 8 79 39 41
113 46 10 93 25 79 0 8
8 38 84 40 39 37 93 21
38 40 108 66 4 8 32 113
14 38 35 42 96 5 8 37
38 113 40 95 92 4 81 45
113 31 35 37 123 105 120 5
92 113 25 45 37 58 67 99
123 113 31 35 37 120 58 103
45 107 67 40 25 95 113 50
21 50 56 81 92 52 82 25
84 8 21 69 82 127 33 40
8 121 39 58 127 33 113 89
66 127 4 113 33 40 60 82
42 14 38 35 96 37 58 31
35 38 5 66 58 53 105 42
42 5 35 37 14 106 93 38
48 35 42 31 37 103 58 106
30 48 125 75 67 100 37 81
30 48 31 35 53 75 37 103
48 75 52 30 22 85 7 118
48 103 75 30 29 58 7 31
75 48 30 34 81 125 92 29
75 30 48 103 34 29 58 7
48 75 34 103 118 92 76 81
103 48 75 30 34 29 58 7
75 48 30 34 81 118 92 125
75 30 48 34 29 103 58 99
75 48 34 118 103 76 92 13
103 75 48 30 29 34 58 7
67 26 52 53 127 34 15 25
31 35 37 53 3 48 58 96
37 35 25 31 5 58 113 53
53 35 29 37 31 103 22 25
75 30 103 48 29 34 7 58
75 48 76 118 30 104 34 111
48 75 122 76 92 34 74 30
103 75 30 48 29 34 7 58
67 53 26 48 5 58 3 25
67 68 45 26 107 8 53 81
50 68 105 101 67 45 81 88
101 42 127 35 55 14 28 88
35 96 5 55 37 93 14 120
5 92 35 113 37 67 53 25
92 14 105 88 104 37 51 48
53 35 37 48 31 22 5 75
67 68 100 22 45 85 81 125
105 67 50 68 81 88 104 101
101 35 127 28 42 88 41 104
35 96 103 22 31 93 113 37
35 92 105 113 5 58 37 53
92 105 88 104 14 94 29 81
53 103 48 37 75 35 22 29
67 68 45 22 100 41 125 81
105 88 81 41 104 122 29 68
35 101 88 41 118 28 127 42
120 93 58 96 35 113 106 14
93 113 83 58 5 29 99 120
113 105 92 58 83 5 89 37
124 96 24 5 93 56 37 78
93 31 5 37 42 106 102 28
37 42 106 31 103 122 48 35
30 125 75 37 48 81 88 100
92 3 85 105 14 34 7 88
30 103 75 31 117 37 7 53
75 30 48 118 125 7 76 51
41 38 79 63 43 67 30 125
110 0 43 38 8 79 113 10
110 38 126 79 18 41 46 0
17 110 126 18 79 63 46 8
77 18 17 63 46 41 72 79
84 39 93 79 8 43 24 37
108 13 126 24 17 8 79 89
95 107 8 18 100 110 11 45
8 21 55 27 50 56 82 36
84 21 36 103 82 15 100 8
84 21 36 108 8 66 82 4
36 108 110 8 57 82 21 33
57 107 11 36 110 100 33 82
107 27 57 36 61 82 100 8
14 35 77 93 41 37 18 40
65 103 93 30 36 35 57 41
107 8 68 67 50 100 79 95
8 55 21 56 82 50 101 19
42 21 100 30 33 82 11 67
8 42 82 84 21 33 100 127
42 8 27 82 110 33 107 108
42 82 27 30 94 127 122 81
8 33 82 27 115 42 110 108
8 4 33 82 77 27 39 115
4 79 8 69 33 82 2 21
79 69 14 2 63 93 62 24
41 79 24 30 63 125 49 46
4 95 79 108 8 66 0 38
4 95 8 107 33 79 11 82
2 55 21 56 63 8 50 82
41 24 30 63 49 61 17 2
61 41 77 66 17 21 63 126
41 38 79 63 43 67 30 125
110 0 38 43 79 8 113 10
110 38 79 126 41 18 0 46
17 110 126 18 79 63 46 8
77 18 17 63 41 46 43 72
84 39 93 8 79 43 24 37
108 13 126 8 17 24 79 93
126 18 100 17 108 46 61 8
15 69 126 18 57 2 8 100
57 15 69 82 8 49 2 100
57 15 8 69 18 126 49 93
57 18 126 15 10 8 11 46
107 95 110 8 45 11 46 57
8 21 55 27 50 56 36 82
84 21 36 103 15 82 8 100
84 21 36 108 8 66 82 4
36 108 110 8 57 21 27 82
107 57 11 36 100 110 33 10
107 27 57 36 100 82 61 8
14 35 77 41 37 93 57 18
65 103 93 30 36 57 35 41
107 8 68 50 67 100 95 45
8 55 21 56 82 19 50 105
84 8 127 21 82 33 37 79
8 66 84 126 33 82 127 15
33 66 8 82 107 4 100 108
42 14 8 127 82 5 37 60
35 48 14 37 122 42 31 106
48 67 75 85 37 22 81 125
48 103 75 31 35 37 106 53
48 75 103 7 52 85 22 74
103 48 75 34 29 30 31 123
107 82 79 8 95 50 67 100
82 50 21 107 8 55 79 56
21 50 82 84 27 127 55 107
27 82 21 33 61 8 42 63
33 27 42 11 82 8 126 61
8 27 33 126 61 115 82 42
77 4 33 41 127 8 18 23
84 39 33 8 127 4 82 77
63 33 126 8 23 82 39 40
63 33 82 92 41 126 127 23
126 11 8 33 63 32 23 82
33 8 107 68 11 82 95 110
55 21 8 56 33 101 27 42
42 21 100 30 33 67 127 82
42 21 100 30 33 82 8 67
84 42 39 8 21 36 93 127
27 8 66 108 42 17 93 40
69 2 18 77 63 93 37 40
69 8 39 24 37 2 36 93
4 40 8 126 5 36 18 93
14 38 120 35 96 93 37 43
4 40 95 45 107 38 81 37
21 56 81 37 92 40 50 127
84 21 40 5 37 8 14 113
21 113 25 40 119 37 92 18
43 38 14 35 103 37 84 106
113 66 95 25 107 43 40 81
108 17 113 40 66 0 8 25
18 126 113 40 17 108 61 25
15 14 40 18 69 8 37 4
15 14 35 37 106 5 58 69
15 67 107 25 45 92 40 100
43 79 2 93 63 69 14 32
41 38 79 63 43 67 30 125
110 0 43 38 8 79 113 10
110 38 126 79 18 41 46 0
17 110 126 18 79 63 46 8
77 18 17 63 46 41 72 79
84 39 93 79 43 8 24 37
108 13 126 24 17 79 8 89
95 107 8 18 110 100 11 45
21 8 55 27 50 82 56 36
84 21 36 103 82 15 94 100
84 21 36 108 66 82 8 4
108 57 36 21 82 66 100 42
57 110 36 108 8 82 33 21
57 107 11 36 110 100 33 82
107 27 57 61 36 82 8 40
14 35 77 41 93 18 37 40
65 93 103 30 36 35 41 14
107 8 68 50 67 95 82 100
8 55 21 56 82 50 19 101
42 21 100 30 82 33 11 67
42 8 82 21 33 61 100 36
42 33 8 27 21 84 82 100
33 8 42 27 82 61 4 21
4 8 33 77 82 27 39 61
4 79 69 33 8 2 82 14
69 79 14 2 63 93 24 62
41 79 24 30 63 125 49 93
4 95 79 108 8 66 0 33
4 107 33 95 8 79 11 42
21 4 8 55 56 51 2 82
69 14 2 63 24 21 92 62
84 79 93 8 69 43 24 77
79 39 93 8 113 119 10 43
79 10 93 113 8 0 62 25
43 79 2 93 63 69 14 32
41 38 79 63 43 67 30 125
110 0 43 38 8 79 113 10
110 38 126 79 18 41 46 0
17 110 126 18 79 63 46 8
77 18 17 63 41 46 79 43
84 39 79 93 103 43 18 62
108 126 17 13 79 89 24 18
126 18 100 17 108 46 61 62
15 69 126 18 57 2 100 32
57 15 69 82 49 8 2 100
57 15 8 69 18 49 126 93
57 18 126 15 10 46 11 8
107 95 110 8 45 11 100 46
21 8 55 27 50 56 36 82
84 21 36 103 15 82 92 41
84 21 36 108 8 66 82 4
36 108 110 8 57 21 27 82
57 107 11 36 100 110 33 10
107 27 57 36 61 100 82 8
14 35 77 37 41 93 18 57
65 103 93 30 35 36 41 57
107 8 50 68 67 100 79 95
8 55 21 56 82 50 19 101
42 21 100 30 33 82 11 67
42 8 21 33 82 100 61 67
42 33 8 27 21 100 84 82
33 8 42 27 82 61 4 21
4 33 8 77 82 27 39 61
82 27 79 8 39 77 33 61
79 4 82 100 33 113 14 43
79 84 39 82 43 127 4 40
108 79 39 33 82 8 40 110
11 79 95 33 82 63 8 18
79 82 33 39 50 18 100 11
79 4 100 66 14 33 30 72
79 84 39 43 82 40 33 57
79 66 108 100 0 82 40 110
79 108 18 100 0 113 33 82
8 107 79 33 82 68 95 50
8 55 21 82 56 33 50 101
42 21 100 30 33 82 11 67
42 21 8 27 82 61 63 33
21 42 27 82 33 8 61 55
77 127 82 41 63 18 21 42
84 127 39 82 43 8 33 4
8 39 23 4 40 82 32 89
107 8 95 11 33 4 82 23
21 84 82 8 56 127 107 55
21 82 84 108 8 107 66 127
2 69 82 127 4 33 8 21
69 2 8 39 82 40 33 14
39 36 8 40 82 125 5 86
14 93 5 37 35 82 120 36
31 93 37 5 106 92 58 102
25 92 93 37 67 31 29 5
82 8 66 40 4 39 95 25
27 61 108 17 40 8 66 93
27 77 93 126 61 40 18 8
36 37 72 92 46 77 41 79
84 93 39 79 40 8 37 24
103 75 48 31 7 30 34 71
48 75 125 103 30 34 22 76
48 82 34 79 92 14 15 81
103 48 75 30 7 29 34 99
107 79 8 82 95 50 67 26
82 50 8 21 107 55 79 56
21 82 50 8 84 27 127 33
82 61 27 108 63 127 33 8
27 82 61 108 126 33 63 8
41 33 77 63 82 127 15 18
84 39 41 33 82 127 103 8
63 126 33 82 23 39 8 89
82 126 63 33 41 92 15 127
126 63 11 8 41 33 82 32
8 33 107 68 82 11 79 63
55 8 21 56 33 82 101 42
42 21 100 30 33 82 67 11
42 21 100 30 82 33 8 67
84 42 39 36 8 40 82 21
27 8 66 61 108 42 17 40
69 2 77 4 18 40 14 127
24 69 5 14 102 93 56 8
126 40 61 95 5 81 102 8
38 43 14 37 103 35 5 41
95 107 40 38 45 81 4 11
21 8 50 82 107 4 110 127
21 42 24 56 84 5 102 92
31 38 106 37 102 5 35 120
66 31 38 58 25 37 5 92
66 40 108 81 4 25 82 107
61 108 17 27 66 81 40 5
77 61 113 103 18 41 63 83
82 48 92 14 34 67 79 15
103 75 48 30 7 34 71 31
75 48 125 103 30 118 34 76
48 82 34 92 79 14 81 85
103 75 48 30 7 29 99 34
107 82 8 79 67 95 100 40
82 50 8 21 107 55 79 56
21 82 8 50 84 27 107 127
82 63 61 108 27 33 21 127
82 61 27 127 33 108 8 126
41 77 82 33 127 63 103 15
84 41 82 39 127 33 103 8
63 126 82 33 23 39 8 89
82 41 126 63 92 33 127 15
126 11 63 41 82 32 8 33
8 33 107 82 68 11 95 50
55 21 8 56 82 33 101 42
42 21 100 30 82 33 67 11
42 21 100 30 82 33 8 67
84 42 39 82 8 36 21 40
27 66 8 61 108 17 42 127
24 5 2 102 14 56 93 69
126 40 81 5 4 61 102 8
69 38 43 5 102 24 8 2
126 95 40 38 110 61 46 5
126 61 27 5 17 8 102 110
77 61 103 41 113 18 63 126
38 77 8 93 39 32 113 84
38 77 0 113 32 63 93 18
43 32 36 18 77 38 113 103
36 43 39 32 93 8 84 119
126 36 43 32 38 113 95 79
21 50 8 56 55 82 127 23
8 110 84 21 33 82 39 50
33 66 8 108 4 63 115 110
33 66 4 110 127 8 82 108
33 110 108 8 4 115 66 82
33 110 42 8 27 108 18 82
27 110 42 8 17 61 126 82
77 113 41 72 18 103 14 43
79 84 8 93 69 77 43 113
100 113 10 79 8 0 62 93
79 36 10 113 93 39 8 43
79 113 36 10 0 57 62 25
43 113 46 79 12 41 119 62
43 84 39 79 93 8 36 24
126 43 79 46 113 8 13 62
126 27 17 8 61 43 79 93
39 2 38 77 103 8 32 57
38 126 61 32 8 57 17 77
15 126 69 36 8 32 43 38
11 36 126 39 15 8 32 79
107 95 11 36 110 8 45 82
8 50 21 82 57 107 110 11
21 79 8 33 82 57 50 27
79 8 33 11 68 21 57 82
8 21 55 27 82 56 19 101
21 55 8 27 82 61 33 56
127 21 82 77 18 4 63 15
84 127 39 82 8 33 4 43
63 82 126 33 39 8 23 127
63 82 33 41 126 127 92 8
126 63 11 8 32 82 33 127
11 107 8 63 82 33 32 127
27 8 61 42 17 5 108 82
11 77 68 107 8 14 18 40
101 42 68 3 86 37 8 50
101 42 35 40 14 55 5 3
14 120 96 31 101 106 42 93
42 35 5 58 113 37 14 31
93 35 37 5 96 106 58 48
37 53 105 92 5 35 58 48
92 53 5 37 25 113 117 78
31 38 37 106 92 120 5 93
113 58 78 37 31 5 38 48
105 53 37 113 48 5 35 3
48 88 92 94 105 76 15 104
48 37 22 53 75 103 35 93
67 45 68 100 85 22 48 50
50 101 105 127 68 45 104 67
101 35 14 42 127 55 94 104
35 103 96 58 14 101 120 106
35 58 92 37 113 5 53 105
53 37 35 58 92 103 31 48
5 53 48 105 92 78 3 37
3 48 14 92 101 105 88 16
103 53 30 29 37 3 48 58
105 53 37 22 48 67 85 100
65 48 67 92 105 14 30 88
65 30 103 53 7 22 117 67
105 53 48 100 67 37 85 58
88 94 48 92 118 14 72 83
48 103 30 75 22 53 117 37
105 48 53 67 85 37 22 100
48 101 122 22 105 16 88 3
103 53 30 29 37 48 101 7
38 77 0 90 8 113 17 32
43 32 36 18 38 77 8 103
36 43 39 32 93 8 84 119
95 107 8 45 36 11 23 50
8 27 11 50 21 82 84 107
84 42 21 82 103 127 8 30
27 61 17 8 108 42 40 36
77 61 113 18 41 103 72 14
93 84 77 8 79 69 113 18
113 39 93 10 8 79 40 36
113 126 10 93 0 79 40 8
15 113 43 126 119 14 37 41
15 84 43 93 69 113 5 24
95 15 11 40 113 46 107 13
15 45 95 113 40 13 50 81
113 66 15 108 40 4 13 119
113 4 66 42 15 119 83 14
113 108 8 10 100 69 40 15
10 8 79 41 113 93 39 15
10 113 0 41 79 8 73 119
43 36 10 100 32 113 8 79
36 43 39 32 57 119 79 93
36 43 126 32 10 57 23 46
15 43 36 23 126 119 113 41
15 84 43 36 39 24 23 8
107 8 95 68 50 45 110 82
8 21 55 56 82 19 50 15
15 21 55 8 82 92 127 37
15 8 84 21 127 82 4 33
8 15 127 33 4 126 100 82
18 107 15 8 127 100 66 4
38 14 35 8 42 21 96 58
82 48 92 67 14 34 100 79
30 103 75 48 31 29 117 7
107 82 67 8 79 100 95 40
82 50 21 8 107 55 79 56
82 21 50 84 8 27 107 81
82 27 61 33 108 8 21 127
82 33 27 11 126 127 42 8
27 8 82 126 33 61 115 42
77 33 4 82 127 41 8 18
84 39 127 82 33 8 4 77
63 33 8 82 126 23 39 40
82 63 33 92 8 126 41 127
126 11 8 63 33 32 82 23
33 8 107 68 82 11 95 110
55 21 8 56 33 101 42 82
42 21 100 30 33 82 67 127
42 21 100 30 82 33 8 67
84 42 39 8 21 36 82 40
27 66 8 61 108 17 42 127
69 2 4 77 18 40 14 127
24 69 5 14 102 93 56 8
126 40 95 110 81 61 5 8
126 61 27 17 8 81 5 43
77 61 103 113 41 63 83 18
38 77 8 93 39 113 32 43
38 77 0 113 63 32 18 17
43 32 36 18 38 77 113 103
36 43 39 32 93 8 119 84
126 32 36 43 38 113 63 23
15 14 38 35 43 8 106 37
95 107 45 38 15 81 11 23
27 8 11 50 21 127 84 81
65 53 42 105 48 106 37 31
103 122 31 48 42 37 29 51
30 75 125 48 99 85 7 58
92 65 48 122 34 85 105 67
75 30 103 31 53 48 29 58
53 48 25 29 26 67 85 52
65 42 105 48 53 106 122 31
103 122 31 29 48 51 75 37
30 75 125 48 99 7 85 58
92 48 34 122 65 85 105 7
75 30 103 31 53 29 48 7
53 29 48 25 26 67 85 52
65 105 122 53 48 106 42 31
103 122 31 29 51 48 75 37
30 75 125 99 48 7 76 85
92 122 48 34 85 105 7 30
75 30 103 31 53 29 7 48
53 52 26 104 16 25 29 106
31 37 53 96 5 93 103 35
5 31 53 37 25 92 102 58
92 105 122 29 99 104 51 76
53 37 5 31 25 65 93 67
53 68 37 5 25 26 67 104
127 16 67 81 14 19 52 92
68 107 50 127 8 67 19 45
101 19 55 8 60 68 16 114
63 56 55 101 33 8 82 119
67 46 41 92 14 82 51 119
33 67 8 19 63 65 82 119
33 67 8 28 42 26 52 60
8 27 56 33 55 61 115 82
77 4 119 23 72 41 83 33
103 122 31 48 29 58 75 35
30 75 125 48 99 7 58 29
92 48 34 85 65 76 67 3
75 30 103 31 48 53 29 58
48 29 25 26 53 67 52 85
65 48 105 122 42 53 28 29
103 122 31 29 48 75 58 99
30 75 125 48 99 7 58 88
92 48 34 122 76 85 105 65
75 30 103 31 48 29 53 58
29 48 26 25 53 52 67 85
65 48 122 105 29 53 58 88
103 122 31 29 48 75 99 51
30 75 125 99 48 7 76 88
92 34 48 85 122 7 65 76
75 30 103 31 29 48 53 58
68 53 25 26 67 29 104 37
105 50 101 68 104 127 25 26
55 35 101 96 42 37 3 93
35 5 113 37 105 67 25 53
92 105 29 37 94 99 104 81
53 37 5 25 35 48 67 65
68 67 100 25 26 85 45 81
101 19 55 8 68 16 82 3
56 63 101 55 33 82 8 19
67 92 41 82 46 19 14 15
33 67 8 19 63 65 82 93
33 67 42 8 26 28 63 52
56 27 8 61 5 17 55 67
77 5 18 41 83 61 119 51
84 5 93 8 24 69 43 77
5 8 14 40 4 93 43 35
48 67 53 26 22 92 5 34
68 67 45 107 26 48 50 81
50 127 68 101 81 105 67 82
101 42 127 35 14 55 28 3
35 96 93 55 101 14 103 48
35 5 37 92 67 113 25 58
92 48 14 88 104 67 105 29
53 48 75 37 22 35 99 103
68 67 107 100 45 25 81 50
21 56 55 104 82 50 105 127
84 39 21 8 36 82 40 119
14 66 127 35 8 93 5 43
93 14 96 5 123 102 24 120
93 38 113 58 46 79 92 63
38 66 93 23 89 58 81 37
66 81 4 40 107 3 37 105
66 27 108 8 110 61 40 81
27 110 108 81 66 8 93 61
27 17 8 61 110 93 126 108
77 113 41 103 18 14 83 93
79 93 8 84 69 77 43 103
79 39 93 8 113 119 10 43
79 93 10 113 8 0 119 36
79 113 43 38 93 39 36 46
110 0 43 8 79 113 10 38
110 79 126 113 38 46 0 18
17 110 126 93 79 8 43 27
32 77 18 79 46 61 103 43
32 39 38 93 8 79 77 36
32 38 126 8 36 46 62 17
14 35 43 40 69 8 15 79
14 35 93 43 103 69 48 15
84 8 81 56 127 92 15 21
27 66 8 110 61 40 108 93
27 110 61 18 66 8 93 126
27 110 8 17 93 18 61 126
77 113 41 18 103 14 104 83
93 8 84 79 69 77 43 113
39 79 8 93 113 119 10 43
79 93 10 113 8 0 25 36
43 39 38 79 8 93 32 67
38 43 32 126 8 79 113 93
43 113 69 126 15 46 14 38
69 43 84 93 8 126 103 79
126 43 69 41 91 93 119 15
43 41 15 119 125 49 103 18
43 84 41 103 39 24 93 15
43 95 39 79 38 41 46 32
108 110 66 8 79 32 38 43
110 66 108 79 18 72 46 126
108 18 43 79 113 126 100 38
108 32 17 8 79 61 115 57
126 110 18 79 61 32 8 108
126 18 17 108 8 32 27 79
32 18 77 103 79 126 57 46
32 39 38 36 57 93 24 79
32 38 126 36 8 18 87 62
14 43 15 22 79 88 18 119
43 103 35 15 69 30 14 93
100 126 67 25 30 62 43 22
103 22 67 36 35 53 43 30
107 95 8 68 45 67 110 79
8 101 19 55 68 50 16 82
8 55 56 101 2 82 33 19
75 103 48 30 29 76 34 111
75 48 76 118 111 125 34 7
48 34 75 76 85 92 122 74
75 103 48 30 76 7 29 34
67 53 26 34 31 48 92 37
31 93 96 37 5 103 106 58
31 5 37 53 58 92 93 25
92 48 81 76 51 74 99 104
53 30 31 37 48 103 65 29
68 67 53 37 5 48 93 31
127 81 16 67 92 14 41 19
68 127 107 50 67 8 19 81
8 19 101 55 68 60 16 114
56 55 8 36 101 2 82 93
8 56 4 23 17 40 93 89
8 68 95 4 33 23 19 40
8 127 101 19 16 68 86 55
19 37 93 114 8 101 52 51
19 5 127 65 8 37 86 68
5 55 19 114 101 36 93 37
93 96 123 120 14 5 74 48
93 38 113 46 58 90 79 92
38 31 93 106 90 120 58 123
93 37 5 38 58 31 124 51
93 78 92 5 56 102 37 3
93 36 31 37 5 106 58 89
36 93 31 83 89 92 81 23
31 93 120 36 113 123 58 5
58 93 37 92 31 51 99 5
92 53 99 93 3 58 25 67
93 37 36 31 5 25 53 105
93 3 36 65 37 51 105 86
75 103 48 29 16 30 76 34
75 48 76 118 90 111 103 7
48 75 92 34 74 76 122 7
75 103 48 30 7 34 76 58
48 67 26 53 58 5 81 92
68 67 45 107 26 48 81 50
50 127 68 101 105 81 67 45
101 42 127 35 14 28 55 48
35 96 93 55 101 14 103 22
35 5 37 92 67 113 58 25
92 48 14 88 104 105 29 51
53 48 35 103 75 37 22 29
67 68 107 45 100 81 85 25
21 56 55 104 8 50 82 105
84 21 39 8 36 119 40 82
14 66 127 35 8 43 93 36
93 14 96 5 123 102 120 24
93 38 113 58 46 79 92 63
66 93 38 23 89 58 81 37
66 81 4 40 107 3 37 105
4 40 66 8 108 127 17 81
4 18 127 40 8 126 66 25
18 4 8 127 126 40 33 93
4 127 18 107 68 8 33 42
8 127 16 68 101 37 124 60
8 37 19 124 101 93 114 5
19 5 127 8 65 68 37 64
5 55 19 101 36 114 93 37
93 96 123 120 14 5 102 36
93 38 113 46 58 90 79 92
38 31 93 106 90 120 58 123
93 38 37 5 58 31 92 51
38 43 36 93 5 8 37 39
95 45 38 68 8 14 36 40
45 50 36 105 68 86 14 37
42 14 40 37 35 5 101 3
35 93 31 14 96 36 37 120
66 67 25 37 45 92 113 40
55 67 37 105 25 92 66 5
69 36 25 93 5 39 67 37
45 95 100 68 14 36 8 107
56 21 55 50 104 92 8 51
8 84 110 33 21 82 37 39
110 33 8 21 27 108 82 107
27 110 33 42 8 18 21 15
27 110 8 17 61 93 42 43
77 113 41 43 122 94 103 93
79 93 8 84 69 43 77 119
79 39 93 113 8 119 43 10
79 93 10 113 8 0 36 119
79 113 43 38 93 39 67 36
110 0 43 8 79 113 38 10
110 79 113 126 38 46 93 0
110 17 126 8 93 79 43 27
32 77 18 46 79 61 103 43
32 38 39 93 36 77 79 24
32 126 38 8 36 17 46 93
14 43 69 22 79 15 18 119
43 103 69 35 93 14 15 30
100 126 67 25 79 62 22 46
22 103 67 35 36 79 53 100
107 95 68 8 45 110 67 79
21 55 8 56 50 127 82 101
21 55 127 8 50 84 72 38
38 43 36 93 5 8 37 39
95 45 38 8 68 14 36 40
45 50 36 68 14 86 105 37
42 14 40 35 36 101 5 37
35 93 31 14 36 96 120 37
66 67 25 92 45 113 37 100
67 55 92 25 37 105 5 66
69 36 93 25 5 67 39 58
45 95 100 68 14 36 8 107
56 21 55 50 8 104 51 92
84 36 119 39 86 21 40 127
27 8 66 17 40 61 108 93
69 77 2 93 18 40 5 61
69 5 8 18 93 40 77 2
5 69 24 39 93 49 8 43
35 14 40 5 18 45 8 4
35 5 14 120 93 37 36 43
68 107 25 45 92 8 95 67
8 27 21 11 55 50 56 3
84 21 42 127 103 82 40 30
61 8 66 14 82 40 17 92
27 61 8 108 17 83 40 5
27 126 8 61 18 5 94 40
41 77 18 103 72 37 46 83
69 84 5 41 14 43 8 102
18 14 100 41 40 103 35 49
14 38 41 103 18 35 93 3
38 18 41 13 92 23 37 83
18 41 13 39 25 67 92 23
126 95 61 40 41 46 17 18
14 127 18 40 37 77 64 69
5 14 102 24 37 96 8 93
21 56 8 72 127 51 15 41
8 110 84 21 33 82 39 37
33 66 8 4 108 63 110 115
66 33 4 110 127 18 8 27
33 110 8 108 4 115 18 66
27 42 8 17 108 61 82 110
77 61 18 113 41 103 0 63
77 8 84 93 69 79 113 103
39 79 113 8 10 43 93 119
10 113 79 0 8 93 77 57
113 79 43 39 38 93 36 57
110 0 8 43 113 10 32 38
18 11 113 95 110 57 0 63
8 18 126 82 50 110 61 33
126 8 18 113 0 11 110 32
69 32 2 8 18 36 115 127
32 8 39 33 38 36 115 69
32 126 8 46 115 38 33 0
115 32 38 8 126 0 33 46
43 18 46 4 0 119 23 80
38 84 8 43 32 0 39 98
38 0 32 113 43 8 119 46
43 38 113 46 12 0 23 119
43 39 38 84 32 12 119 8
43 38 32 126 0 113 46 23
15 43 23 38 119 126 113 12
15 84 43 39 23 8 24 32
107 8 95 110 68 45 127 33
8 101 19 55 82 68 50 33
55 33 63 8 56 101 82 19
33 67 8 92 82 41 119 14
33 8 67 63 19 82 65 93
35 37 48 31 14 82 58 42
67 100 48 37 82 85 22 35
82 124 79 67 48 100 14 85
31 103 48 30 35 75 3 37
48 75 22 125 100 67 85 14
82 48 79 14 92 67 15 34
48 75 103 16 29 30 31 3
48 75 22 125 103 34 104 67
48 82 34 79 92 14 85 81
103 75 48 29 34 7 30 58
75 48 30 34 125 118 76 92
48 34 92 14 79 82 122 15
48 75 103 30 34 58 7 29
75 48 30 34 125 104 118 76
48 34 92 122 79 81 67 75
75 103 48 30 34 29 7 99
75 48 125 76 34 104 118 103
48 34 75 122 81 92 76 79
75 103 48 30 34 29 7 99
75 48 30 76 92 118 104 34
48 75 34 92 30 81 122 76
75 103 48 30 29 99 34 118
75 48 125 76 118 104 34 111
48 75 34 122 76 7 81 92
103 75 48 29 7 34 99 71
107 82 79 8 26 67 50 100
82 50 8 107 21 55 79 56
21 50 82 84 27 8 127 55
61 27 8 33 21 82 42 17
27 8 61 33 41 21 126 82
41 77 33 103 18 61 127 46
84 41 39 103 8 127 33 43
93 123 96 120 92 36 102 14
93 38 113 46 90 79 58 92
38 31 93 106 120 58 123 23
93 37 58 38 31 5 92 86
93 78 92 102 56 96 37 5
93 36 31 37 5 106 78 48
93 36 31 26 81 89 104 105
93 36 3 51 105 37 65 89
93 36 37 5 14 92 48 53
68 36 93 127 19 37 48 105
19 93 101 16 127 37 92 3
93 96 55 58 120 114 101 3
92 58 118 37 117 105 83 111
92 48 104 94 88 118 74 105
48 93 37 58 75 5 92 103
68 48 85 19 67 58 105 81
118 16 48 75 92 94 74 104
96 93 55 120 106 58 113 48
58 92 83 37 51 105 89 113
124 93 65 96 78 92 56 102
31 38 106 93 37 103 120 49
68 58 23 81 25 89 13 78
118 13 109 23 81 16 49 83
94 37 104 5 92 83 93 16
120 36 106 58 31 93 103 37
92 99 58 5 36 37 29 53
31 123 120 36 37 103 58 53
37 117 99 92 58 86 94 5
15 93 37 5 106 120 96 14
15 5 92 78 38 37 65 93
78 15 68 89 31 5 102 37
16 118 81 104 94 13 49 109
30 75 48 103 31 29 58 34
48 75 30 125 22 34 67 100
48 34 92 82 14 79 15 67
48 30 75 103 34 7 29 58
75 48 30 34 104 125 22 118
48 34 122 92 14 85 52 65
48 75 103 30 29 34 31 58
75 48 125 104 34 118 76 122
48 34 122 75 92 14 81 7
75 103 48 16 29 30 7 99
107 82 79 8 67 26 95 50
82 50 8 107 21 55 79 56
21 82 8 50 84 27 127 107
82 61 27 108 127 63 8 33
82 27 61 108 126 33 127 63
41 33 77 63 82 127 18 103
84 39 41 33 82 103 127 8
63 126 82 33 23 39 8 89
82 63 126 41 33 92 15 127
126 63 11 8 41 82 32 33
33 8 107 68 82 11 79 63
55 21 8 56 33 82 101 42
42 21 100 30 33 82 67 11
42 21 100 30 82 33 8 61
84 42 39 8 36 82 21 40
27 8 17 66 108 61 40 42
69 77 18 2 40 93 61 14
69 24 93 8 5 102 2 46
14 8 4 40 5 35 37 93
14 93 5 35 37 120 42 106
67 92 5 40 25 37 93 14
126 40 67 61 92 110 25 95
75 48 103 16 29 30 7 3
48 75 125 22 103 104 34 29
48 34 82 92 14 85 122 79
103 75 48 29 34 30 7 31
75 48 30 34 104 118 125 92
48 34 92 15 122 14 52 81
48 75 103 30 34 58 7 29
75 48 30 34 104 125 118 76
48 34 122 75 92 30 81 85
75 103 48 30 34 7 29 99
75 48 125 34 76 118 30 104
48 75 34 122 76 81 92 74
75 103 48 30 34 29 7 99
75 48 30 76 104 92 118 34
48 75 34 30 92 122 76 81
75 103 30 48 29 99 34 118
75 48 125 118 76 104 111 34
48 75 34 76 122 7 81 88
103 75 48 29 7 34 71 99
107 79 82 8 26 67 100 95
82 50 107 8 21 55 79 56
21 82 84 8 50 27 127 81
82 61 63 108 127 27 8 33
82 27 61 108 126 33 8 63
41 77 33 63 82 127 18 103
84 39 41 33 82 127 103 8
63 126 33 82 23 39 8 89
82 63 41 126 33 92 15 127
126 63 11 41 8 82 32 33
33 8 107 68 82 11 79 63
55 21 8 56 33 82 101 42
42 21 100 30 33 82 67 11
82 55 50 21 1 56 107 8
21 82 60 50 84 55 127 8
27 61 21 82 8 5 98 1
77 61 113 82 41 103 83 63
38 77 79 8 93 113 32 39
38 77 79 0 113 90 32 8
43 32 36 79 38 113 18 77
36 43 39 32 79 93 84 119
107 68 8 95 32 79 11 36
55 35 101 19 42 48 37 104
67 100 82 48 28 66 37 22
67 105 42 48 85 92 34 22
48 67 105 3 35 37 30 122
67 22 48 11 126 105 38 85
67 11 22 68 48 82 100 38
48 105 122 35 103 3 55 29
48 67 100 22 66 28 29 37
48 67 92 105 85 122 22 42
48 75 103 3 35 30 16 67
67 48 22 38 11 63 105 85
67 48 68 45 22 100 26 11
48 103 105 122 35 29 75 37
48 67 22 100 28 29 66 37
48 67 92 105 122 85 22 30
48 103 30 75 3 105 67 7
67 48 22 105 38 85 11 63
67 68 45 48 100 26 82 50
21 8 56 82 50 55 27 84
21 42 82 48 60 107 30 127
21 42 82 8 55 48 60 61
21 42 84 27 33 60 82 15
27 61 8 21 82 42 33 17
43 32 2 79 93 36 14 67
43 38 49 79 93 32 24 39
126 32 61 17 38 93 43 8
32 15 79 39 38 62 93 8
15 79 41 43 46 12 62 100
84 79 15 8 69 43 32 40
39 18 84 79 15 93 43 62
108 15 66 79 18 110 32 62
108 15 18 79 66 13 100 62
108 79 61 17 93 15 46 32
108 61 79 93 46 32 17 8
18 79 82 126 4 46 8 11
126 18 8 46 79 11 110 32
36 21 32 42 46 18 62 79
36 32 84 14 69 79 25 62
36 32 24 49 39 84 125 25
36 108 32 66 46 62 38 25
2 36 69 108 46 18 32 66
69 36 2 14 32 57 113 100
36 57 69 2 32 8 40 49
100 51 14 57 46 67 11 36
36 46 39 100 67 92 57 40
107 95 8 45 11 50 82 57
8 21 50 55 82 27 33 56
42 21 8 50 82 33 11 63
63 82 8 42 50 27 21 55
42 82 11 63 50 21 33 127
42 82 57 21 50 36 55 63
57 50 100 82 11 42 33 21
50 56 55 27 82 57 21 100
42 21 82 50 57 63 11 33
42 21 82 57 50 127 33 63
8 84 110 21 33 39 82 40
33 66 108 8 4 63 115 110
66 33 4 127 108 110 18 8
33 108 110 4 8 115 66 18
42 27 8 17 33 108 110 61
77 113 18 41 61 103 72 43
8 84 79 93 69 77 43 113
39 79 8 10 113 93 41 43
10 79 113 0 8 93 36 32
43 32 79 2 93 14 36 67
43 49 38 79 32 93 8 24
39 38 43 32 8 57 84 79
108 110 43 79 32 38 10 57
32 17 108 61 79 46 93 8
61 77 17 126 46 18 103 79
84 103 39 32 69 77 43 8
126 108 32 17 61 8 100 46
69 32 4 126 15 84 8 46
126 8 32 100 15 11 79 46
21 36 32 42 100 46 4 8
36 32 84 14 79 69 100 25
36 32 24 39 49 84 25 125
32 108 36 66 46 62 25 38
2 69 36 108 46 18 32 66
69 2 8 32 113 14 24 93
46 51 14 8 24 13 2 41
46 100 126 92 36 8 77 64
46 126 100 18 36 113 92 62
113 46 18 103 100 43 41 83
84 113 69 103 43 39 36 46
113 39 58 8 13 43 89 62
107 95 45 8 11 50 82 57
4 8 81 18 40 45 95 11
21 81 4 127 66 92 117 40
84 39 21 127 8 37 40 81
66 108 127 100 40 4 60 18
14 42 8 5 127 35 60 82
35 42 48 37 122 31 103 14
67 48 30 125 37 75 85 100
124 82 67 92 100 85 34 48
31 103 30 37 75 7 48 3
75 48 30 125 85 92 100 51
92 48 34 52 85 14 122 100
103 30 75 31 48 58 7 29
75 48 30 118 34 125 76 104
48 34 92 122 14 15 85 30
103 75 48 30 34 7 58 29
75 48 30 76 125 34 104 111
48 34 92 122 75 14 81 85
103 30 75 48 58 7 31 29
75 30 48 125 76 118 34 104
48 75 34 30 92 122 85 74
75 30 103 48 29 99 58 7
67 8 107 100 26 45 127 25
8 50 16 21 56 27 55 82
8 42 50 68 33 82 16 21
55 8 21 56 82 101 33 50
42 21 100 30 33 82 127 11
21 42 8 27 82 63 33 61
21 27 42 82 33 8 61 55
77 127 82 63 21 41 18 4
84 127 39 8 82 33 43 4
107 8 11 33 82 127 95 63
21 82 107 55 127 8 56 27
43 32 2 79 93 36 14 67
43 38 49 79 93 32 24 8
32 43 126 38 10 93 110 8
126 100 32 8 36 10 79 18
32 8 126 69 36 2 18 11
8 32 36 39 38 10 33 11
107 95 8 110 11 33 50 38
8 21 50 82 55 127 4 56
8 21 84 50 82 127 27 33
82 8 61 127 27 108 33 63
27 82 61 8 33 126 108 127
33 41 77 63 82 127 8 15
84 39 41 33 8 127 82 15
63 126 33 8 82 23 39 61
33 82 41 63 126 92 8 15
126 63 8 11 41 33 32 82
33 8 107 11 68 63 82 95
55 8 21 33 56 101 42 82
42 21 100 30 33 67 82 127
42 21 100 30 33 8 67 82
84 127 39 42 8 33 21 82
27 108 66 8 42 17 61 33
27 127 18 11 126 33 42 8
27 61 8 126 17 127 42 41
14 8 77 2 113 4 35 40
35 14 113 93 37 79 96 106
113 67 92 35 25 100 8 40
126 67 25 61 113 100 92 95
24 5 14 69 102 2 8 37
126 77 61 40 5 46 8 102
126 37 18 113 41 46 77 81
69 14 51 8 102 37 84 100
82 92 48 14 34 52 85 105
103 30 75 48 31 58 53 29
75 48 30 125 104 118 13 22
48 34 92 14 85 82 122 15
103 75 30 48 34 7 29 58
75 48 30 125 104 103 76 34
48 92 34 122 14 75 30 52
103 30 48 75 58 31 7 65
75 30 48 125 104 118 76 28
48 75 30 34 92 122 81 85
75 30 103 48 29 99 58 34
107 82 79 67 8 100 26 95
82 50 21 8 107 55 79 56
21 82 84 50 8 27 127 81
82 61 27 33 108 110 8 21
82 110 27 61 33 127 8 126
82 27 63 61 126 33 127 8
27 82 126 61 33 63 77 108
41 77 63 82 33 103 18 127
84 39 41 82 33 103 127 63
63 126 33 82 39 23 8 61
63 82 41 126 33 92 15 127
126 63 11 82 8 41 33 32
33 8 107 82 11 68 63 95
55 21 8 56 33 82 101 50
42 21 100 30 33 82 67 11
42 21 100 30 82 33 8 67
84 39 42 8 82 21 36 40
27 66 108 8 17 42 33 40
27 18 11 126 127 33 8 63
27 61 126 8 17 41 127 18
35 113 14 77 93 2 103 79
21 50 8 56 4 81 55 92
8 110 84 21 33 82 39 50
33 66 8 108 4 63 115 110
66 4 33 110 127 8 18 27
33 110 108 4 8 115 66 18
42 27 8 17 110 33 108 61
77 113 18 61 41 72 103 43
8 84 79 93 69 77 43 113
39 79 10 93 113 8 43 36
10 113 79 93 0 8 36 32
43 32 2 79 93 36 14 67
43 49 38 79 32 93 24 8
38 32 43 46 39 79 62 8
8 46 108 17 32 79 62 93
32 2 36 69 46 18 77 8
36 39 32 8 33 2 93 46
107 95 11 8 36 110 33 45
8 50 21 82 57 107 33 110
21 8 33 79 57 82 50 4
79 33 8 21 82 11 66 57
79 8 33 11 68 107 57 100
8 21 55 27 82 56 101 79
21 8 55 27 82 33 61 56
127 21 82 77 18 4 33 63
84 127 39 8 82 33 4 43
63 82 126 8 39 33 23 127
63 82 33 8 127 41 126 92
126 63 8 11 32 82 33 127
8 11 107 63 82 33 32 127
21 8 82 107 55 127 33 27
21 27 107 82 127 8 84 33
27 61 33 21 82 63 8 42
48 92 75 100 105 29 104 76
48 123 16 92 100 125 103 41
53 92 81 26 48 67 100 25
68 107 67 26 53 82 8 25
21 56 55 82 105 8 104 107
84 8 39 21 36 119 40 82
27 8 66 17 61 40 108 93
11 18 40 8 77 68 107 14
101 42 8 68 86 40 3 37
101 42 35 40 5 14 55 67
14 93 120 5 31 42 35 101
5 14 92 35 58 3 93 42
5 42 93 78 92 37 3 106
67 45 37 26 40 25 105 16
40 66 50 4 45 3 82 8
55 31 40 82 96 5 93 37
89 40 5 39 105 92 37 58
40 95 45 68 89 13 107 37
50 37 45 68 101 86 127 105
14 101 42 40 35 55 5 37
14 35 37 93 96 5 120 101
5 14 67 92 37 58 35 53
5 92 78 48 37 42 67 53
67 45 37 26 25 16 100 48
40 45 66 4 26 100 67 50
5 55 31 42 36 37 92 93
126 40 5 61 66 36 100 89
126 5 17 93 43 8 40 61
38 93 77 39 2 43 18 5
95 38 68 45 107 40 18 100
50 45 37 68 101 105 86 41
14 101 42 35 37 5 16 55
95 40 38 81 18 4 45 61
27 93 17 40 61 5 8 37
69 77 18 2 104 37 93 41
69 5 93 36 37 8 102 24
93 5 18 36 37 77 90 69
38 43 93 36 37 5 8 24
95 107 38 45 8 11 36 40
84 8 56 50 40 64 21 37
27 8 61 17 108 66 93 5
77 61 18 72 83 40 5 41
38 84 39 93 63 37 8 103
38 126 63 61 32 40 93 5
15 43 126 38 23 119 18 13
15 126 8 32 69 40 43 18
126 8 11 15 4 33 32 40
4 8 107 33 68 11 15 32
42 101 8 68 33 50 3 127
42 27 56 21 8 101 55 36
36 21 2 69 40 37 42 92
36 39 69 63 93 24 2 14
66 108 36 4 40 63 48 25
66 108 69 4 36 42 48 14
69 36 93 48 39 37 43 24
107 36 95 11 4 40 100 57
107 84 36 100 4 48 103 40
27 107 61 17 108 40 8 66
103 84 61 77 17 18 46 40
126 61 108 17 46 100 40 18
103 15 18 41 126 72 119 46
14 40 15 69 84 100 113 43
14 93 48 96 58 84 120 37
113 37 40 14 15 92 58 100
48 92 75 100 29 76 81 104
48 123 16 125 100 92 103 41
53 92 26 81 48 67 100 25
68 107 67 26 53 8 82 25
21 56 55 82 8 105 107 104
84 8 39 21 36 40 93 82
27 8 66 17 61 40 108 93
11 18 40 8 77 68 107 14
101 42 8 86 68 40 3 37
42 101 35 40 5 14 3 55
93 14 120 96 31 106 5 101
5 42 35 14 58 31 78 93
5 42 93 78 92 48 3 37
67 45 26 37 40 105 16 25
40 66 50 45 82 3 4 8
126 31 40 55 82 5 66 8
126 17 27 5 93 8 40 110
77 113 18 61 40 83 41 119
84 39 93 77 8 43 5 103
107 95 11 68 45 40 50 8
50 45 68 101 127 37 86 48
42 101 14 35 55 40 127 5
93 120 96 14 106 101 31 5
5 58 37 92 93 78 13 31
5 78 93 37 48 92 16 13
45 67 37 26 25 16 40 100
40 45 66 4 26 50 100 3
126 31 40 55 100 93 5 66
126 17 27 61 93 5 40 25
77 113 41 83 119 18 103 72
38 84 39 93 119 77 5 24
95 68 38 45 107 11 100 50
92 75 48 100 76 81 103 29
48 123 100 125 16 103 92 41
53 92 81 26 67 48 100 25
68 107 67 26 8 45 53 82
21 56 55 82 8 105 107 104
84 8 21 39 119 36 40 82
27 8 66 17 61 40 108 93
11 18 40 8 77 68 14 107
101 42 8 40 68 86 3 18
42 101 35 40 5 14 3 55
93 14 5 120 96 42 31 101
100 58 14 5 78 113 35 42
100 78 5 42 93 53 37 31
67 45 26 37 40 16 25 100
40 66 50 3 4 45 82 8
126 40 55 31 82 66 100 8
126 17 27 5 8 40 93 110
38 2 77 39 93 5 18 24
95 38 107 68 11 45 40 100
50 45 37 68 101 86 127 105
14 42 101 35 40 55 5 16
14 93 5 96 120 55 106 16
120 93 96 17 48 101 113 37
18 100 41 14 58 78 113 35
14 18 35 37 5 93 105 48
65 103 48 93 30 58 41 37
67 22 45 100 37 85 41 15
45 100 67 40 3 66 50 81
55 96 31 5 40 82 93 67
113 40 119 82 5 126 18 67
43 113 15 119 40 89 41 83
43 69 15 84 93 100 40 113
48 75 92 100 76 81 29 83
48 123 16 125 103 92 100 41
53 92 81 26 48 67 100 25
68 107 67 26 53 82 8 25
56 21 55 82 8 105 127 104
84 8 21 39 36 119 40 82
27 8 66 17 61 40 108 93
11 18 40 8 77 68 107 14
101 8 42 40 86 68 3 18
101 42 35 40 5 14 55 3
14 93 96 120 31 106 101 42
5 42 35 14 58 31 92 78
5 93 42 78 92 48 3 37
67 45 26 37 40 16 105 25
40 66 50 45 82 4 3 8
126 40 31 55 82 5 66 8
126 17 27 5 8 93 40 110
77 113 18 61 40 83 119 41
84 39 93 77 8 43 103 5
107 95 11 68 45 40 50 8
50 45 127 101 68 37 48 86
42 101 14 35 55 40 127 5
38 96 14 93 35 42 101 58
58 5 38 14 37 35 105 92
5 78 48 37 42 93 16 35
45 67 37 26 16 25 100 105
40 66 45 4 26 100 3 50
126 31 40 55 100 93 66 5
126 17 27 61 40 5 93 110
77 113 18 41 83 119 103 51
38 39 84 93 77 119 48 5
95 38 68 45 107 11 57 48
126 8 15 18 36 93 40 110
107 95 45 11 8 18 40 110
21 56 8 72 89 40 37 41
84 21 37 39 8 40 5 127
66 8 17 100 126 127 18 40
18 66 100 107 8 108 110 40
14 42 18 127 8 4 40 60
14 42 106 5 37 93 35 8
42 122 48 14 93 106 37 30
67 53 100 85 48 92 30 26
100 53 31 48 67 3 14 92
48 14 122 103 30 75 100 31
48 67 85 22 122 117 26 92
48 92 67 29 85 75 14 34
67 48 22 123 96 125 37 85
100 92 48 125 81 83 41 29
100 92 104 48 14 29 81 31
48 100 125 123 92 16 103 14
100 92 48 29 83 45 81 104
92 100 104 29 41 48 75 14
125 48 16 123 100 92 103 41
26 92 100 53 67 29 48 81
107 68 8 67 45 100 25 26
21 55 56 104 8 51 127 83
84 36 8 21 119 127 40 39
27 8 66 17 61 40 93 5
18 11 40 77 8 68 14 38
101 8 42 86 68 40 37 3
42 101 5 40 35 14 55 3
14 93 120 96 106 31 5 101
5 42 35 14 58 31 78 53
5 42 78 93 92 37 48 3
14 93 96 5 123 120 62 37
93 77 56 79 103 96 62 5
49 93 103 62 32 46 77 41
49 93 32 38 103 83 41 46
49 38 93 83 32 103 62 125
31 38 93 106 37 5 96 58
93 31 38 37 58 5 78 81
31 93 5 37 120 123 35 58
92 31 93 37 58 5 99 25
31 123 93 53 5 106 120 92
66 31 93 25 92 5 45 113
66 4 107 40 25 3 95 81
66 110 8 4 108 81 40 17
18 110 126 4 27 127 66 81
61 27 8 18 126 17 93 110
77 18 103 113 41 83 49 46
77 103 84 43 8 119 14 18
77 18 93 25 32 103 0 41
32 43 2 93 79 69 14 8
49 32 41 100 62 13 69 103
49 32 41 100 92 57 16 117
49 32 83 38 125 25 62 93
49 32 38 62 25 79 43 46
43 62 49 25 46 37 113 119
43 84 39 8 62 69 32 24
43 35 14 40 13 37 89 62
14 35 38 43 58 96 120 106
43 25 38 37 23 45 58 92
8 43 38 32 25 79 126 93
46 79 113 84 25 8 93 43
46 113 108 8 17 0 62 66
18 46 108 79 62 25 8 126
82 61 33 27 108 110 21 127
82 110 61 27 33 126 127 108
82 27 63 61 126 5 33 17
27 126 82 61 63 33 108 77
41 77 63 33 82 103 15 18
84 33 39 82 41 69 127 8
126 33 82 61 8 4 127 15
14 38 2 37 5 35 82 69
5 38 82 53 40 66 31 37
5 42 37 53 35 14 38 93
42 48 37 35 93 31 5 106
48 67 30 37 100 125 42 75
124 82 48 100 67 92 79 85
48 30 31 3 53 75 103 37
107 82 68 8 67 33 95 26
55 21 82 56 8 33 50 101
42 21 100 82 33 30 11 67
42 35 21 82 14 37 93 55
66 67 108 42 100 92 82 25
113 67 66 25 92 100 4 42
113 84 67 5 25 37 93 92
113 25 67 5 22 92 42 57
43 38 35 14 103 106 58 24
113 43 95 25 81 38 45 107
45 113 43 50 95 81 4 25
113 66 4 25 81 58 108 18
42 113 66 14 4 58 18 22
35 42 103 48 37 14 22 53
67 45 100 107 22 50 82 25
67 50 21 56 100 55 82 85
84 21 39 82 8 67 127 33
66 108 33 17 27 82 40 63
67 45 50 82 100 25 81 95
84 82 21 50 66 127 8 107
27 82 8 110 66 108 21 107
27 82 127 110 81 108 66 92
27 82 8 61 110 108 17 37
27 8 82 110 108 61 33 77
77 41 79 113 18 61 82 103
79 84 39 82 77 41 33 93
107 8 33 82 68 95 79 11
8 55 21 82 56 33 50 101
42 21 100 30 82 33 11 67
42 82 8 21 33 61 100 5
42 8 33 27 82 84 21 100
82 61 27 8 63 108 127 33
27 61 82 126 8 108 33 63
41 77 33 63 82 127 103 15
84 39 41 8 33 82 127 103
63 126 33 8 23 82 39 89
63 82 41 126 33 92 127 8
126 63 11 8 41 33 32 82
33 11 107 8 63 41 82 95
21 127 41 82 56 55 42 50
84 127 39 82 8 21 41 119
66 27 108 63 8 17 40 61
27 18 11 127 126 33 63 8
27 8 61 17 126 42 40 5
69 77 2 40 61 18 5 8
69 5 40 8 18 77 2 12
24 5 49 39 69 40 8 36
126 8 40 4 5 61 18 38
38 120 14 96 93 37 5 43
40 95 38 45 107 4 81 18
32 36 2 8 93 14 69 40
32 8 36 49 39 93 38 24
32 49 38 8 36 126 62 25
43 38 14 35 8 37 106 103
95 107 8 38 45 32 11 81
8 21 55 50 82 56 127 15
21 55 36 8 32 82 40 42
36 32 14 69 84 93 79 43
36 32 24 39 49 8 93 84
36 32 107 66 95 8 11 46
107 84 36 66 103 8 42 82
27 8 61 17 107 108 36 66
113 77 18 83 72 41 46 94
113 84 93 14 77 39 119 8
113 93 18 77 25 119 0 79
32 43 8 79 93 113 2 67
32 39 38 8 43 79 10 93
32 38 113 95 8 11 43 45
8 126 27 17 55 61 32 113
2 69 5 14 102 24 8 18
95 11 18 40 45 107 4 8
61 27 38 93 2 8 17 55
61 38 39 100 126 77 2 27
84 61 39 103 2 79 113 66
11 61 95 63 45 100 113 107
11 95 61 45 18 77 113 46
27 61 17 38 46 77 100 8
103 61 84 77 17 46 113 18
126 61 17 108 46 18 27 100
103 15 18 126 113 46 41 77
84 8 39 69 93 103 43 15
107 95 11 45 8 50 15 46
2 77 38 8 39 28 32 41
95 107 8 38 45 11 46 50
50 8 21 16 55 27 82 56
42 21 50 82 33 8 16 4
42 82 21 84 50 8 33 127
82 8 27 110 42 21 33 108
82 27 110 42 127 33 108 21
82 27 61 8 110 33 108 115
27 82 110 8 33 61 108 77
82 79 8 27 33 39 61 77
79 4 82 33 8 100 14 57
79 84 39 82 43 40 8 33
79 108 33 82 0 4 40 113
79 126 0 33 4 40 11 82
79 21 126 82 37 40 72 92
84 79 39 43 82 21 37 8
108 79 66 100 40 126 18 89
14 79 5 82 42 8 35 108
35 42 31 37 103 14 82 5
67 48 100 37 30 82 53 5
82 124 79 100 67 92 85 3
3 31 30 103 48 37 53 75
8 107 82 79 68 67 95 33
8 55 21 82 33 56 50 101
42 21 82 100 33 30 8 11
42 82 8 33 21 61 5 100
42 8 33 27 82 21 84 100
82 61 27 63 8 108 33 127
27 82 61 126 33 108 8 63
41 33 77 63 82 127 8 103
84 39 41 33 8 82 127 103
63 126 33 82 8 39 23 61
79 66 108 82 0 40 110 4
79 108 113 82 18 0 33 4
79 126 0 11 82 33 18 8
84 79 82 21 126 43 4 61
84 79 39 82 8 40 127 1
108 17 79 82 40 126 66 61
107 79 8 11 82 95 33 18
82 8 21 50 79 55 33 56
8 82 21 84 50 27 33 127
82 63 61 108 27 33 8 60
82 61 27 8 33 108 127 126
41 33 82 77 63 127 103 61
84 41 39 82 127 103 33 8
63 126 82 33 23 39 8 89
82 63 41 126 33 92 15 127
126 63 11 41 32 82 8 33
33 8 107 82 68 11 79 63
55 8 21 33 56 82 101 42
42 21 100 30 33 82 67 11
42 21 100 30 82 8 33 67
84 42 39 8 82 36 21 127
27 108 66 8 17 42 33 40
27 18 126 8 40 108 61 33
14 2 35 69 8 5 93 96
35 5 53 92 14 40 42 37
92 82 14 48 81 15 83 127
103 93 5 53 37 35 48 78
67 107 100 45 40 48 82 11
50 27 11 8 100 82 21 107
21 84 42 82 36 107 127 41
42 108 21 27 82 84 107 36
2 69 127 36 42 82 30 40
82 110 27 61 33 8 127 126
82 27 110 33 126 8 61 115
82 33 4 77 8 39 27 115
4 84 33 79 82 127 43 8
108 39 33 82 79 110 4 8
79 126 63 33 82 61 8 18
82 33 79 63 126 92 41 124
126 11 79 8 33 63 32 82
33 8 107 68 11 82 79 110
8 21 55 56 82 19 33 101
84 8 82 127 21 33 37 39
66 8 126 127 17 33 100 82
18 8 100 107 66 127 82 33
42 14 8 127 18 5 35 37
35 42 48 37 31 106 14 122
67 48 37 30 100 85 35 127
82 67 124 48 8 92 34 100
31 48 30 3 35 37 75 103
67 25 85 100 127 48 8 26
107 50 67 8 100 66 82 4
21 38 35 14 42 37 92 96
66 40 4 38 25 113 108 81
66 69 25 81 4 92 108 37
24 69 25 5 39 36 37 48
126 5 4 40 25 37 82 8
32 2 69 46 62 126 18 40
67 32 39 22 8 43 38 119
67 32 107 11 46 95 38 22
32 50 67 46 42 55 8 11
14 42 66 100 30 36 32 37
30 42 14 36 100 67 35 37
67 100 107 45 50 11 82 42
32 36 77 61 69 18 40 57
32 36 30 67 15 18 57 43
32 36 69 43 84 46 67 100
32 67 46 36 100 43 69 22
32 39 125 67 46 18 43 36
107 95 45 11 8 110 67 46
8 21 50 107 57 82 11 56
21 57 50 107 42 110 8 36
21 42 57 72 64 83 127 51
84 127 39 8 21 82 57 40
127 8 66 17 126 110 84 23
18 66 8 127 107 108 100 82
2 69 18 66 127 108 40 81
33 8 115 2 0 10 18 69
0 115 126 10 33 46 4 82
15 84 126 57 0 33 43 10
15 8 57 84 17 43 39 4
33 8 107 57 110 68 82 127
8 21 55 82 56 33 127 50
21 8 55 127 33 82 84 50
33 8 27 21 61 82 127 115
77 127 33 94 23 72 61 119
84 127 39 8 77 33 103 43
126 8 33 61 4 127 110 95
126 127 4 119 18 23 33 69
69 84 127 8 39 43 33 37
127 14 40 8 18 35 4 89
14 35 5 96 82 48 37 3
5 35 37 3 92 53 66 58
37 5 53 31 48 92 35 93
48 122 106 14 93 96 35 42
48 106 122 30 7 75 16 99
110 18 126 11 79 8 113 0
110 126 18 79 8 27 113 93
21 32 79 36 46 87 8 57
32 36 46 2 93 8 40 84
32 39 125 46 18 38 41 8
32 108 46 66 38 95 87 18
108 32 46 66 38 87 18 62
32 108 46 18 87 62 93 10
107 100 95 8 11 45 110 46
50 8 21 16 82 55 27 56
42 21 50 82 33 8 16 4
42 82 21 50 63 33 27 8
42 82 21 33 50 11 63 8
42 82 57 21 36 50 55 63
57 82 42 21 100 50 33 11
50 42 100 82 57 63 27 48
42 50 11 57 82 63 33 21
55 50 27 82 63 56 21 33
42 21 82 50 33 63 11 48
21 82 63 27 42 55 61 77
21 82 27 61 42 55 63 33
82 77 21 127 63 18 4 33
84 127 39 82 33 4 69 63
82 11 107 33 127 63 95 50
82 21 50 55 33 27 107 127
82 27 21 84 50 33 127 107
27 21 82 61 33 4 127 108
77 61 127 82 4 63 33 18
84 127 39 77 82 103 4 60
63 126 82 23 33 61 40 39
63 82 33 126 41 92 61 124
126 11 63 82 32 33 8 127
53 35 65 25 67 48 37 78
67 82 100 107 40 31 66 25
31 35 67 82 55 37 48 106
31 78 25 92 35 37 5 82
31 78 25 37 58 29 35 53
67 25 53 37 82 31 40 113
53 25 66 3 67 37 35 31
53 37 67 25 5 35 48 31
48 122 93 14 35 42 106 53
107 68 67 82 25 100 48 53
55 35 101 82 48 93 3 37
25 92 31 48 78 93 102 37
31 78 25 37 48 58 53 29
67 25 48 53 113 31 66 37
53 66 25 3 67 105 57 48
53 57 35 37 103 48 36 93
48 31 99 37 82 53 29 25
37 31 78 58 122 25 48 29
57 53 26 107 82 25 37 48
107 82 50 57 37 40 31 100
21 84 82 107 42 92 48 50
27 61 82 108 107 21 66 17
27 77 61 126 82 40 46 18
79 35 103 36 37 82 93 48
53 3 79 66 92 37 25 78
82 29 53 67 92 79 35 113
53 29 103 36 3 37 67 25
53 67 79 22 25 29 100 3
82 67 48 92 36 79 26 104
53 67 103 30 37 29 36 22
67 82 31 100 40 25 53 107
82 67 100 79 50 66 25 21
110 126 18 79 8 27 113 93
21 32 79 87 46 36 8 57
32 36 46 2 93 8 40 79
32 39 125 46 18 41 38 8
32 108 46 66 38 95 87 18
108 32 66 46 38 18 87 62
32 108 46 18 87 93 10 40
100 107 95 8 11 45 46 110
8 50 21 55 82 27 33 63
42 21 8 82 50 33 63 11
42 82 21 36 27 33 11 8
36 82 42 21 57 11 33 27
57 11 36 82 33 42 10 8
57 33 10 30 42 82 4 36
57 33 100 11 50 4 42 82
50 82 21 33 57 55 27 8
21 82 50 84 27 33 127 8
82 63 61 27 108 33 127 21
82 27 61 33 127 108 126 63
82 127 33 77 4 63 41 18
84 127 39 82 33 4 43 77
8 33 82 107 68 11 95 127
21 55 82 8 56 127 19 50
84 127 82 39 21 8 33 48
27 8 66 17 108 61 82 127
14 2 93 77 35 120 18 78
126 92 40 61 108 25 5 81
69 92 14 103 113 126 35 37
103 69 5 93 35 53 37 40
100 67 107 50 11 45 40 82
50 27 11 8 21 82 107 40
84 21 42 82 40 127 103 107
113 42 14 35 66 18 25 4
35 22 37 103 30 58 29 53
67 22 100 126 4 25 40 85
15 67 84 100 126 22 69 4
84 67 4 15 100 126 8 11
67 107 68 45 15 8 57 100
50 3 101 29 16 52 99 37
67 50 127 29 88 26 94 104
84 67 42 56 51 52 103 72
27 61 17 40 66 37 8 67
2 14 77 93 96 84 5 18
126 40 5 78 61 89 113 37
14 103 113 92 18 35 48 69
103 5 37 35 69 93 40 53
67 100 68 45 85 11 95 40
50 52 37 29 3 16 101 122
67 50 7 41 85 88 127 29
84 67 56 42 103 51 52 41
66 27 84 11 61 8 40 127
61 27 8 93 14 66 82 5
27 61 8 83 108 17 40 5
27 126 8 61 18 40 94 86
41 77 103 18 37 46 83 12
38 84 39 8 32 41 93 37
38 41 32 113 40 119 25 126
43 103 35 14 15 38 93 106
43 126 25 38 113 92 67 40
15 38 126 63 43 32 8 67
15 38 126 63 32 113 41 25
43 15 22 14 38 41 18 92
43 15 22 103 67 35 63 41
67 15 43 22 100 95 85 63
84 56 67 42 40 103 51 52
27 61 8 108 17 3 66 92
27 126 61 8 40 41 17 108
41 103 77 18 46 40 37 72
38 84 39 32 8 41 93 119
38 41 32 40 39 119 113 126
43 35 103 14 15 38 79 93
126 43 25 92 17 66 67 32
126 18 8 43 25 32 27 40
18 14 41 69 103 40 35 82
103 41 53 18 69 30 35 57
67 100 11 41 95 107 40 15
27 8 126 61 107 17 55 50
27 126 17 61 8 40 83 77
126 18 27 11 17 61 77 40
18 103 22 41 14 77 113 40
103 30 35 22 41 18 67 29
67 126 100 22 36 11 32 61
126 11 36 67 32 100 63 22
11 107 95 45 68 8 41 67
50 29 16 37 101 41 83 52
67 50 45 104 41 26 88 29
55 21 56 61 8 40 27 42
36 55 21 8 32 40 42 67
36 39 32 84 67 43 93 79
36 35 89 106 103 79 53 25
36 107 25 67 66 92 40 32
36 107 27 21 25 66 126 40
84 35 36 21 103 14 92 79
106 31 35 99 58 25 78 92
66 25 67 29 92 35 53 113
66 25 108 67 113 36 40 92
38 58 25 45 92 43 81 37
95 38 81 25 43 92 40 3
69 92 2 81 25 36 37 104
69 8 14 36 93 113 37 58
39 58 89 113 8 125 13 36
35 113 14 36 45 13 89 25
14 58 35 31 113 43 120 106
107 45 95 25 8 40 67 81
84 8 81 56 21 37 127 41
27 8 66 110 61 40 17 108
110 27 18 61 66 8 72 126
27 110 8 17 18 93 61 126
77 113 41 18 103 14 72 83
84 93 79 113 103 8 14 39
93 113 25 79 18 119 62 8
43 113 41 119 49 83 15 46
43 69 93 8 79 100 10 15
10 43 93 79 41 125 100 36
43 93 10 125 24 49 79 41
8 43 79 93 46 39 62 10
46 79 113 84 93 8 43 25
46 8 113 108 66 79 62 93
113 18 46 103 41 77 4 83
84 103 113 69 43 41 18 39
107 95 8 68 45 100 11 110
21 55 8 56 127 15 3 50
21 55 127 15 64 83 92 42
84 69 43 39 8 21 127 33
14 127 18 35 89 66 42 43
14 38 96 35 58 31 42 106
35 5 38 37 66 58 14 31
42 5 37 35 93 106 14 48
14 36 35 113 13 100 40 8
14 58 113 31 36 120 93 35
107 95 45 8 25 40 81 113
84 81 8 56 40 41 127 21
27 8 61 17 108 93 66 5
77 61 83 18 17 72 41 46
84 103 77 39 93 32 37 43
11 95 61 40 63 46 77 13
11 27 61 8 126 50 40 77
27 61 17 8 40 5 42 37
2 69 8 14 102 40 98 5
2 24 8 69 98 23 5 49
126 110 23 61 95 46 38 63
126 27 17 61 8 110 23 77
77 14 41 113 103 18 72 83
84 79 93 103 14 113 39 77
113 93 79 25 77 119 18 0
43 41 113 119 49 83 15 46
43 69 93 100 10 79 8 15
10 43 93 79 41 125 100 49
43 10 93 24 125 41 39 79
43 46 39 79 10 49 62 95
17 108 46 61 8 79 93 27
17 108 46 126 18 93 8 79
18 46 126 108 17 41 77 93
35 41 14 113 103 18 43 4
103 14 41 35 113 43 58 93
107 8 95 45 68 110 50 100
8 84 21 55 50 56 127 15
84 21 8 127 33 55 60 82
33 8 39 21 127 42 4 82
33 108 8 39 38 17 82 4
75 103 48 111 76 30 34 7
75 48 76 118 111 104 81 34
48 81 34 75 92 74 85 76
75 103 48 30 16 34 76 111
53 26 67 29 48 37 34 104
31 96 58 67 93 106 3 48
31 53 58 37 5 89 42 35
14 81 92 48 15 74 104 105
53 48 31 103 37 35 93 58
67 26 45 15 81 127 31 41
107 68 8 67 33 95 82 26
21 55 56 127 104 8 82 51
84 8 39 21 36 119 127 82
14 127 66 8 36 35 43 4
93 14 96 5 120 123 37 24
93 102 96 56 124 58 5 51
43 93 15 103 79 56 100 102
43 93 15 102 69 56 90 96
93 43 79 125 56 41 36 46
93 43 24 125 10 41 46 79
93 66 89 23 58 40 117 43
66 4 40 81 107 95 3 105
8 110 66 108 81 4 40 17
18 110 126 8 4 27 66 81
18 8 126 93 17 27 110 61
77 18 113 41 103 14 83 93
84 93 79 113 103 14 8 39
93 113 18 25 79 119 62 77
43 41 113 119 49 83 15 46
43 69 93 8 79 100 10 15
10 79 93 43 41 125 100 49
43 10 93 125 24 49 41 79
8 17 108 61 46 79 27 93
108 17 126 8 18 46 93 79
18 46 126 108 17 93 62 25
18 113 41 103 46 126 77 43
69 84 103 113 41 43 93 8
107 95 11 100 8 45 18 50
50 21 8 56 82 55 127 107
84 8 21 127 33 39 4 82
8 39 33 127 58 42 82 89
84 8 126 66 33 127 82 4
33 66 4 107 127 82 42 8
42 14 38 96 35 8 106 58
38 35 58 5 42 66 105 14
42 5 14 37 35 106 38 93
42 48 35 106 31 58 103 122
30 48 125 75 67 100 81 92
124 48 92 67 82 100 14 85
30 31 48 75 3 103 7 53
75 48 30 125 117 7 92 111
48 92 34 14 105 67 30 15
75 48 30 103 58 31 117 16
75 48 103 111 34 76 22 7
48 75 34 92 14 122 76 81
75 103 48 30 34 111 29 16
75 48 76 111 118 103 125 34
48 75 34 81 111 30 74 76
75 103 48 30 16 34 29 7
26 67 127 15 107 29 34 45
31 58 67 96 103 105 106 34
58 31 42 89 66 35 53 5
14 81 48 92 122 127 15 74
103 48 35 53 58 31 37 75
75 48 76 111 22 34 103 104
48 92 34 76 75 81 105 65
75 103 48 30 76 111 29 7
75 48 76 111 118 7 81 104
48 34 75 105 81 76 92 74
75 103 48 30 16 7 99 29
48 53 26 29 37 67 34 81
31 96 58 3 93 37 48 67
31 58 53 37 5 42 102 35
105 48 81 92 14 74 83 104
48 31 53 103 58 93 37 35
37 67 53 26 48 31 22 25
68 107 67 8 127 81 82 26
55 21 56 8 27 82 50 101
42 21 100 30 107 67 125 127
42 84 100 30 8 21 72 127
27 8 61 42 17 108 5 66
14 77 35 5 18 40 8 2
14 35 5 120 93 37 31 58
92 67 113 25 5 99 58 35
126 25 61 67 40 4 92 108
69 126 4 25 5 92 18 81
69 5 25 67 8 24 39 37
69 126 5 37 25 40 67 36
43 38 5 37 93 69 8 39
126 67 100 38 43 95 40 62
2 5 126 37 67 113 40 13
35 113 14 105 40 41 5 37
14 113 35 58 43 103 41 31
53 113 105 37 35 5 3 78
14 37 92 48 65 3 105 51
65 53 103 30 37 3 58 78
43 113 41 119 93 79 46 49
43 69 93 79 8 100 10 62
10 79 93 43 41 125 100 49
43 93 10 79 125 24 49 41
8 43 79 93 46 39 62 10
79 46 113 84 93 8 43 15
46 113 108 62 66 79 25 18
46 108 8 113 79 93 0 18
46 113 18 108 62 79 90 93
113 46 18 103 83 41 117 119
113 84 103 69 43 79 93 119
107 95 100 11 45 81 50 8
84 50 56 8 21 81 127 100
84 66 8 21 50 4 82 108
27 66 61 108 17 4 8 42
69 2 4 18 77 14 40 127
69 8 2 14 98 40 93 32
69 8 24 2 23 98 49 46
23 8 39 115 4 10 33 15
8 107 110 68 95 11 4 45
21 55 8 27 56 50 82 101
18 21 8 33 42 82 100 60
127 21 42 55 35 3 18 82
35 38 14 96 55 101 106 42
35 58 5 38 66 3 37 105
5 42 93 35 37 48 78 106
48 42 35 106 31 58 37 93
48 30 75 67 125 100 85 53
48 92 67 100 3 85 124 34
30 31 48 3 75 53 103 7
48 75 30 125 85 92 76 7
48 92 90 88 105 34 51 67
32 113 38 126 43 61 110 119
126 113 43 32 108 38 8 30
61 17 32 108 93 43 8 113
18 113 95 11 45 68 8 107
50 45 68 105 113 41 18 101
113 42 14 35 3 40 55 5
96 14 113 31 35 93 106 120
113 66 40 45 58 37 83 25
113 105 83 119 94 42 51 89
113 8 119 69 32 36 77 84
113 39 119 36 41 10 43 13
113 10 36 119 41 25 0 32
38 43 113 39 32 36 67 10
36 113 32 43 126 66 38 46
36 39 87 32 84 43 119 8
108 32 36 87 66 113 79 81
108 17 32 87 36 61 9 8
95 45 68 107 8 11 113 18
21 56 55 8 50 51 15 72
84 119 21 39 36 127 8 86
66 27 8 61 17 108 127 4
32 2 69 8 18 77 40 22
67 32 69 8 2 22 40 46
18 67 32 8 24 46 49 38
126 110 32 67 38 46 95 40
126 8 17 32 61 46 27 110
126 27 8 32 17 18 46 61
32 126 41 77 18 8 103 46
32 36 41 8 69 43 15 119
32 36 8 39 93 46 38 10
32 36 0 38 46 17 8 10
43 38 32 39 77 103 8 2
21 82 50 84 27 8 33 55
82 61 27 33 8 108 21 127
33 82 27 11 127 126 42 8
27 8 33 126 82 61 115 42
77 33 4 82 127 8 41 0
84 39 127 8 33 82 4 77
63 33 126 8 82 23 39 40
82 63 33 126 8 92 41 127
126 11 8 63 33 32 82 127
33 8 107 68 11 82 95 110
55 21 8 33 56 101 42 3
42 21 100 30 33 82 67 127
42 21 100 30 33 82 67 8
84 42 39 8 36 21 40 86
27 66 108 17 8 42 61 40
27 18 11 126 127 33 42 63
27 61 126 17 8 41 18 127
113 14 77 35 93 2 37 120
126 113 92 25 4 61 81 40
37 14 113 105 102 120 5 93
31 37 103 35 83 13 5 93
37 53 31 105 58 92 35 65
92 14 83 104 15 94 37 105
65 53 103 37 30 31 58 3
37 53 31 100 25 67 125 15
14 104 15 37 48 105 83 85
31 37 53 103 25 30 35 117
67 25 107 45 100 37 53 95
21 55 56 50 37 16 46 61
66 126 84 92 61 46 4 21
66 11 108 107 4 8 33 100
4 36 108 66 17 82 40 27
103 53 35 31 37 22 48 62
107 82 45 50 67 100 66 8
82 50 84 21 107 8 55 127
82 27 8 21 110 66 50 107
82 27 21 127 110 81 92 66
82 27 61 8 110 17 108 33
27 82 110 8 33 61 108 77
82 27 79 8 77 39 33 61
79 4 82 100 113 33 8 14
79 84 39 82 43 40 113 62
79 66 108 82 4 0 33 8
79 108 113 4 82 0 33 18
79 126 0 11 4 82 8 33
84 79 82 21 126 4 43 61
84 39 79 82 40 43 93 8
66 108 79 82 4 40 126 61
108 79 4 17 40 61 93 126
126 18 61 40 79 4 108 93
38 84 126 18 69 79 32 4
39 84 38 32 40 79 4 62
107 8 79 33 82 95 68 110
21 8 55 82 27 56 50 63
21 82 55 27 8 61 33 126
82 21 127 77 18 33 63 4
84 127 39 82 8 33 69 43
107 82 11 127 8 33 63 95
107 82 127 21 8 4 23 33
84 39 82 21 127 8 40 24
27 8 66 17 108 61 40 82
8 40 2 14 77 18 4 5
14 93 96 120 37 106 42 2
40 93 43 5 37 89 113 8
21 82 50 84 27 8 33 55
82 61 27 33 110 108 8 21
82 110 27 61 33 8 127 126
82 27 63 61 8 33 126 127
27 82 126 61 33 63 108 77
41 77 33 63 82 103 15 18
84 39 41 82 33 63 103 127
63 126 33 82 39 23 8 61
82 63 126 41 33 92 15 127
126 63 11 8 41 82 33 32
8 33 107 68 82 11 63 95
8 55 21 56 33 82 101 27
42 21 100 30 82 33 67 11
42 21 100 30 82 8 33 67
84 42 39 8 36 21 40 82
27 66 108 8 17 42 40 61
27 11 18 126 127 8 33 40
27 61 126 40 17 8 18 5
2 14 18 77 5 120 8 113
40 53 78 5 35 37 113 14
37 35 53 102 5 113 103 93
31 37 113 106 35 120 5 58
31 53 37 113 15 78 25 5
31 37 35 103 113 53 58 93
107 25 45 31 37 40 53 102
21 50 8 27 82 55 56 52
21 35 14 37 82 84 103 62
66 108 25 92 67 100 113 37
66 14 25 37 92 108 30 67
22 53 25 30 67 37 103 29
100 67 22 11 25 125 81 95
113 2 21 84 37 100 35 67
79 84 39 82 43 40 62 93
79 66 108 82 0 8 40 110
79 108 82 113 0 18 33 100
79 126 0 11 82 18 33 8
84 79 82 21 126 43 40 4
84 79 39 82 8 40 127 1
108 17 79 82 40 126 66 61
107 8 79 82 11 18 33 95
82 8 21 50 55 79 56 33
82 8 21 84 50 27 33 127
82 61 27 33 8 108 21 63
82 33 27 11 8 126 127 42
8 27 82 126 33 61 115 42
77 33 4 82 8 127 41 0
84 39 33 82 8 127 77 4
63 33 126 8 82 23 39 40
33 82 63 92 126 41 8 79
126 11 8 63 33 32 82 23
33 8 107 68 82 11 110 79
21 8 55 56 82 19 101 33
84 8 39 21 82 36 86 119
66 8 108 82 62 40 27 4
32 2 8 40 62 82 18 33
32 67 69 8 2 40 46 93
18 32 67 8 24 46 40 49
32 95 107 8 67 46 82 38
21 56 50 82 67 55 12 41
84 21 40 8 69 82 32 100
125 84 49 8 24 67 39 41
66 61 17 8 108 13 82 41
66 108 17 27 8 61 13 41
103 35 14 18 77 37 82 41
103 31 123 35 67 3 48 87
67 45 25 92 29 46 87 15
67 8 79 82 92 25 4 52
8 126 46 67 32 79 25 93
36 21 32 42 8 46 87 113
36 39 87 84 32 125 8 119
108 87 36 17 32 61 66 27
108 2 57 36 77 18 87 32
57 2 36 108 18 11 32 30
57 36 18 108 8 11 100 2
35 57 36 14 113 8 79 41
14 35 36 57 113 41 96 2
113 57 41 22 40 15 35 83
38 39 57 32 67 22 10 41
107 8 95 68 57 45 50 79
8 19 101 55 68 82 50 60
8 55 101 56 21 33 27 82
18 8 68 33 21 42 100 110
42 101 18 8 21 33 68 3
101 42 35 55 21 3 127 113
35 101 42 55 14 31 36 3
35 3 37 53 67 113 5 58
92 88 94 15 16 14 83 48
53 22 35 58 67 31 48 93
67 68 22 100 107 45 85 34
50 101 105 67 68 58 25 45
101 35 42 55 113 3 67 127
96 113 35 14 55 31 106 67
35 113 37 58 53 5 105 89
88 14 94 105 16 48 83 92
103 35 53 31 48 58 37 22
67 68 100 45 107 85 22 26
93 96 123 120 92 5 48 105
93 38 79 77 63 48 90 103
93 79 126 38 90 48 56 5
38 31 93 106 37 120 5 18
93 5 31 38 37 58 48 102
93 102 5 78 123 56 3 92
93 36 31 106 5 78 102 37
36 93 31 92 89 29 81 53
31 93 120 123 5 106 36 58
93 58 29 5 92 31 37 51
92 29 78 3 93 5 58 25
29 93 31 5 25 92 36 104
93 65 3 51 5 37 89 36
93 5 37 36 102 78 56 123
36 93 31 37 106 5 48 51
68 19 36 93 127 92 105 104
19 101 16 104 3 127 92 37
51 93 120 55 48 106 3 58
51 92 5 64 83 58 37 93
92 68 5 93 51 37 78 42
16 92 104 118 122 48 74 49
37 5 65 104 101 93 92 94
103 36 58 31 106 37 120 51
5 92 36 31 117 58 29 99
106 120 31 93 123 37 36 5
92 99 58 117 37 51 76 83
65 92 124 37 117 15 36 53
38 31 37 120 106 15 93 96
78 58 15 68 25 89 38 5
16 118 81 13 49 104 109 94
94 104 37 83 58 72 49 117
37 58 36 48 103 106 96 104
82 21 61 27 8 33 17 5
77 61 5 82 83 127 40 119
84 77 39 82 127 5 103 8
126 61 8 82 33 40 5 11
126 119 40 5 18 82 77 41
69 8 84 126 82 40 127 5
18 39 8 37 33 69 127 40
107 68 8 33 18 95 82 127
8 19 101 68 127 16 82 37
19 8 37 124 93 101 5 114
19 5 8 127 65 68 37 64
5 19 55 101 36 93 114 37
93 96 123 120 5 48 90 114
93 38 79 63 77 90 48 103
93 79 126 38 90 48 56 5
38 31 93 106 120 37 5 18
93 5 38 31 37 58 120 102
93 78 102 5 56 120 3 123
93 36 31 106 5 78 86 102
36 93 31 89 92 5 29 53
31 93 120 106 5 123 96 36
93 58 29 37 92 5 31 120
92 29 78 3 93 58 5 53
93 5 31 29 37 25 105 36
93 3 65 5 36 37 51 105
93 5 102 36 37 78 56 123
36 93 31 106 37 5 89 51
93 68 36 19 92 58 29 37
19 93 13 16 89 117 74 118
93 55 120 5 48 101 58 3
5 92 58 99 37 93 120 117
5 92 78 68 93 37 99 58
66 105 29 25 92 67 14 81
48 29 106 122 92 16 103 3
107 95 92 79 82 8 45 67
8 107 50 82 3 68 33 79
21 8 55 82 56 101 33 50
42 21 100 33 82 30 11 107
42 21 27 8 82 61 63 33
21 42 27 82 33 8 61 100
77 127 82 63 18 21 41 42
84 127 39 82 43 33 4 8
107 11 33 82 8 95 127 63
21 82 107 127 56 55 50 8
84 21 39 82 40 127 36 24
61 27 108 66 17 8 38 93
27 61 108 126 17 8 63 93
32 36 126 41 18 61 77 103
39 32 36 63 93 84 103 48
32 36 126 63 61 41 15 119
15 43 14 126 41 5 23 36
38 15 14 84 43 93 39 120
15 5 23 43 32 40 39 93
126 61 32 15 46 95 40 63
126 32 61 11 95 40 8 46
32 84 42 38 41 46 69 18
38 84 32 39 113 8 5 93
95 11 107 38 32 45 46 63
21 55 82 50 56 8 15 127
21 55 36 32 8 82 40 15
36 39 32 84 63 93 43 48
36 32 107 66 95 11 42 15
107 84 36 66 42 82 103 63
27 61 107 108 17 36 40 66
48 34 92 111 67 26 81 45
48 92 81 29 34 75 111 31
48 99 106 29 34 3 96 123
92 26 45 67 81 53 79 29
95 79 40 25 82 46 18 66
35 14 48 37 53 79 103 36
29 105 66 25 92 14 67 104
29 48 14 35 106 92 122 3
107 67 92 79 95 100 82 25
8 107 50 3 82 68 79 33
21 8 55 82 56 101 33 50
42 21 100 30 82 33 11 67
42 84 82 21 8 100 33 127
42 27 8 82 66 33 127 84
61 27 82 63 42 8 33 108
27 61 82 33 42 127 8 63
77 127 82 41 63 33 18 4
84 127 39 82 33 43 8 4
33 11 82 107 95 8 127 63
21 82 127 56 50 55 8 23
84 21 39 82 40 36 127 24
61 27 108 17 66 8 38 93
27 61 108 126 17 8 63 93
32 36 126 41 18 103 61 77
32 39 36 63 93 84 103 40
32 36 126 63 61 41 15 40
15 43 126 14 41 5 23 36
38 15 14 84 43 93 32 37
15 5 23 43 32 40 39 93
126 61 95 40 32 17 15 11
69 84 126 32 40 18 38 77
84 38 8 39 5 113 32 69
101 42 8 3 19 55 127 28
8 56 101 55 42 93 2 33
8 38 56 89 93 32 77 39
38 95 40 66 89 15 8 60
38 8 68 95 33 107 3 26
8 101 3 42 124 5 19 37
42 8 3 101 86 68 28 92
101 42 55 40 5 35 8 14
38 120 96 31 93 42 5 14
66 38 8 5 40 113 105 58
56 8 105 5 40 38 51 55
69 5 8 93 36 24 40 39
5 36 8 93 40 119 32 69
43 38 5 36 8 93 39 24
38 95 43 36 45 40 13 32
8 14 4 40 82 36 66 55
8 4 36 40 45 38 66 82
4 42 8 36 45 40 38 21
42 14 36 4 40 127 5 35
42 14 106 5 36 93 37 48
106 42 48 96 16 101 14 122
92 48 53 29 122 105 67 26
48 92 14 53 105 3 31 81
106 99 48 16 92 123 96 101
92 48 29 122 34 105 45 81
92 48 29 75 81 122 105 118
16 48 29 106 99 96 101 123
34 48 92 111 122 16 26 29
92 48 34 81 29 75 111 122
48 99 106 29 34 3 123 16
92 26 53 29 48 81 117 45
45 26 68 67 53 8 36 3
84 41 8 39 103 127 33 43
11 41 95 23 61 33 63 32
23 41 8 61 127 33 66 32
84 39 8 127 43 33 37 69
126 33 110 61 8 41 100 127
126 8 110 17 27 43 61 33
77 113 18 83 89 41 117 23
79 84 39 43 8 113 77 93
107 8 95 33 68 110 11 18
8 19 101 55 68 33 60 16
8 55 56 101 2 114 19 33
8 23 33 56 89 40 121 4
8 33 68 4 23 127 60 82
101 42 33 8 55 68 127 82
101 42 8 19 55 3 127 60
56 8 36 55 101 42 2 93
8 4 56 40 23 17 89 93
4 8 95 33 40 23 127 66
127 55 40 5 93 4 14 8
14 5 55 101 36 37 93 48
96 93 123 120 105 92 5 14
93 38 79 77 63 103 48 39
93 126 79 38 48 56 90 5
38 31 93 106 37 120 5 58
93 5 37 38 31 58 102 120
93 102 78 5 56 96 37 3
93 36 31 106 5 37 78 86
36 93 31 89 92 29 37 53
31 93 120 5 106 96 36 123
93 58 37 5 92 31 29 51
92 78 29 3 93 5 53 58
36 31 93 37 5 29 53 25
14 66 8 127 5 36 43 35
93 96 14 5 120 123 37 102
93 38 113 9 79 10 36 13
93 66 38 58 89 37 81 40
66 40 4 81 3 107 37 95
8 66 110 108 81 40 4 17
18 110 126 8 81 27 40 4
8 18 93 126 27 17 110 61
113 77 18 83 93 119 23 41
93 84 113 8 69 77 79 119
93 113 8 9 10 0 39 79
93 110 126 113 79 0 8 9
9 126 43 17 93 79 8 27
77 32 61 9 79 43 126 8
32 77 30 8 9 43 103 57
39 32 9 93 8 38 70 84
32 95 11 38 107 46 57 113
8 126 27 50 21 110 4 17
21 27 8 4 110 18 126 33
21 42 8 4 126 14 110 66
36 21 32 42 8 113 15 100
36 39 32 9 84 43 8 119
36 32 107 66 84 8 21 39
61 36 108 17 32 9 27 39
107 11 36 18 95 32 77 66
107 36 84 18 103 77 66 87
107 108 36 110 18 27 66 42
36 17 108 27 107 61 9 110
113 77 18 61 41 9 36 72
113 77 69 32 84 36 18 9
39 9 125 41 32 84 113 70
126 61 9 125 113 39 32 40
66 4 81 95 107 3 38 40
8 66 110 108 81 4 17 80
18 110 126 81 4 66 27 127
18 126 8 17 110 27 93 61
77 113 18 41 14 103 94 122
8 84 93 69 77 79 14 43
113 93 10 8 9 39 79 24
110 126 93 113 8 0 79 9
9 126 43 17 79 93 8 113
77 32 61 9 126 43 79 8
32 39 8 38 9 36 77 93
126 32 8 17 36 38 9 61
8 32 126 18 36 38 17 57
41 18 113 69 9 103 119 72
69 18 41 84 8 57 32 113
39 8 84 100 30 69 125 57
95 100 11 67 107 41 57 22
126 100 8 110 107 50 67 41
21 126 27 18 8 110 113 100
21 42 8 27 18 11 66 126
21 84 8 42 36 18 15 103
61 27 21 17 108 9 8 79
77 69 61 9 2 18 36 119
39 69 77 103 36 9 119 24
107 11 95 36 63 9 61 66
107 84 36 15 63 103 66 42
107 27 108 66 8 36 57 110
66 107 27 108 11 36 8 42
27 108 61 9 17 36 57 42
27 61 126 9 17 77 108 18
77 9 18 103 57 43 41 83
77 84 43 9 69 57 18 32
92 85 48 14 34 15 67 105
30 75 103 48 31 58 29 37
31 53 26 67 34 25 81 37
107 8 95 79 67 40 33 43
107 8 127 84 81 15 60 72
107 8 110 27 81 127 66 29
94 30 72 71 122 127 51 104
8 27 11 115 61 110 33 10
115 10 8 27 61 32 17 110
77 28 94 80 83 23 46 127
8 39 84 33 115 63 77 32
0 115 63 33 80 8 39 23
43 23 80 119 46 15 63 83
43 8 84 69 24 98 14 93
43 39 8 36 24 98 93 40
43 14 8 4 127 40 23 86
14 93 24 96 43 106 120 38
31 93 37 106 5 35 64 103
31 92 37 93 81 58 99 29
31 37 96 120 113 123 93 92
100 41 117 9 126 113 93 37
31 93 43 66 81 37 100 5
43 95 46 11 40 81 15 23
0 8 39 27 61 33 127 115
84 79 4 103 43 66 80 119
108 17 79 8 27 115 40 66
77 41 103 0 18 61 83 80
32 0 8 77 79 33 69 84
32 39 8 33 79 36 38 115
110 32 126 38 39 0 115 79
126 110 79 17 8 43 27 32
77 103 0 113 83 46 80 41
77 69 61 9 2 70 18 119
39 69 77 70 119 9 103 36
107 95 11 63 61 36 9 13
107 84 66 87 15 36 63 103
107 27 66 108 110 8 36 42
17 27 107 61 108 9 36 8
77 61 113 9 18 72 41 63
77 84 69 9 113 32 60 40
39 84 32 100 125 8 119 70
126 100 61 108 125 9 60 39
126 11 108 9 100 60 121 8
107 11 100 45 95 8 50 110
21 50 8 55 56 41 100 15
8 110 21 84 33 82 119 39
110 33 8 21 27 42 108 4
27 110 33 42 21 18 30 8
27 110 8 17 61 42 126 43
113 77 103 0 83 57 80 9
113 0 57 103 32 84 8 119
113 9 0 39 119 57 10 43
107 8 110 68 95 45 11 33
8 101 55 19 68 16 33 50
33 8 55 56 101 82 32 2
33 38 8 56 39 32 115 10
33 38 8 68 110 42 60 95
33 42 101 8 38 68 127 3
42 56 21 8 84 55 101 33
27 8 61 4 66 17 33 21
69 2 4 61 127 77 119 14
69 8 24 2 98 5 14 93
39 36 8 24 69 5 2 98
14 8 4 40 127 36 5 23
30 48 75 7 31 58 22 53
48 75 22 85 30 92 76 28
48 34 92 76 81 85 105 14
103 75 48 30 34 31 3 7
75 30 48 92 76 104 85 99
48 92 34 85 14 67 76 74
75 30 48 103 7 92 34 58
67 48 26 5 53 3 52 81
107 8 68 33 67 95 82 26
8 19 101 55 82 68 60 16
8 56 55 82 101 33 5 2
8 33 68 95 82 40 11 77
33 42 8 101 55 82 68 40
101 42 55 40 35 5 21 82
35 101 14 55 93 5 37 120
35 5 3 53 113 67 37 58
92 14 37 15 105 67 88 83
53 22 35 5 93 67 37 31
67 22 100 45 85 26 34 125
67 66 40 100 82 3 45 4
55 31 5 67 82 2 113 8
113 5 40 82 67 119 25 100
43 38 113 93 39 9 15 119
95 113 68 107 45 40 38 15
68 50 45 101 105 67 37 58
35 101 42 5 55 113 14 40
96 14 120 106 5 101 93 31
5 113 35 58 42 105 92 37
5 42 93 78 37 106 14 58
5 35 96 106 120 93 37 42
5 37 53 92 105 100 15 48
5 123 16 106 120 3 31 53
35 5 37 67 53 113 58 3
5 53 92 78 65 113 25 117
31 93 5 106 37 96 120 113
38 31 120 96 99 93 37 58
113 78 5 38 58 25 31 28
53 113 105 5 37 35 25 58
37 92 105 15 51 88 16 52
53 35 37 5 22 48 103 93
67 68 45 100 22 107 50 85
50 105 68 101 67 45 58 37
101 35 55 42 5 14 3 67
96 93 14 35 5 101 120 58
66 92 25 37 51 58 113 5
66 40 92 25 100 108 82 4
108 66 5 17 61 81 40 67
18 126 40 4 61 108 5 25
69 18 126 4 40 5 37 14
69 5 18 36 40 93 8 24
69 126 5 18 37 40 36 25
43 5 126 15 69 18 36 37
35 14 113 43 105 37 40 41
35 43 113 37 14 22 103 5
37 53 35 22 5 105 14 113
37 14 15 92 67 88 94 105
65 53 22 30 37 67 58 103
53 67 37 22 105 100 35 25
15 92 14 37 67 83 85 88
22 53 37 67 35 103 30 117
67 22 45 100 15 25 85 52
126 67 40 22 100 25 18 46
32 126 40 5 36 62 37 25
32 39 36 38 113 40 5 37
18 4 46 41 113 127 43 69
84 69 39 8 43 32 127 98
39 8 89 58 32 40 5 37
14 38 35 8 120 37 106 58
95 107 8 45 38 81 40 82
8 50 21 82 55 127 56 4
50 21 8 84 82 27 127 55
21 27 8 61 33 63 82 127
27 8 61 33 126 82 108 63
41 33 77 63 8 15 18 127
84 39 41 8 33 103 127 15
63 126 33 8 23 39 82 61
63 33 41 126 82 92 8 127
126 63 8 11 33 41 32 15
126 8 63 61 41 33 11 46
126 41 63 33 18 127 8 69
84 33 8 69 39 127 4 126
14 38 58 8 42 105 35 93
5 38 66 42 93 35 58 37
42 5 93 37 35 38 14 106
48 93 42 16 31 35 37 106
48 75 67 22 37 81 125 85
82 124 48 14 92 67 8 100
103 48 75 3 31 53 92 30
48 75 30 92 22 125 13 76
48 92 65 67 14 34 85 82
48 75 30 103 7 58 29 117
8 107 68 67 33 95 82 26
8 55 21 56 33 82 101 27
42 21 100 30 33 82 67 11
42 21 100 30 8 33 82 67
84 127 42 39 8 33 82 21
